✔ [8705/12392] Built SierksmaLean.Definitions.Def_Sierksma_FBTables (606ms)
✔ [8707/12392] Built SierksmaLean.Definitions.Def_Sierksma_FBTablesB (1.5s)
✔ [8708/12392] Built SierksmaLean.Definitions.Def_Common_TverbergPartitions (2.8s)
✔ [8709/12392] Built SierksmaLean.Definitions.Def_PLDegree_Chain (2.0s)
⚠ [8710/12392] Built Challenge (2.9s)
warning: Challenge.lean:10:8: declaration uses `sorry`
✔ [8712/12392] Built SierksmaLean.Proofs.Proof_PLDegree_polynomial_nonzero_open_dense (3.0s)
✔ [8713/12392] Built SierksmaLean.Proofs.Proof_PLDegree_lu_determinant_certificate (3.0s)
⚠ [8714/12392] Built SierksmaLean.Proofs.Proof_PLDegree_scaled_right_inverse_certificate (3.1s)
warning: SierksmaLean/Proofs/Proof_PLDegree_scaled_right_inverse_certificate.lean:8:28: This simp argument is unused:
  Matrix.det_smul

Hint: Omit it from the simp argument list.
  [apply] simp

Note: This linter can be disabled with `set_option linter.unusedSimpArgs false`
⚠ [8715/12392] Built SierksmaLean.Proofs.Proof_PLDegree_det4_expansion (3.4s)
warning: SierksmaLean/Proofs/Proof_PLDegree_det4_expansion.lean:34:12: This simp argument is unused:
  hs

Hint: Omit it from the simp argument list.
  [apply] simp [hf, Matrix.vecHead, Matrix.vecTail, Fin.succ]

Note: This linter can be disabled with `set_option linter.unusedSimpArgs false`
warning: SierksmaLean/Proofs/Proof_PLDegree_det4_expansion.lean:34:16: This simp argument is unused:
  Matrix.vecHead

Hint: Omit it from the simp argument list.
  [apply] simp [hf, hs, Matrix.vecTail, Fin.succ]

Note: This linter can be disabled with `set_option linter.unusedSimpArgs false`
warning: SierksmaLean/Proofs/Proof_PLDegree_det4_expansion.lean:34:32: This simp argument is unused:
  Matrix.vecTail

Hint: Omit it from the simp argument list.
  [apply] simp [hf, hs, Matrix.vecHead, Fin.succ]

Note: This linter can be disabled with `set_option linter.unusedSimpArgs false`
✔ [8716/12392] Built SierksmaLean.Statement (2.6s)
✔ [8717/12392] Built SierksmaLean.Definitions.Def_PLDegree_BoundaryOperator (2.6s)
✔ [8718/12392] Built SierksmaLean.Definitions.Def_PLDegree_AffineRayHit (2.7s)
⚠ [8719/12392] Built SierksmaLean.Theorems.Thm_PLDegree_polynomial_nonzero_open_dense (3.0s)
warning: SierksmaLean/Theorems/Thm_PLDegree_polynomial_nonzero_open_dense.lean:7:34: Variable name `hp` is not explicitly referenced.

Hint: The binding can be removed (if unused) or named `_` (if used implicitly). Alternatively, prefix the name with `_` to silence this warning:
  [apply] _hp

Note: This linter can be disabled with `set_option linter.unusedVariables false`
⚠ [8720/12392] Built SierksmaLean.Theorems.Thm_PLDegree_lu_determinant_certificate (3.0s)
warning: SierksmaLean/Theorems/Thm_PLDegree_lu_determinant_certificate.lean:9:2: Variable name `hM` is not explicitly referenced.

Hint: The binding can be removed (if unused) or named `_` (if used implicitly). Alternatively, prefix the name with `_` to silence this warning:
  [apply] _hM

Note: This linter can be disabled with `set_option linter.unusedVariables false`
warning: SierksmaLean/Theorems/Thm_PLDegree_lu_determinant_certificate.lean:9:32: Variable name `hL` is not explicitly referenced.

Hint: The binding can be removed (if unused) or named `_` (if used implicitly). Alternatively, prefix the name with `_` to silence this warning:
  [apply] _hL

Note: This linter can be disabled with `set_option linter.unusedVariables false`
warning: SierksmaLean/Theorems/Thm_PLDegree_lu_determinant_certificate.lean:10:2: Variable name `hU` is not explicitly referenced.

Hint: The binding can be removed (if unused) or named `_` (if used implicitly). Alternatively, prefix the name with `_` to silence this warning:
  [apply] _hU

Note: This linter can be disabled with `set_option linter.unusedVariables false`
warning: SierksmaLean/Theorems/Thm_PLDegree_lu_determinant_certificate.lean:11:2: Variable name `hd` is not explicitly referenced.

Hint: The binding can be removed (if unused) or named `_` (if used implicitly). Alternatively, prefix the name with `_` to silence this warning:
  [apply] _hd

Note: This linter can be disabled with `set_option linter.unusedVariables false`
✔ [8721/12392] Built SierksmaLean.Proofs.Proof_PLDegree_simplex_degree_nonzero_mem_hull (3.1s)
✔ [8722/12392] Built SierksmaLean.Definitions.Def_Sierksma_Covering (3.3s)
⚠ [8723/12392] Built SierksmaLean.Theorems.Thm_PLDegree_scaled_right_inverse_certificate (3.0s)
warning: SierksmaLean/Theorems/Thm_PLDegree_scaled_right_inverse_certificate.lean:6:78: Variable name `hd` is not explicitly referenced.

Hint: The binding can be removed (if unused) or named `_` (if used implicitly). Alternatively, prefix the name with `_` to silence this warning:
  [apply] _hd

Note: This linter can be disabled with `set_option linter.unusedVariables false`
warning: SierksmaLean/Theorems/Thm_PLDegree_scaled_right_inverse_certificate.lean:6:91: Variable name `hAB` is not explicitly referenced.

Hint: The binding can be removed (if unused) or named `_` (if used implicitly). Alternatively, prefix the name with `_` to silence this warning:
  [apply] _hAB

Note: This linter can be disabled with `set_option linter.unusedVariables false`
✔ [8724/12392] Built SierksmaLean.Proofs.Proof_Sierksma_public_count_eq (3.2s)
✔ [8725/12392] Built SierksmaLean.Theorems.Thm_PLDegree_det4_expansion (3.1s)
⚠ [8726/12392] Built SierksmaLean.Proofs.Proof_Sierksma_count_lower_of_dense (3.6s)
warning: SierksmaLean/Proofs/Proof_Sierksma_count_lower_of_dense.lean:49:14: `continuous_finset_sum` has been deprecated: Use `continuous_finsetSum` instead
warning: SierksmaLean/Proofs/Proof_Sierksma_count_lower_of_dense.lean:59:22: `Set.setOf_forall` has been deprecated: Use `Set.ofPred_forall` instead
warning: SierksmaLean/Proofs/Proof_Sierksma_count_lower_of_dense.lean:90:18: `Set.setOf_forall` has been deprecated: Use `Set.ofPred_forall` instead
warning: SierksmaLean/Proofs/Proof_Sierksma_count_lower_of_dense.lean:94:6: try 'simp' instead of 'simpa'

Note: This linter can be disabled with `set_option linter.unnecessarySimpa false`
warning: SierksmaLean/Proofs/Proof_Sierksma_count_lower_of_dense.lean:25:16: This simp argument is unused:
  eq_comm

Hint: Omit it from the simp argument list.
  [apply] simp

Note: This linter can be disabled with `set_option linter.unusedSimpArgs false`
⚠ [8727/12392] Built SierksmaLean.Proofs.Proof_PLDegree_finite_hull_zero_closed (3.6s)
warning: SierksmaLean/Proofs/Proof_PLDegree_finite_hull_zero_closed.lean:13:10: `continuous_finset_sum` has been deprecated: Use `continuous_finsetSum` instead
warning: SierksmaLean/Proofs/Proof_PLDegree_finite_hull_zero_closed.lean:47:15: `Set.mem_setOf_eq` has been deprecated: Use `Set.mem_ofPred_eq` instead
⚠ [8728/12392] Built SierksmaLean.Theorems.Thm_PLDegree_simplex_degree_nonzero_mem_hull (2.0s)
warning: SierksmaLean/Theorems/Thm_PLDegree_simplex_degree_nonzero_mem_hull.lean:8:40: Variable name `h` is not explicitly referenced.

Hint: The binding can be removed (if unused) or named `_` (if used implicitly). Alternatively, prefix the name with `_` to silence this warning:
  [apply] _h

Note: This linter can be disabled with `set_option linter.unusedVariables false`
✔ [8729/12392] Built SierksmaLean.Theorems.Thm_Sierksma_public_count_eq (2.0s)
✔ [8730/12392] Built SierksmaLean.Proofs.Proof_PLDegree_cofactor_nonzero_of_scaled_right_inverse (3.0s)
✔ [8731/12392] Built SierksmaLean.Definitions.Def_Sierksma_FractionalCover (2.0s)
✔ [8732/12392] Built SierksmaLean.Definitions.Def_Sierksma_TwistedRealization (2.9s)
⚠ [8733/12392] Built SierksmaLean.Definitions.Def_Sierksma_SignedSystem (3.1s)
warning: SierksmaLean/Definitions/Def_Sierksma_SignedSystem.lean:48:28: This simp argument is unused:
  Equiv.Perm.sign_swap

Hint: Omit it from the simp argument list.
  [apply] simp [Sierksma.SplitSign]

Note: This linter can be disabled with `set_option linter.unusedSimpArgs false`
✔ [8734/12392] Built SierksmaLean.Definitions.Def_Sierksma_Amplification (3.1s)
✔ [8735/12392] Built SierksmaLean.Proofs.Proof_Sierksma_partition_relabel_inverse_type (3.1s)
✔ [8736/12392] Built SierksmaLean.Definitions.Def_Sierksma_RelabelConstraint (3.1s)
⚠ [8737/12392] Built SierksmaLean.Theorems.Thm_Sierksma_count_lower_of_dense (2.8s)
warning: SierksmaLean/Theorems/Thm_Sierksma_count_lower_of_dense.lean:8:30: Variable name `hD` is not explicitly referenced.

Hint: The binding can be removed (if unused) or named `_` (if used implicitly). Alternatively, prefix the name with `_` to silence this warning:
  [apply] _hD

Note: This linter can be disabled with `set_option linter.unusedVariables false`
warning: SierksmaLean/Theorems/Thm_Sierksma_count_lower_of_dense.lean:9:5: Variable name `hk` is not explicitly referenced.

Hint: The binding can be removed (if unused) or named `_` (if used implicitly). Alternatively, prefix the name with `_` to silence this warning:
  [apply] _hk

Note: This linter can be disabled with `set_option linter.unusedVariables false`
✔ [8738/12392] Built SierksmaLean.Theorems.Thm_PLDegree_finite_hull_zero_closed (3.0s)
✔ [8739/12392] Built SierksmaLean.Proofs.Proof_Sierksma_respects_two_orientations (3.7s)
⚠ [8740/12392] Built SierksmaLean.Proofs.Proof_PLDegree_apex_independence (5.5s)
warning: SierksmaLean/Proofs/Proof_PLDegree_apex_independence.lean:34:57: This simp argument is unused:
  Fin.ext_iff

Hint: Omit it from the simp argument list.
  [apply] simp [rayMatrix, B, Matrix.updateRow, f]

Note: This linter can be disabled with `set_option linter.unusedSimpArgs false`
warning: SierksmaLean/Proofs/Proof_PLDegree_apex_independence.lean:94:42: This simp argument is unused:
  dite_true

Hint: Omit it from the simp argument list.
  [apply] simp only [rayMatrix, Fin.val_zero, Matrix.updateRow_self]

Note: This linter can be disabled with `set_option linter.unusedSimpArgs false`
warning: SierksmaLean/Proofs/Proof_PLDegree_apex_independence.lean:96:56: This simp argument is unused:
  Pi.add_apply

Hint: Omit it from the simp argument list.
  [apply] simp only [Fin.cons_zero, Fin.cons_succ, augment, Pi.smul_apply, Pi.sub_apply, smul_eq_mul]

Note: This linter can be disabled with `set_option linter.unusedSimpArgs false`
warning: SierksmaLean/Proofs/Proof_PLDegree_apex_independence.lean:96:70: This simp argument is unused:
  Pi.smul_apply

Hint: Omit it from the simp argument list.
  [apply] simp only [Fin.cons_zero, Fin.cons_succ, augment, Pi.add_apply, Pi.sub_apply, smul_eq_mul]

Note: This linter can be disabled with `set_option linter.unusedSimpArgs false`
warning: SierksmaLean/Proofs/Proof_PLDegree_apex_independence.lean:96:99: This simp argument is unused:
  smul_eq_mul

Hint: Omit it from the simp argument list.
  [apply] simp only [Fin.cons_zero, Fin.cons_succ, augment, Pi.add_apply, Pi.smul_apply, Pi.sub_apply]

Note: This linter can be disabled with `set_option linter.unusedSimpArgs false`
warning: SierksmaLean/Proofs/Proof_PLDegree_apex_independence.lean:148:2: Try this: 
  letI̵

The goal is a proposition, so `let` is preferred over `letI`.
The difference between `let` and `letI` is that `letI` inlines the value.
But this is not relevant for proofs because of proof irrelevance.

Note: This linter can be disabled with `set_option linter.style.haveILetI false`
warning: SierksmaLean/Proofs/Proof_PLDegree_apex_independence.lean:233:4: `push_neg` has been deprecated. Prefer using `push Not` instead.
If you'd rather continue using `push_neg` in your project, you can implement it as follows:
```
open Lean.Parser.Tactic in
macro "push_neg" cfg:optConfig loc:(location)? : tactic =>
  `(tactic| push $cfg:optConfig Not $[$loc]?)
```
warning: SierksmaLean/Proofs/Proof_PLDegree_apex_independence.lean:238:4: `push_neg` has been deprecated. Prefer using `push Not` instead.
If you'd rather continue using `push_neg` in your project, you can implement it as follows:
```
open Lean.Parser.Tactic in
macro "push_neg" cfg:optConfig loc:(location)? : tactic =>
  `(tactic| push $cfg:optConfig Not $[$loc]?)
```
warning: SierksmaLean/Proofs/Proof_PLDegree_apex_independence.lean:217:5: Variable name `ha` is not explicitly referenced.

Hint: The binding can be removed (if unused) or named `_` (if used implicitly). Alternatively, prefix the name with `_` to silence this warning:
  [apply] _ha

Note: This linter can be disabled with `set_option linter.unusedVariables false`
warning: SierksmaLean/Proofs/Proof_PLDegree_apex_independence.lean:418:14: This simp argument is unused:
  Pi.add_apply

Hint: Omit it from the simp argument list.
  [apply] simp [Pi.smul_apply, smul_eq_mul]

Note: This linter can be disabled with `set_option linter.unusedSimpArgs false`
warning: SierksmaLean/Proofs/Proof_PLDegree_apex_independence.lean:418:28: This simp argument is unused:
  Pi.smul_apply

Hint: Omit it from the simp argument list.
  [apply] simp [Pi.add_apply, smul_eq_mul]

Note: This linter can be disabled with `set_option linter.unusedSimpArgs false`
warning: SierksmaLean/Proofs/Proof_PLDegree_apex_independence.lean:418:43: This simp argument is unused:
  smul_eq_mul

Hint: Omit it from the simp argument list.
  [apply] simp [Pi.add_apply, Pi.smul_apply]

Note: This linter can be disabled with `set_option linter.unusedSimpArgs false`
warning: SierksmaLean/Proofs/Proof_PLDegree_apex_independence.lean:439:14: This simp argument is unused:
  Pi.single_apply

Hint: Omit it from the simp argument list.
  [apply] simp [hne, Ne.symm hne]

Note: This linter can be disabled with `set_option linter.unusedSimpArgs false`
warning: SierksmaLean/Proofs/Proof_PLDegree_apex_independence.lean:439:36: This simp argument is unused:
  Ne.symm hne

Hint: Omit it from the simp argument list.
  [apply] simp [Pi.single_apply, hne]

Note: This linter can be disabled with `set_option linter.unusedSimpArgs false`
warning: SierksmaLean/Proofs/Proof_PLDegree_apex_independence.lean:565:57: Try `simp at hj` instead of `simpa using hj`

Note: This linter can be disabled with `set_option linter.unnecessarySimpa false`
warning: SierksmaLean/Proofs/Proof_PLDegree_apex_independence.lean:566:36: This simp argument is unused:
  Pi.single_apply

Hint: Omit it from the simp argument list.
  [apply] simp [augment, hj, originRow, hjne, Ne.symm hjne, Pi.add_apply, Pi.smul_apply, smul_eq_mul]

Note: This linter can be disabled with `set_option linter.unusedSimpArgs false`
warning: SierksmaLean/Proofs/Proof_PLDegree_apex_independence.lean:566:59: This simp argument is unused:
  Ne.symm hjne

Hint: Omit it from the simp argument list.
  [apply] simp [augment, hj, originRow, Pi.single_apply, hjne, Pi.add_apply, Pi.smul_apply, smul_eq_mul]

Note: This linter can be disabled with `set_option linter.unusedSimpArgs false`
warning: SierksmaLean/Proofs/Proof_PLDegree_apex_independence.lean:831:13: This simp argument is unused:
  map_sum

Hint: Omit it from the simp argument list.
  [apply] simp only [map_zsmul, hface, smul_eq_mul, Finsupp.sum]

Note: This linter can be disabled with `set_option linter.unusedSimpArgs false`
warning: SierksmaLean/Proofs/Proof_PLDegree_apex_independence.lean:965:47: This simp argument is unused:
  hne

Hint: Omit it from the simp argument list.
  [apply] simp [Finset.mem_erase, Finset.mem_insert]

Note: This linter can be disabled with `set_option linter.unusedSimpArgs false`
warning: SierksmaLean/Proofs/Proof_PLDegree_apex_independence.lean:920:75: this tactic is never executed

Note: This linter can be disabled with `set_option linter.unreachableTactic false`
warning: SierksmaLean/Proofs/Proof_PLDegree_apex_independence.lean:944:45: this tactic is never executed

Note: This linter can be disabled with `set_option linter.unreachableTactic false`
warning: SierksmaLean/Proofs/Proof_PLDegree_apex_independence.lean:944:56: this tactic is never executed

Note: This linter can be disabled with `set_option linter.unreachableTactic false`
warning: SierksmaLean/Proofs/Proof_PLDegree_apex_independence.lean:920:75: Unused tactic linter: `exact Subsingleton.elim _ _` does nothing

Note: This linter can be disabled with `set_option linter.unusedTactic false`
warning: SierksmaLean/Proofs/Proof_PLDegree_apex_independence.lean:944:45: Unused tactic linter: `congr!` does nothing

Note: This linter can be disabled with `set_option linter.unusedTactic false`
warning: SierksmaLean/Proofs/Proof_PLDegree_apex_independence.lean:944:56: Unused tactic linter: `exact Subsingleton.elim _ _` does nothing

Note: This linter can be disabled with `set_option linter.unusedTactic false`
warning: SierksmaLean/Proofs/Proof_PLDegree_apex_independence.lean:1060:10: This simp argument is unused:
  Finsupp.single_apply

Hint: Omit it from the simp argument list.
  [apply] simp [hne]

Note: This linter can be disabled with `set_option linter.unusedSimpArgs false`
warning: SierksmaLean/Proofs/Proof_PLDegree_apex_independence.lean:1238:5: Variable name `hz` is not explicitly referenced.

Hint: The binding can be removed (if unused) or named `_` (if used implicitly). Alternatively, prefix the name with `_` to silence this warning:
  [apply] _hz

Note: This linter can be disabled with `set_option linter.unusedVariables false`
✔ [8741/12392] Built SierksmaLean.Definitions.Def_Sierksma_SplitCoordinate (2.6s)
⚠ [8742/12392] Built SierksmaLean.Theorems.Thm_PLDegree_cofactor_nonzero_of_scaled_right_inverse (2.0s)
warning: SierksmaLean/Theorems/Thm_PLDegree_cofactor_nonzero_of_scaled_right_inverse.lean:6:86: Variable name `hd` is not explicitly referenced.

Hint: The binding can be removed (if unused) or named `_` (if used implicitly). Alternatively, prefix the name with `_` to silence this warning:
  [apply] _hd

Note: This linter can be disabled with `set_option linter.unusedVariables false`
warning: SierksmaLean/Theorems/Thm_PLDegree_cofactor_nonzero_of_scaled_right_inverse.lean:6:99: Variable name `hAB` is not explicitly referenced.

Hint: The binding can be removed (if unused) or named `_` (if used implicitly). Alternatively, prefix the name with `_` to silence this warning:
  [apply] _hAB

Note: This linter can be disabled with `set_option linter.unusedVariables false`
warning: SierksmaLean/Theorems/Thm_PLDegree_cofactor_nonzero_of_scaled_right_inverse.lean:6:176: Variable name `hB` is not explicitly referenced.

Hint: The binding can be removed (if unused) or named `_` (if used implicitly). Alternatively, prefix the name with `_` to silence this warning:
  [apply] _hB

Note: This linter can be disabled with `set_option linter.unusedVariables false`
✔ [8743/12392] Built SierksmaLean.Theorems.Thm_Sierksma_partition_relabel_inverse_type (2.9s)
✔ [8744/12392] Built SierksmaLean.Proofs.Proof_Sierksma_public_iff (3.0s)
✔ [8745/12392] Built SierksmaLean.Definitions.Def_Sierksma_TverbergSign (3.0s)
✔ [8746/12392] Built SierksmaLean.Proofs.Proof_Sierksma_canon_colour_respects (3.2s)
✔ [8747/12392] Built SierksmaLean.Definitions.Def_Sierksma_FBChecker (3.3s)
⚠ [8748/12392] Built SierksmaLean.Theorems.Thm_Sierksma_respects_two_orientations (2.8s)
warning: SierksmaLean/Theorems/Thm_Sierksma_respects_two_orientations.lean:6:63: Variable name `hc` is not explicitly referenced.

Hint: The binding can be removed (if unused) or named `_` (if used implicitly). Alternatively, prefix the name with `_` to silence this warning:
  [apply] _hc

Note: This linter can be disabled with `set_option linter.unusedVariables false`
warning: SierksmaLean/Theorems/Thm_Sierksma_respects_two_orientations.lean:6:92: Variable name `hd` is not explicitly referenced.

Hint: The binding can be removed (if unused) or named `_` (if used implicitly). Alternatively, prefix the name with `_` to silence this warning:
  [apply] _hd

Note: This linter can be disabled with `set_option linter.unusedVariables false`
warning: SierksmaLean/Theorems/Thm_Sierksma_respects_two_orientations.lean:6:135: Variable name `hne` is not explicitly referenced.

Hint: The binding can be removed (if unused) or named `_` (if used implicitly). Alternatively, prefix the name with `_` to silence this warning:
  [apply] _hne

Note: This linter can be disabled with `set_option linter.unusedVariables false`
⚠ [8749/12392] Built SierksmaLean.Proofs.Proof_Sierksma_signed_covers (3.9s)
warning: SierksmaLean/Proofs/Proof_Sierksma_signed_covers.lean:60:49: try 'simp' instead of 'simpa'

Note: This linter can be disabled with `set_option linter.unnecessarySimpa false`
warning: SierksmaLean/Proofs/Proof_Sierksma_signed_covers.lean:299:4: `push_neg` has been deprecated. Prefer using `push Not` instead.
If you'd rather continue using `push_neg` in your project, you can implement it as follows:
```
open Lean.Parser.Tactic in
macro "push_neg" cfg:optConfig loc:(location)? : tactic =>
  `(tactic| push $cfg:optConfig Not $[$loc]?)
```
✔ [8750/12392] Built SierksmaLean.Proofs.Proof_Sierksma_classification (4.3s)
✔ [8751/12392] Built SierksmaLean.Theorems.Thm_Sierksma_public_iff (3.2s)
✔ [8752/12392] Built SierksmaLean.Proofs.Proof_Sierksma_relabel_universe (3.3s)
✔ [8753/12392] Built SierksmaLean.Definitions.Def_Sierksma_FBUtil (2.9s)
✔ [8754/12392] Built SierksmaLean.Definitions.Def_Sierksma_EngineParams (3.6s)
✔ [8755/12392] Built SierksmaLean.Proofs.Proof_Sierksma_FB_validPerm_equiv (3.3s)
✔ [8756/12392] Built SierksmaLean.Proofs.Proof_Sierksma_FB_edge_enumeration_spec (3.3s)
✔ [8757/12392] Built SierksmaLean.Definitions.Def_Sierksma_FBRun (3.3s)
✔ [8758/12392] Built SierksmaLean.Proofs.Proof_Sierksma_FB_partition_ext_internal (3.4s)
✔ [8759/12392] Built SierksmaLean.Proofs.Proof_Sierksma_FB_sharedBlock_relabel (3.4s)
✔ [8760/12392] Built SierksmaLean.Proofs.Proof_Sierksma_FB_fibre_partition_spec (3.5s)
✔ [8761/12392] Built SierksmaLean.Proofs.Proof_Sierksma_FB_three_partition_colouring (3.5s)
⚠ [8762/12392] Built SierksmaLean.Proofs.Proof_Sierksma_FB_nine_list_bridge (3.7s)
warning: SierksmaLean/Proofs/Proof_Sierksma_FB_nine_list_bridge.lean:12:8: this tactic is never executed

Note: This linter can be disabled with `set_option linter.unreachableTactic false`
warning: SierksmaLean/Proofs/Proof_Sierksma_FB_nine_list_bridge.lean:12:8: Unused tactic linter: `omega` does nothing

Note: This linter can be disabled with `set_option linter.unusedTactic false`
⚠ [8763/12392] Built SierksmaLean.Theorems.Thm_Sierksma_signed_covers (3.1s)
warning: SierksmaLean/Theorems/Thm_Sierksma_signed_covers.lean:9:5: Variable name `hy` is not explicitly referenced.

Hint: The binding can be removed (if unused) or named `_` (if used implicitly). Alternatively, prefix the name with `_` to silence this warning:
  [apply] _hy

Note: This linter can be disabled with `set_option linter.unusedVariables false`
warning: SierksmaLean/Theorems/Thm_Sierksma_signed_covers.lean:9:50: Variable name `hg` is not explicitly referenced.

Hint: The binding can be removed (if unused) or named `_` (if used implicitly). Alternatively, prefix the name with `_` to silence this warning:
  [apply] _hg

Note: This linter can be disabled with `set_option linter.unusedVariables false`
⚠ [8764/12392] Built SierksmaLean.Theorems.Thm_Sierksma_classification (3.2s)
warning: SierksmaLean/Theorems/Thm_Sierksma_classification.lean:13:24: Variable name `hP` is not explicitly referenced.

Hint: The binding can be removed (if unused) or named `_` (if used implicitly). Alternatively, prefix the name with `_` to silence this warning:
  [apply] _hP

Note: This linter can be disabled with `set_option linter.unusedVariables false`
warning: SierksmaLean/Theorems/Thm_Sierksma_classification.lean:13:67: Variable name `hQ` is not explicitly referenced.

Hint: The binding can be removed (if unused) or named `_` (if used implicitly). Alternatively, prefix the name with `_` to silence this warning:
  [apply] _hQ

Note: This linter can be disabled with `set_option linter.unusedVariables false`
warning: SierksmaLean/Theorems/Thm_Sierksma_classification.lean:13:100: Variable name `hcard` is not explicitly referenced.

Hint: The binding can be removed (if unused) or named `_` (if used implicitly). Alternatively, prefix the name with `_` to silence this warning:
  [apply] _hcard

Note: This linter can be disabled with `set_option linter.unusedVariables false`
warning: SierksmaLean/Theorems/Thm_Sierksma_classification.lean:13:121: Variable name `hz` is not explicitly referenced.

Hint: The binding can be removed (if unused) or named `_` (if used implicitly). Alternatively, prefix the name with `_` to silence this warning:
  [apply] _hz

Note: This linter can be disabled with `set_option linter.unusedVariables false`
⚠ [8765/12392] Built SierksmaLean.Proofs.Proof_Sierksma_FB_ternary_code_spec (5.0s)
warning: SierksmaLean/Proofs/Proof_Sierksma_FB_ternary_code_spec.lean:21:4: Used `tac1 <;> tac2` where `(tac1; tac2)` would suffice

Note: This linter can be disabled with `set_option linter.unnecessarySeqFocus false`
⚠ [8766/12392] Built SierksmaLean.Proofs.Proof_Sierksma_signed_relabel (5.8s)
warning: SierksmaLean/Proofs/Proof_Sierksma_signed_relabel.lean:433:49: try 'simp' instead of 'simpa'

Note: This linter can be disabled with `set_option linter.unnecessarySimpa false`
⚠ [8767/12392] Built SierksmaLean.Theorems.Thm_Sierksma_relabel_universe (3.3s)
warning: SierksmaLean/Theorems/Thm_Sierksma_relabel_universe.lean:9:5: Variable name `hQ` is not explicitly referenced.

Hint: The binding can be removed (if unused) or named `_` (if used implicitly). Alternatively, prefix the name with `_` to silence this warning:
  [apply] _hQ

Note: This linter can be disabled with `set_option linter.unusedVariables false`
✔ [8768/12392] Built SierksmaLean.Definitions.Def_Sierksma_L6Old (4.4s)
✔ [8769/12392] Built SierksmaLean.Proofs.Proof_Sierksma_last_cofactor_ratio_certificate (4.5s)
✔ [8770/12392] Built SierksmaLean.Proofs.Proof_Sierksma_FB_tab_col_c (7.8s)
⚠ [8771/12392] Built SierksmaLean.Proofs.Proof_Sierksma_dense_close_params (4.6s)
warning: SierksmaLean/Proofs/Proof_Sierksma_dense_close_params.lean:8:27: `Set.setOf_forall` has been deprecated: Use `Set.ofPred_forall` instead
⚠ [8772/12392] Built SierksmaLean.Theorems.Thm_PLDegree_apex_independence (4.6s)
warning: SierksmaLean/Theorems/Thm_PLDegree_apex_independence.lean:9:5: Variable name `hn` is not explicitly referenced.

Hint: The binding can be removed (if unused) or named `_` (if used implicitly). Alternatively, prefix the name with `_` to silence this warning:
  [apply] _hn

Note: This linter can be disabled with `set_option linter.unusedVariables false`
warning: SierksmaLean/Theorems/Thm_PLDegree_apex_independence.lean:10:5: Variable name `hz` is not explicitly referenced.

Hint: The binding can be removed (if unused) or named `_` (if used implicitly). Alternatively, prefix the name with `_` to silence this warning:
  [apply] _hz

Note: This linter can be disabled with `set_option linter.unusedVariables false`
warning: SierksmaLean/Theorems/Thm_PLDegree_apex_independence.lean:10:28: Variable name `hcycle` is not explicitly referenced.

Hint: The binding can be removed (if unused) or named `_` (if used implicitly). Alternatively, prefix the name with `_` to silence this warning:
  [apply] _hcycle

Note: This linter can be disabled with `set_option linter.unusedVariables false`
warning: SierksmaLean/Theorems/Thm_PLDegree_apex_independence.lean:11:5: Variable name `hs` is not explicitly referenced.

Hint: The binding can be removed (if unused) or named `_` (if used implicitly). Alternatively, prefix the name with `_` to silence this warning:
  [apply] _hs

Note: This linter can be disabled with `set_option linter.unusedVariables false`
warning: SierksmaLean/Theorems/Thm_PLDegree_apex_independence.lean:11:22: Variable name `hs'` is not explicitly referenced.

Hint: The binding can be removed (if unused) or named `_` (if used implicitly). Alternatively, prefix the name with `_` to silence this warning:
  [apply] _hs'

Note: This linter can be disabled with `set_option linter.unusedVariables false`
warning: SierksmaLean/Theorems/Thm_PLDegree_apex_independence.lean:12:5: Variable name `hg` is not explicitly referenced.

Hint: The binding can be removed (if unused) or named `_` (if used implicitly). Alternatively, prefix the name with `_` to silence this warning:
  [apply] _hg

Note: This linter can be disabled with `set_option linter.unusedVariables false`
warning: SierksmaLean/Theorems/Thm_PLDegree_apex_independence.lean:12:33: Variable name `hg'` is not explicitly referenced.

Hint: The binding can be removed (if unused) or named `_` (if used implicitly). Alternatively, prefix the name with `_` to silence this warning:
  [apply] _hg'

Note: This linter can be disabled with `set_option linter.unusedVariables false`
⚠ [8773/12392] Built SierksmaLean.Theorems.Thm_Sierksma_canon_colour_respects (4.7s)
warning: SierksmaLean/Theorems/Thm_Sierksma_canon_colour_respects.lean:9:5: Variable name `hQ` is not explicitly referenced.

Hint: The binding can be removed (if unused) or named `_` (if used implicitly). Alternatively, prefix the name with `_` to silence this warning:
  [apply] _hQ

Note: This linter can be disabled with `set_option linter.unusedVariables false`
✔ [8774/12392] Built SierksmaLean.Proofs.Proof_Sierksma_model_facet_tuple_dispatch (4.7s)
⚠ [8775/12392] Built SierksmaLean.Theorems.Thm_Sierksma_FB_partition_ext_internal (4.8s)
warning: SierksmaLean/Theorems/Thm_Sierksma_FB_partition_ext_internal.lean:7:5: Variable name `hQ` is not explicitly referenced.

Hint: The binding can be removed (if unused) or named `_` (if used implicitly). Alternatively, prefix the name with `_` to silence this warning:
  [apply] _hQ

Note: This linter can be disabled with `set_option linter.unusedVariables false`
warning: SierksmaLean/Theorems/Thm_Sierksma_FB_partition_ext_internal.lean:7:35: Variable name `hR` is not explicitly referenced.

Hint: The binding can be removed (if unused) or named `_` (if used implicitly). Alternatively, prefix the name with `_` to silence this warning:
  [apply] _hR

Note: This linter can be disabled with `set_option linter.unusedVariables false`
warning: SierksmaLean/Theorems/Thm_Sierksma_FB_partition_ext_internal.lean:8:5: Variable name `h` is not explicitly referenced.

Hint: The binding can be removed (if unused) or named `_` (if used implicitly). Alternatively, prefix the name with `_` to silence this warning:
  [apply] _h

Note: This linter can be disabled with `set_option linter.unusedVariables false`
✔ [8776/12392] Built SierksmaLean.Theorems.Thm_Sierksma_FB_sharedBlock_relabel (4.7s)
✔ [8777/12392] Built SierksmaLean.Theorems.Thm_Sierksma_FB_nine_list_bridge (4.6s)
⚠ [8778/12392] Built SierksmaLean.Theorems.Thm_Sierksma_FB_three_partition_colouring (4.7s)
warning: SierksmaLean/Theorems/Thm_Sierksma_FB_three_partition_colouring.lean:6:32: Variable name `hQ` is not explicitly referenced.

Hint: The binding can be removed (if unused) or named `_` (if used implicitly). Alternatively, prefix the name with `_` to silence this warning:
  [apply] _hQ

Note: This linter can be disabled with `set_option linter.unusedVariables false`
✔ [8779/12392] Built SierksmaLean.Proofs.Proof_Sierksma_last_cofactor_certificate (5.0s)
⚠ [8780/12392] Built SierksmaLean.Theorems.Thm_Sierksma_FB_fibre_partition_spec (4.9s)
warning: SierksmaLean/Theorems/Thm_Sierksma_FB_fibre_partition_spec.lean:6:27: Variable name `hs` is not explicitly referenced.

Hint: The binding can be removed (if unused) or named `_` (if used implicitly). Alternatively, prefix the name with `_` to silence this warning:
  [apply] _hs

Note: This linter can be disabled with `set_option linter.unusedVariables false`
✔ [8781/12392] Built SierksmaLean.Theorems.Thm_Sierksma_FB_edge_enumeration_spec (5.0s)
⚠ [8782/12392] Built SierksmaLean.Theorems.Thm_Sierksma_FB_validPerm_equiv (5.1s)
warning: SierksmaLean/Theorems/Thm_Sierksma_FB_validPerm_equiv.lean:6:15: Variable name `hp` is not explicitly referenced.

Hint: The binding can be removed (if unused) or named `_` (if used implicitly). Alternatively, prefix the name with `_` to silence this warning:
  [apply] _hp

Note: This linter can be disabled with `set_option linter.unusedVariables false`
⚠ [8783/12392] Built SierksmaLean.Proofs.Proof_Sierksma_rqtriple_det_formula (5.2s)
warning: SierksmaLean/Proofs/Proof_Sierksma_rqtriple_det_formula.lean:13:25: This simp argument is unused:
  Matrix.vecHead

Hint: Omit it from the simp argument list.
  [apply] simp [Matrix.of_apply, Matrix.vecTail, Pi.sub_apply]

Note: This linter can be disabled with `set_option linter.unusedSimpArgs false`
warning: SierksmaLean/Proofs/Proof_Sierksma_rqtriple_det_formula.lean:13:41: This simp argument is unused:
  Matrix.vecTail

Hint: Omit it from the simp argument list.
  [apply] simp [Matrix.of_apply, Matrix.vecHead, Pi.sub_apply]

Note: This linter can be disabled with `set_option linter.unusedSimpArgs false`
⚠ [8784/12392] Built SierksmaLean.Proofs.Proof_Sierksma_engine_generic_is_open (5.2s)
warning: SierksmaLean/Proofs/Proof_Sierksma_engine_generic_is_open.lean:9:2: Try this: 
  letI̵

The goal is a proposition, so `let` is preferred over `letI`.
The difference between `let` and `letI` is that `letI` inlines the value.
But this is not relevant for proofs because of proof irrelevance.

Note: This linter can be disabled with `set_option linter.style.haveILetI false`
warning: SierksmaLean/Proofs/Proof_Sierksma_engine_generic_is_open.lean:54:17: `Set.mem_setOf_eq` has been deprecated: Use `Set.mem_ofPred_eq` instead
✔ [8785/12392] Built SierksmaLean.Proofs.Proof_Sierksma_g1_sorted_determinants_suffice (5.3s)
✔ [8786/12392] Built SierksmaLean.Proofs.Proof_Sierksma_generic_locus_open_dense_of_nonempty (5.5s)
⚠ [8787/12392] Built SierksmaLean.Proofs.Proof_Sierksma_rqlift_determinant_eq_triple (5.5s)
warning: SierksmaLean/Proofs/Proof_Sierksma_rqlift_determinant_eq_triple.lean:18:27: This simp argument is unused:
  Matrix.vecHead

Hint: Omit it from the simp argument list.
  [apply] simp [Matrix.of_apply, Matrix.vecTail, Pi.sub_apply]

Note: This linter can be disabled with `set_option linter.unusedSimpArgs false`
warning: SierksmaLean/Proofs/Proof_Sierksma_rqlift_determinant_eq_triple.lean:18:43: This simp argument is unused:
  Matrix.vecTail

Hint: Omit it from the simp argument list.
  [apply] simp [Matrix.of_apply, Matrix.vecHead, Pi.sub_apply]

Note: This linter can be disabled with `set_option linter.unusedSimpArgs false`
⚠ [8788/12392] Built SierksmaLean.Theorems.Thm_Sierksma_FB_ternary_code_spec (3.8s)
warning: SierksmaLean/Theorems/Thm_Sierksma_FB_ternary_code_spec.lean:7:23: Variable name `hc` is not explicitly referenced.

Hint: The binding can be removed (if unused) or named `_` (if used implicitly). Alternatively, prefix the name with `_` to silence this warning:
  [apply] _hc

Note: This linter can be disabled with `set_option linter.unusedVariables false`
⚠ [8789/12392] Built SierksmaLean.Theorems.Thm_Sierksma_signed_relabel (3.8s)
warning: SierksmaLean/Theorems/Thm_Sierksma_signed_relabel.lean:10:5: Variable name `hy` is not explicitly referenced.

Hint: The binding can be removed (if unused) or named `_` (if used implicitly). Alternatively, prefix the name with `_` to silence this warning:
  [apply] _hy

Note: This linter can be disabled with `set_option linter.unusedVariables false`
⚠ [8790/12392] Built SierksmaLean.Proofs.Proof_Sierksma_g1_polynomial_affine_gp (5.6s)
warning: SierksmaLean/Proofs/Proof_Sierksma_g1_polynomial_affine_gp.lean:32:13: This simp argument is unused:
  Function.comp_def

Hint: Omit it from the simp argument list.
  [apply] simp [a]

Note: This linter can be disabled with `set_option linter.unusedSimpArgs false`
⚠ [8791/12392] Built SierksmaLean.Definitions.Def_Sierksma_FBNorm (5.8s)
warning: SierksmaLean/Definitions/Def_Sierksma_FBNorm.lean:47:14: Variable name `k` is not explicitly referenced.

Hint: The binding can be removed (if unused) or named `_` (if used implicitly). Alternatively, prefix the name with `_` to silence this warning:
  [apply] _k

Note: This linter can be disabled with `set_option linter.unusedVariables false`
✔ [8792/12392] Built SierksmaLean.Proofs.Proof_Sierksma_engine_determinants_polynomial (5.8s)
✔ [8793/12392] Built SierksmaLean.Definitions.Def_Sierksma_XB (6.7s)
✔ [8794/12392] Built SierksmaLean.Proofs.Proof_Sierksma_FB_tab_col_a2 (11s)
⚠ [8795/12392] Built SierksmaLean.Theorems.Thm_Sierksma_last_cofactor_ratio_certificate (3.6s)
warning: SierksmaLean/Theorems/Thm_Sierksma_last_cofactor_ratio_certificate.lean:8:48: Variable name `hd` is not explicitly referenced.

Hint: The binding can be removed (if unused) or named `_` (if used implicitly). Alternatively, prefix the name with `_` to silence this warning:
  [apply] _hd

Note: This linter can be disabled with `set_option linter.unusedVariables false`
warning: SierksmaLean/Theorems/Thm_Sierksma_last_cofactor_ratio_certificate.lean:9:2: Variable name `hMB` is not explicitly referenced.

Hint: The binding can be removed (if unused) or named `_` (if used implicitly). Alternatively, prefix the name with `_` to silence this warning:
  [apply] _hMB

Note: This linter can be disabled with `set_option linter.unusedVariables false`
✔ [8796/12392] Built SierksmaLean.Theorems.Thm_Sierksma_FB_tab_col_c (3.7s)
⚠ [8797/12392] Built SierksmaLean.Theorems.Thm_Sierksma_dense_close_params (3.8s)
warning: SierksmaLean/Theorems/Thm_Sierksma_dense_close_params.lean:7:30: Variable name `hS` is not explicitly referenced.

Hint: The binding can be removed (if unused) or named `_` (if used implicitly). Alternatively, prefix the name with `_` to silence this warning:
  [apply] _hS

Note: This linter can be disabled with `set_option linter.unusedVariables false`
warning: SierksmaLean/Theorems/Thm_Sierksma_dense_close_params.lean:7:74: Variable name `heps` is not explicitly referenced.

Hint: The binding can be removed (if unused) or named `_` (if used implicitly). Alternatively, prefix the name with `_` to silence this warning:
  [apply] _heps

Note: This linter can be disabled with `set_option linter.unusedVariables false`
✔ [8798/12392] Built SierksmaLean.Proofs.Proof_Sierksma_FB_tab_col_a3 (11s)
✔ [8799/12392] Built SierksmaLean.Proofs.Proof_Sierksma_FB_tab_col_a1 (11s)
⚠ [8800/12392] Built SierksmaLean.Theorems.Thm_Sierksma_model_facet_tuple_dispatch (3.8s)
warning: SierksmaLean/Theorems/Thm_Sierksma_model_facet_tuple_dispatch.lean:7:7: Variable name `h` is not explicitly referenced.

Hint: The binding can be removed (if unused) or named `_` (if used implicitly). Alternatively, prefix the name with `_` to silence this warning:
  [apply] _h

Note: This linter can be disabled with `set_option linter.unusedVariables false`
⚠ [8801/12392] Built SierksmaLean.Proofs.Proof_Sierksma_test_map_zero_equivalence (8.6s)
warning: SierksmaLean/Proofs/Proof_Sierksma_test_map_zero_equivalence.lean:154:47: This simp argument is unused:
  Pi.single_apply

Hint: Omit it from the simp argument list.
  [apply] simp [h]

Note: This linter can be disabled with `set_option linter.unusedSimpArgs false`
warning: SierksmaLean/Proofs/Proof_Sierksma_test_map_zero_equivalence.lean:156:12: This simp argument is unused:
  Pi.single_apply

Hint: Omit it from the simp argument list.
  [apply] simp [h]

Note: This linter can be disabled with `set_option linter.unusedSimpArgs false`
warning: SierksmaLean/Proofs/Proof_Sierksma_test_map_zero_equivalence.lean:185:78: This simp argument is unused:
  h02

Hint: Omit it from the simp argument list.
  [apply] simp [TestW, k.isLt, hc, h01, h12, h10, h20, h21]

Note: This linter can be disabled with `set_option linter.unusedSimpArgs false`
warning: SierksmaLean/Proofs/Proof_Sierksma_test_map_zero_equivalence.lean:185:83: This simp argument is unused:
  h12

Hint: Omit it from the simp argument list.
  [apply] simp [TestW, k.isLt, hc, h01, h02, h10, h20, h21]

Note: This linter can be disabled with `set_option linter.unusedSimpArgs false`
warning: SierksmaLean/Proofs/Proof_Sierksma_test_map_zero_equivalence.lean:190:96: This simp argument is unused:
  h01

Hint: Omit it from the simp argument list.
  [apply] simp [TestW, show ¬k.val + 4 < 4 by omega, hc, h02, h12, h10, h20, h21]

Note: This linter can be disabled with `set_option linter.unusedSimpArgs false`
warning: SierksmaLean/Proofs/Proof_Sierksma_test_map_zero_equivalence.lean:219:31: This simp argument is unused:
  show ¬(3 : ℕ) < 3 by omega

Hint: Omit it from the simp argument list.
  [apply] simp only [X, LiftCoord, dif_neg, mul_one]

Note: This linter can be disabled with `set_option linter.unusedSimpArgs false`
warning: SierksmaLean/Proofs/Proof_Sierksma_test_map_zero_equivalence.lean:219:58: This simp argument is unused:
  dif_neg

Hint: Omit it from the simp argument list.
  [apply] simp only [X, LiftCoord, show ¬(3 : ℕ) < 3 by omega, mul_one]

Note: This linter can be disabled with `set_option linter.unusedSimpArgs false`
warning: SierksmaLean/Proofs/Proof_Sierksma_test_map_zero_equivalence.lean:219:67: This simp argument is unused:
  mul_one

Hint: Omit it from the simp argument list.
  [apply] simp only [X, LiftCoord, show ¬(3 : ℕ) < 3 by omega, dif_neg]

Note: This linter can be disabled with `set_option linter.unusedSimpArgs false`
warning: SierksmaLean/Proofs/Proof_Sierksma_test_map_zero_equivalence.lean:383:13: This simp argument is unused:
  Function.comp_def

Hint: Omit it from the simp argument list.
  [apply] simp [a]

Note: This linter can be disabled with `set_option linter.unusedSimpArgs false`
warning: SierksmaLean/Proofs/Proof_Sierksma_test_map_zero_equivalence.lean:419:27: This simp argument is unused:
  Matrix.vecTail

Hint: Omit it from the simp argument list.
  [apply] simp [Matrix.of_apply, Matrix.vecHead, Pi.sub_apply]

Note: This linter can be disabled with `set_option linter.unusedSimpArgs false`
warning: SierksmaLean/Proofs/Proof_Sierksma_test_map_zero_equivalence.lean:419:43: This simp argument is unused:
  Matrix.vecHead

Hint: Omit it from the simp argument list.
  [apply] simp [Matrix.of_apply, Matrix.vecTail, Pi.sub_apply]

Note: This linter can be disabled with `set_option linter.unusedSimpArgs false`
warning: SierksmaLean/Proofs/Proof_Sierksma_test_map_zero_equivalence.lean:679:32: This simp argument is unused:
  hkne

Hint: Omit it from the simp argument list.
  [apply] simp [b, Pi.single_apply, Ne.symm hkne]

Note: This linter can be disabled with `set_option linter.unusedSimpArgs false`
warning: SierksmaLean/Proofs/Proof_Sierksma_test_map_zero_equivalence.lean:679:37: This simp argument is unused:
  Ne.symm hkne

Hint: Omit it from the simp argument list.
  [apply] simp [b, Pi.single_apply, hkne]

Note: This linter can be disabled with `set_option linter.unusedSimpArgs false`
✔ [8802/12392] Built SierksmaLean.Proofs.Proof_Sierksma_FB_tab_col_a0 (11s)
⚠ [8803/12392] Built SierksmaLean.Theorems.Thm_Sierksma_last_cofactor_certificate (3.7s)
warning: SierksmaLean/Theorems/Thm_Sierksma_last_cofactor_certificate.lean:7:48: Variable name `hd` is not explicitly referenced.

Hint: The binding can be removed (if unused) or named `_` (if used implicitly). Alternatively, prefix the name with `_` to silence this warning:
  [apply] _hd

Note: This linter can be disabled with `set_option linter.unusedVariables false`
warning: SierksmaLean/Theorems/Thm_Sierksma_last_cofactor_certificate.lean:7:61: Variable name `hMB` is not explicitly referenced.

Hint: The binding can be removed (if unused) or named `_` (if used implicitly). Alternatively, prefix the name with `_` to silence this warning:
  [apply] _hMB

Note: This linter can be disabled with `set_option linter.unusedVariables false`
warning: SierksmaLean/Theorems/Thm_Sierksma_last_cofactor_certificate.lean:7:112: Variable name `hB` is not explicitly referenced.

Hint: The binding can be removed (if unused) or named `_` (if used implicitly). Alternatively, prefix the name with `_` to silence this warning:
  [apply] _hB

Note: This linter can be disabled with `set_option linter.unusedVariables false`
✔ [8804/12392] Built SierksmaLean.Proofs.Proof_Sierksma_FB_edge_transport_endpoints (3.9s)
⚠ [8805/12392] Built SierksmaLean.Theorems.Thm_Sierksma_generic_locus_open_dense_of_nonempty (3.5s)
warning: SierksmaLean/Theorems/Thm_Sierksma_generic_locus_open_dense_of_nonempty.lean:7:7: Variable name `h` is not explicitly referenced.

Hint: The binding can be removed (if unused) or named `_` (if used implicitly). Alternatively, prefix the name with `_` to silence this warning:
  [apply] _h

Note: This linter can be disabled with `set_option linter.unusedVariables false`
✔ [8806/12392] Built SierksmaLean.Theorems.Thm_Sierksma_rqtriple_det_formula (3.8s)
✔ [8807/12392] Built SierksmaLean.Theorems.Thm_Sierksma_rqlift_determinant_eq_triple (3.6s)
✔ [8808/12392] Built SierksmaLean.Proofs.Proof_Sierksma_FB_rgs_canonical (4.2s)
✔ [8809/12392] Built SierksmaLean.Theorems.Thm_Sierksma_engine_determinants_polynomial (3.9s)
⚠ [8810/12392] Built SierksmaLean.Theorems.Thm_Sierksma_g1_polynomial_affine_gp (4.3s)
warning: SierksmaLean/Theorems/Thm_Sierksma_g1_polynomial_affine_gp.lean:7:24: Variable name `h` is not explicitly referenced.

Hint: The binding can be removed (if unused) or named `_` (if used implicitly). Alternatively, prefix the name with `_` to silence this warning:
  [apply] _h

Note: This linter can be disabled with `set_option linter.unusedVariables false`
✔ [8811/12392] Built SierksmaLean.Proofs.Proof_Sierksma_rational_generic_real_bridge (4.0s)
⚠ [8812/12392] Built SierksmaLean.Theorems.Thm_Sierksma_g1_sorted_determinants_suffice (4.3s)
warning: SierksmaLean/Theorems/Thm_Sierksma_g1_sorted_determinants_suffice.lean:7:22: Variable name `h` is not explicitly referenced.

Hint: The binding can be removed (if unused) or named `_` (if used implicitly). Alternatively, prefix the name with `_` to silence this warning:
  [apply] _h

Note: This linter can be disabled with `set_option linter.unusedVariables false`
⚠ [8813/12392] Built SierksmaLean.Proofs.Proof_Sierksma_FB_Kbuild_spec (4.2s)
warning: SierksmaLean/Proofs/Proof_Sierksma_FB_Kbuild_spec.lean:21:16: This simp argument is unused:
  hp

Hint: Omit it from the simp argument list.
  [apply] simp [Nat.shiftLeft_eq', Nat.shiftLeft_eq, Nat.one_mul, Nat.testBit_two_pow]

Note: This linter can be disabled with `set_option linter.unusedSimpArgs false`
warning: SierksmaLean/Proofs/Proof_Sierksma_FB_Kbuild_spec.lean:21:57: This simp argument is unused:
  Nat.one_mul

Hint: Omit it from the simp argument list.
  [apply] simp [hp, Nat.shiftLeft_eq', Nat.shiftLeft_eq, Nat.testBit_two_pow]

Note: This linter can be disabled with `set_option linter.unusedSimpArgs false`
warning: SierksmaLean/Proofs/Proof_Sierksma_FB_Kbuild_spec.lean:21:70: This simp argument is unused:
  Nat.testBit_two_pow

Hint: Omit it from the simp argument list.
  [apply] simp [hp, Nat.shiftLeft_eq', Nat.shiftLeft_eq, Nat.one_mul]

Note: This linter can be disabled with `set_option linter.unusedSimpArgs false`
warning: SierksmaLean/Proofs/Proof_Sierksma_FB_Kbuild_spec.lean:24:16: This simp argument is unused:
  hp

Hint: Omit it from the simp argument list.
  [apply] simp [Nat.shiftLeft_eq', Nat.shiftLeft_eq, Nat.one_mul, Nat.testBit_two_pow, hx, Ne.symm hx, hlt]

Note: This linter can be disabled with `set_option linter.unusedSimpArgs false`
warning: SierksmaLean/Proofs/Proof_Sierksma_FB_Kbuild_spec.lean:24:57: This simp argument is unused:
  Nat.one_mul

Hint: Omit it from the simp argument list.
  [apply] simp [hp, Nat.shiftLeft_eq', Nat.shiftLeft_eq, Nat.testBit_two_pow, hx, Ne.symm hx, hlt]

Note: This linter can be disabled with `set_option linter.unusedSimpArgs false`
warning: SierksmaLean/Proofs/Proof_Sierksma_FB_Kbuild_spec.lean:24:70: This simp argument is unused:
  Nat.testBit_two_pow

Hint: Omit it from the simp argument list.
  [apply] simp [hp, Nat.shiftLeft_eq', Nat.shiftLeft_eq, Nat.one_mul, hx, Ne.symm hx, hlt]

Note: This linter can be disabled with `set_option linter.unusedSimpArgs false`
warning: SierksmaLean/Proofs/Proof_Sierksma_FB_Kbuild_spec.lean:25:12: This simp argument is unused:
  hx

Hint: Omit it from the simp argument list.
  [apply] simp [hp, Nat.shiftLeft_eq', Nat.shiftLeft_eq, Nat.one_mul, Nat.testBit_two_pow, Ne.symm hx, hlt]

Note: This linter can be disabled with `set_option linter.unusedSimpArgs false`
✔ [8814/12392] Built SierksmaLean.Theorems.Thm_Sierksma_engine_generic_is_open (5.1s)
✔ [8815/12392] Built SierksmaLean.Definitions.Def_Sierksma_FBNormP (4.8s)
✔ [8816/12392] Built SierksmaLean.Proofs.Proof_Sierksma_FB_finite_core_box_aux (4.9s)
✔ [8817/12392] Built SierksmaLean.Theorems.Thm_Sierksma_FB_tab_col_a2 (3.7s)
✔ [8818/12392] Built SierksmaLean.Theorems.Thm_Sierksma_FB_tab_col_a3 (3.9s)
✔ [8819/12392] Built SierksmaLean.Proofs.Proof_Sierksma_FB_tab_colD0 (12s)
⚠ [8820/12392] Built SierksmaLean.Proofs.Proof_Sierksma_model_facet_certificate (4.6s)
warning: SierksmaLean/Proofs/Proof_Sierksma_model_facet_certificate.lean:27:4: Try this: intro i hz
✔ [8821/12392] Built SierksmaLean.Theorems.Thm_Sierksma_test_map_zero_equivalence (4.2s)
✔ [8822/12392] Built SierksmaLean.Theorems.Thm_Sierksma_FB_tab_col_a1 (4.3s)
✔ [8823/12392] Built SierksmaLean.Theorems.Thm_Sierksma_FB_tab_col_a0 (4.5s)
✔ [8824/12392] Built SierksmaLean.Proofs.Proof_Sierksma_FB_tab_colD1 (13s)
✔ [8825/12392] Built SierksmaLean.Proofs.Proof_Sierksma_FB_tab_colD3 (14s)
✔ [8826/12392] Built SierksmaLean.Proofs.Proof_Sierksma_WitnessSign_prefix_000000 (5.2s)
✔ [8827/12392] Built SierksmaLean.Proofs.Proof_Sierksma_WitnessSign_prefix_000001 (5.3s)
✔ [8828/12392] Built SierksmaLean.Proofs.Proof_Sierksma_WitnessSign_prefix_000010 (5.3s)
✔ [8829/12392] Built SierksmaLean.Proofs.Proof_Sierksma_WitnessSign_prefix_000100 (6.3s)
✔ [8830/12392] Built SierksmaLean.Proofs.Proof_Sierksma_FB_tab_colD2 (15s)
✔ [8831/12392] Built SierksmaLean.Proofs.Proof_Sierksma_WitnessSign_prefix_000020 (7.1s)
✔ [8832/12392] Built SierksmaLean.Proofs.Proof_Sierksma_WitnessSign_prefix_000200 (7.2s)
✔ [8833/12392] Built SierksmaLean.Proofs.Proof_Sierksma_WitnessSign_prefix_001000 (6.8s)
✔ [8834/12392] Built SierksmaLean.Definitions.Def_Sierksma_XA2 (16s)
✔ [8835/12392] Built SierksmaLean.Definitions.Def_Sierksma_XA1 (16s)
✔ [8836/12392] Built SierksmaLean.Proofs.Proof_Sierksma_generic_witness_g1_sorted (17s)
✔ [8837/12392] Built SierksmaLean.Proofs.Proof_Sierksma_FB_tab_colB0 (17s)
✔ [8838/12392] Built SierksmaLean.Proofs.Proof_Sierksma_FB_tab_colB3 (18s)
✔ [8839/12392] Built SierksmaLean.Proofs.Proof_Sierksma_WitnessSign_prefix_000220 (9.9s)
✔ [8840/12392] Built SierksmaLean.Proofs.Proof_Sierksma_FB_tab_colB2 (19s)
✔ [8841/12392] Built SierksmaLean.Proofs.Proof_Sierksma_WitnessSign_prefix_000012 (10s)
✔ [8842/12392] Built SierksmaLean.Proofs.Proof_Sierksma_WitnessSign_prefix_000022 (10s)
✔ [8843/12392] Built SierksmaLean.Proofs.Proof_Sierksma_FB_tab_colB1 (19s)
✔ [8844/12392] Built SierksmaLean.Proofs.Proof_Sierksma_WitnessSign_prefix_000110 (10s)
✔ [8845/12392] Built SierksmaLean.Proofs.Proof_Sierksma_WitnessSign_prefix_000210 (10s)
✔ [8846/12392] Built SierksmaLean.Definitions.Def_Sierksma_XA0 (19s)
✔ [8847/12392] Built SierksmaLean.Proofs.Proof_Sierksma_WitnessSign_prefix_000101 (11s)
✔ [8848/12392] Built SierksmaLean.Proofs.Proof_Sierksma_WitnessSign_prefix_000102 (11s)
✔ [8849/12392] Built SierksmaLean.Proofs.Proof_Sierksma_WitnessSign_prefix_001010 (10s)
✔ [8850/12392] Built SierksmaLean.Proofs.Proof_Sierksma_WitnessSign_prefix_000011 (11s)
✔ [8851/12392] Built SierksmaLean.Proofs.Proof_Sierksma_WitnessSign_prefix_000120 (11s)
✔ [8852/12392] Built SierksmaLean.Proofs.Proof_Sierksma_WitnessSign_prefix_000201 (11s)
✔ [8853/12392] Built SierksmaLean.Proofs.Proof_Sierksma_WitnessSign_prefix_000021 (11s)
✔ [8854/12392] Built SierksmaLean.Proofs.Proof_Sierksma_WitnessSign_prefix_001001 (11s)
✔ [8855/12392] Built SierksmaLean.Proofs.Proof_Sierksma_WitnessSign_prefix_000202 (11s)
✔ [8856/12392] Built SierksmaLean.Proofs.Proof_Sierksma_WitnessSign_prefix_002000 (4.6s)
✔ [8857/12392] Built SierksmaLean.Proofs.Proof_Sierksma_WitnessSign_prefix_001020 (11s)
✔ [8858/12392] Built SierksmaLean.Proofs.Proof_Sierksma_WitnessSign_prefix_001111 (9.1s)
✔ [8859/12392] Built SierksmaLean.Proofs.Proof_Sierksma_WitnessSign_prefix_001100 (11s)
✔ [8860/12392] Built SierksmaLean.Proofs.Proof_Sierksma_WitnessSign_prefix_001002 (12s)
✔ [8861/12392] Built SierksmaLean.Proofs.Proof_Sierksma_WitnessSign_prefix_000111 (14s)
✔ [8862/12392] Built SierksmaLean.Proofs.Proof_Sierksma_WitnessSign_prefix_001200 (9.0s)
✔ [8863/12392] Built SierksmaLean.Proofs.Proof_Sierksma_WitnessSign_prefix_000222 (15s)
✔ [8864/12392] Built SierksmaLean.Proofs.Proof_Sierksma_WitnessSign_prefix_001011 (15s)
✔ [8865/12392] Built SierksmaLean.Proofs.Proof_Sierksma_WitnessSign_prefix_001110 (13s)
✔ [8866/12392] Built SierksmaLean.Proofs.Proof_Sierksma_WitnessSign_prefix_000212 (17s)
✔ [8867/12392] Built SierksmaLean.Proofs.Proof_Sierksma_WitnessSign_prefix_001101 (14s)
✔ [8868/12392] Built SierksmaLean.Proofs.Proof_Sierksma_WitnessSign_prefix_002001 (9.7s)
✔ [8869/12392] Built SierksmaLean.Proofs.Proof_Sierksma_WitnessSign_prefix_000112 (17s)
✔ [8870/12392] Built SierksmaLean.Proofs.Proof_Sierksma_WitnessSign_prefix_000121 (18s)
✔ [8871/12392] Built SierksmaLean.Proofs.Proof_Sierksma_WitnessSign_prefix_000211 (18s)
✔ [8872/12392] Built SierksmaLean.Proofs.Proof_Sierksma_WitnessSign_prefix_002002 (9.8s)
✔ [8873/12392] Built SierksmaLean.Proofs.Proof_Sierksma_WitnessSign_prefix_002010 (10s)
✔ [8874/12392] Built SierksmaLean.Proofs.Proof_Sierksma_WitnessSign_prefix_002020 (8.8s)
✔ [8875/12392] Built SierksmaLean.Proofs.Proof_Sierksma_WitnessSign_prefix_000122 (18s)
✔ [8876/12392] Built SierksmaLean.Proofs.Proof_Sierksma_WitnessSign_prefix_010000 (4.7s)
✔ [8877/12392] Built SierksmaLean.Proofs.Proof_Sierksma_WitnessSign_prefix_000221 (20s)
✔ [8878/12392] Built SierksmaLean.Proofs.Proof_Sierksma_WitnessSign_prefix_001012 (19s)
✔ [8879/12392] Built SierksmaLean.Proofs.Proof_Sierksma_WitnessSign_prefix_001022 (18s)
✔ [8880/12392] Built SierksmaLean.Proofs.Proof_Sierksma_WitnessSign_prefix_002100 (9.8s)
✔ [8881/12392] Built SierksmaLean.Proofs.Proof_Sierksma_WitnessSign_prefix_002200 (9.3s)
✔ [8882/12392] Built SierksmaLean.Proofs.Proof_Sierksma_WitnessSign_prefix_001021 (19s)
✔ [8883/12392] Built SierksmaLean.Proofs.Proof_Sierksma_WitnessSign_prefix_001112 (17s)
✔ [8884/12392] Built SierksmaLean.Proofs.Proof_Sierksma_WitnessSign_prefix_001102 (18s)
✔ [8885/12392] Built SierksmaLean.Proofs.Proof_Sierksma_WitnessSign_prefix_001120 (18s)
✔ [8886/12392] Built SierksmaLean.Proofs.Proof_Sierksma_WitnessSign_prefix_001121 (18s)
✔ [8887/12392] Built SierksmaLean.Proofs.Proof_Sierksma_WitnessSign_prefix_001210 (17s)
✔ [8888/12392] Built SierksmaLean.Proofs.Proof_Sierksma_WitnessSign_prefix_001202 (17s)
✔ [8889/12392] Built SierksmaLean.Proofs.Proof_Sierksma_WitnessSign_prefix_002222 (9.4s)
✔ [8890/12392] Built SierksmaLean.Proofs.Proof_Sierksma_WitnessSign_prefix_001201 (18s)
✔ [8891/12392] Built SierksmaLean.Proofs.Proof_Sierksma_WitnessSign_prefix_002022 (13s)
✔ [8892/12392] Built SierksmaLean.Proofs.Proof_Sierksma_WitnessSign_prefix_001211 (17s)
✔ [8893/12392] Built SierksmaLean.Proofs.Proof_Sierksma_WitnessSign_prefix_010001 (9.1s)
✔ [8894/12392] Built SierksmaLean.Proofs.Proof_Sierksma_WitnessSign_prefix_001222 (17s)
✔ [8895/12392] Built SierksmaLean.Proofs.Proof_Sierksma_WitnessSign_prefix_002202 (12s)
⚠ [8896/12392] Built SierksmaLean.Proofs.Proof_Sierksma_FB_tab_pe (37s)
warning: SierksmaLean/Proofs/Proof_Sierksma_FB_tab_pe.lean:14:62: exponent 1855 exceeds the threshold 256, exponentiation operation was not evaluated, use `set_option exponentiation.threshold <num>` to set a new threshold
✔ [8897/12392] Built SierksmaLean.Proofs.Proof_Sierksma_WitnessSign_prefix_001220 (18s)
✔ [8898/12392] Built SierksmaLean.Proofs.Proof_Sierksma_WitnessSign_prefix_001122 (21s)
✔ [8899/12392] Built SierksmaLean.Proofs.Proof_Sierksma_WitnessSign_prefix_010010 (9.5s)
✔ [8900/12392] Built SierksmaLean.Proofs.Proof_Sierksma_WitnessSign_prefix_002220 (13s)
✔ [8901/12392] Built SierksmaLean.Proofs.Proof_Sierksma_WitnessSign_prefix_010002 (10s)
⚠ [8902/12392] Built SierksmaLean.Proofs.Proof_Sierksma_coefficients_to_signed_system (35s)
warning: SierksmaLean/Proofs/Proof_Sierksma_coefficients_to_signed_system.lean:78:24: This simp argument is unused:
  add_mul

Hint: Omit it from the simp argument list.
  [apply] simp only [mul_add, Finset.sum_add_distrib, Finset.sum_mul, Finset.mul_sum]

Note: This linter can be disabled with `set_option linter.unusedSimpArgs false`
warning: SierksmaLean/Proofs/Proof_Sierksma_coefficients_to_signed_system.lean:120:391: This simp argument is unused:
  zero_add

Hint: Omit it from the simp argument list.
  [apply] simp only [a, show (∅ : Finset (Fin 4)) ≠ { 2, 3 } from by decide,
    show (∅ : Finset (Fin 4)) ≠ { 1, 3 } from by decide, show (∅ : Finset (Fin 4)) ≠ { 1, 2 } from by decide,
    show (∅ : Finset (Fin 4)) ≠ {0, 3} from by decide, show (∅ : Finset (Fin 4)) ≠ {0, 2} from by decide,
    show (∅ : Finset (Fin 4)) ≠ {0, 1} from by decide, show (∅ : Finset (Fin 4)) ≠ {0, 1, 2, 3} from by decide,
    if_false, if_true, add_zero] at hx

Note: This linter can be disabled with `set_option linter.unusedSimpArgs false`
warning: SierksmaLean/Proofs/Proof_Sierksma_coefficients_to_signed_system.lean:125:50: This simp argument is unused:
  mul_comm

Hint: Omit it from the simp argument list.
  [apply] simp only [Finset.mul_sum, mul_assoc, mul_left_comm]

Note: This linter can be disabled with `set_option linter.unusedSimpArgs false`
warning: SierksmaLean/Proofs/Proof_Sierksma_coefficients_to_signed_system.lean:205:49: try 'simp' instead of 'simpa'

Note: This linter can be disabled with `set_option linter.unnecessarySimpa false`
✔ [8903/12392] Built SierksmaLean.Proofs.Proof_Sierksma_WitnessSign_prefix_002011 (18s)
✔ [8904/12392] Built SierksmaLean.Proofs.Proof_Sierksma_WitnessSign_prefix_001212 (20s)
✔ [8905/12392] Built SierksmaLean.Proofs.Proof_Sierksma_WitnessSign_prefix_002012 (17s)
✔ [8906/12392] Built SierksmaLean.Proofs.Proof_Sierksma_WitnessSign_prefix_010020 (9.9s)
✔ [8907/12392] Built SierksmaLean.Proofs.Proof_Sierksma_WitnessSign_prefix_010100 (9.2s)
✔ [8908/12392] Built SierksmaLean.Proofs.Proof_Sierksma_WitnessSign_prefix_010111 (9.1s)
⚠ [8909/12392] Built SierksmaLean.Proofs.Proof_Sierksma_hexagon_join_cycle (36s)
warning: SierksmaLean/Proofs/Proof_Sierksma_hexagon_join_cycle.lean:46:23: This simp argument is unused:
  he

Hint: Omit it from the simp argument list.
  [apply] simp only [HexTuple, hg] at h

Note: This linter can be disabled with `set_option linter.unusedSimpArgs false`
warning: SierksmaLean/Proofs/Proof_Sierksma_hexagon_join_cycle.lean:78:16: `Finsupp.finset_sum_apply` has been deprecated: Use `Finsupp.finsetSum_apply` instead
warning: SierksmaLean/Proofs/Proof_Sierksma_hexagon_join_cycle.lean:107:30: This simp argument is unused:
  if_pos hbound

Hint: Omit it from the simp argument list.
  [apply] simp only [ShiftVertex, HexTuple] at heq

Note: This linter can be disabled with `set_option linter.unusedSimpArgs false`
warning: SierksmaLean/Proofs/Proof_Sierksma_hexagon_join_cycle.lean:110:28: This simp argument is unused:
  if_pos hbound

Hint: Omit it from the simp argument list.
  [apply] simp only [ShiftVertex, HexTuple, hf, hblock] at heq

Note: This linter can be disabled with `set_option linter.unusedSimpArgs false`
warning: SierksmaLean/Proofs/Proof_Sierksma_hexagon_join_cycle.lean:110:53: This simp argument is unused:
  hf

Hint: Omit it from the simp argument list.
  [apply] simp only [ShiftVertex, if_pos hbound, HexTuple, hblock] at heq

Note: This linter can be disabled with `set_option linter.unusedSimpArgs false`
warning: SierksmaLean/Proofs/Proof_Sierksma_hexagon_join_cycle.lean:165:26: This simp argument is unused:
  and_true

Hint: Omit it from the simp argument list.
  [apply] simp only [and_false, false_and, true_and, ite_false, ite_true, add_zero, zero_add]

Note: This linter can be disabled with `set_option linter.unusedSimpArgs false`
warning: SierksmaLean/Proofs/Proof_Sierksma_hexagon_join_cycle.lean:165:68: This simp argument is unused:
  ite_true

Hint: Omit it from the simp argument list.
  [apply] simp only [and_false, and_true, false_and, true_and, ite_false, add_zero, zero_add]

Note: This linter can be disabled with `set_option linter.unusedSimpArgs false`
warning: SierksmaLean/Proofs/Proof_Sierksma_hexagon_join_cycle.lean:217:62: This simp argument is unused:
  add_zero

Hint: Omit it from the simp argument list.
  [apply] simp only [step_lt, lt_self_iff_false, ite_false, zero_add]

Note: This linter can be disabled with `set_option linter.unusedSimpArgs false`
warning: SierksmaLean/Proofs/Proof_Sierksma_hexagon_join_cycle.lean:221:31: This simp argument is unused:
  Fin.ext_iff

Hint: Omit it from the simp argument list.
  [apply] simp only [step, Fin.lt_def]

Note: This linter can be disabled with `set_option linter.unusedSimpArgs false`
warning: SierksmaLean/Proofs/Proof_Sierksma_hexagon_join_cycle.lean:231:72: This simp argument is unused:
  zero_add

Hint: Omit it from the simp argument list.
  [apply] simp only [step_gt, lt_self_iff_false, ite_false, add_zero]

Note: This linter can be disabled with `set_option linter.unusedSimpArgs false`
warning: SierksmaLean/Proofs/Proof_Sierksma_hexagon_join_cycle.lean:402:18: This simp argument is unused:
  Fin.reduceEq

Hint: Omit it from the simp argument list.
  [apply] simp only [hb, ite_false, shiftAll_apply]

Note: This linter can be disabled with `set_option linter.unusedSimpArgs false`
warning: SierksmaLean/Proofs/Proof_Sierksma_hexagon_join_cycle.lean:402:31: This simp argument is unused:
  ite_false

Hint: Omit it from the simp argument list.
  [apply] simp only [hb, Fin.reduceEq, shiftAll_apply]

Note: This linter can be disabled with `set_option linter.unusedSimpArgs false`
✔ [8910/12392] Built SierksmaLean.Proofs.Proof_Sierksma_WitnessSign_prefix_002101 (17s)
✔ [8911/12392] Built SierksmaLean.Proofs.Proof_Sierksma_WitnessSign_prefix_002111 (17s)
✔ [8912/12392] Built SierksmaLean.Proofs.Proof_Sierksma_WitnessSign_prefix_002102 (17s)
✔ [8913/12392] Built SierksmaLean.Proofs.Proof_Sierksma_WitnessSign_prefix_002122 (17s)
✔ [8914/12392] Built SierksmaLean.Proofs.Proof_Sierksma_WitnessSign_prefix_001221 (21s)
✔ [8915/12392] Built SierksmaLean.Proofs.Proof_Sierksma_WitnessSign_prefix_002021 (18s)
✔ [8916/12392] Built SierksmaLean.Proofs.Proof_Sierksma_WitnessSign_prefix_002110 (18s)
✔ [8917/12392] Built SierksmaLean.Proofs.Proof_Sierksma_WitnessSign_prefix_002120 (17s)
✔ [8918/12392] Built SierksmaLean.Proofs.Proof_Sierksma_WitnessSign_prefix_002201 (17s)
✔ [8919/12392] Built SierksmaLean.Proofs.Proof_Sierksma_WitnessSign_prefix_002210 (17s)
✔ [8920/12392] Built SierksmaLean.Proofs.Proof_Sierksma_WitnessSign_prefix_002212 (17s)
✔ [8921/12392] Built SierksmaLean.Proofs.Proof_Sierksma_WitnessSign_prefix_010011 (13s)
✔ [8922/12392] Built SierksmaLean.Proofs.Proof_Sierksma_WitnessSign_prefix_002221 (16s)
✔ [8923/12392] Built SierksmaLean.Proofs.Proof_Sierksma_WitnessSign_prefix_010200 (10s)
⚠ [8924/12392] Built SierksmaLean.Proofs.Proof_Sierksma_FB_run_sound (39s)
warning: SierksmaLean/Proofs/Proof_Sierksma_FB_run_sound.lean:17:62: exponent 1855 exceeds the threshold 256, exponentiation operation was not evaluated, use `set_option exponentiation.threshold <num>` to set a new threshold
warning: SierksmaLean/Proofs/Proof_Sierksma_FB_run_sound.lean:238:6: Try `simp at hw` instead of `simpa using hw`

Note: This linter can be disabled with `set_option linter.unnecessarySimpa false`
warning: SierksmaLean/Proofs/Proof_Sierksma_FB_run_sound.lean:248:80: This simp argument is unused:
  Nat.sub_eq

Hint: Omit it from the simp argument list.
  [apply] simp only [Bool.and_eq_true, Bool.or_eq_true, Nat.blt_eq, Nat.beq_eq] at hp

Note: This linter can be disabled with `set_option linter.unusedSimpArgs false`
warning: SierksmaLean/Proofs/Proof_Sierksma_FB_run_sound.lean:268:78: This simp argument is unused:
  Nat.sub_eq

Hint: Omit it from the simp argument list.
  [apply] simp only [Bool.and_eq_true, Bool.or_eq_true, Nat.blt_eq, Nat.beq_eq] at hp

Note: This linter can be disabled with `set_option linter.unusedSimpArgs false`
warning: SierksmaLean/Proofs/Proof_Sierksma_FB_run_sound.lean:434:12: This simp argument is unused:
  hb

Hint: Omit it from the simp argument list.
  [apply] simp [hn]

Note: This linter can be disabled with `set_option linter.unusedSimpArgs false`
warning: SierksmaLean/Proofs/Proof_Sierksma_FB_run_sound.lean:436:12: This simp argument is unused:
  hb

Hint: Omit it from the simp argument list.
  [apply] simp [hi]

Note: This linter can be disabled with `set_option linter.unusedSimpArgs false`
warning: SierksmaLean/Proofs/Proof_Sierksma_FB_run_sound.lean:489:45: This simp argument is unused:
  if_pos rfl

Hint: Omit it from the simp argument list.
  [apply] simp only [Bool.cond_eq_ite, Nat.beq_eq, Nat.blt_eq, Nat.ble_eq, Bool.and_eq_true, Bool.or_eq_true, ite_true,
    ite_false] at h

Note: This linter can be disabled with `set_option linter.unusedSimpArgs false`
warning: SierksmaLean/Proofs/Proof_Sierksma_FB_run_sound.lean:489:67: This simp argument is unused:
  ite_false

Hint: Omit it from the simp argument list.
  [apply] simp only [Bool.cond_eq_ite, Nat.beq_eq, Nat.blt_eq, Nat.ble_eq, Bool.and_eq_true, Bool.or_eq_true,
    if_pos rfl, ite_true] at h

Note: This linter can be disabled with `set_option linter.unusedSimpArgs false`
warning: SierksmaLean/Proofs/Proof_Sierksma_FB_run_sound.lean:621:79: This simp argument is unused:
  ite_true

Hint: Omit it from the simp argument list.
  [apply] simp only [Bool.cond_eq_ite, Nat.beq_eq, Nat.blt_eq, Nat.ble_eq, Bool.and_eq_true, Bool.or_eq_true,
    if_neg (by decide : (1 : ℕ) ≠ 0), ite_false] at h

Note: This linter can be disabled with `set_option linter.unusedSimpArgs false`
warning: SierksmaLean/Proofs/Proof_Sierksma_FB_run_sound.lean:621:89: This simp argument is unused:
  ite_false

Hint: Omit it from the simp argument list.
  [apply] simp only [Bool.cond_eq_ite, Nat.beq_eq, Nat.blt_eq, Nat.ble_eq, Bool.and_eq_true, Bool.or_eq_true,
    if_neg (by decide : (1 : ℕ) ≠ 0), ite_true] at h

Note: This linter can be disabled with `set_option linter.unusedSimpArgs false`
warning: SierksmaLean/Proofs/Proof_Sierksma_FB_run_sound.lean:797:4: exponent 1855 exceeds the threshold 256, exponentiation operation was not evaluated, use `set_option exponentiation.threshold <num>` to set a new threshold
warning: SierksmaLean/Proofs/Proof_Sierksma_FB_run_sound.lean:782:12: This simp argument is unused:
  hb

Hint: Omit it from the simp argument list.
  [apply] simp [hn]

Note: This linter can be disabled with `set_option linter.unusedSimpArgs false`
warning: SierksmaLean/Proofs/Proof_Sierksma_FB_run_sound.lean:784:12: This simp argument is unused:
  hb

Hint: Omit it from the simp argument list.
  [apply] simp [hi]

Note: This linter can be disabled with `set_option linter.unusedSimpArgs false`
✔ [8925/12392] Built SierksmaLean.Proofs.Proof_Sierksma_WitnessSign_prefix_011111 (5.0s)
✔ [8926/12392] Built SierksmaLean.Proofs.Proof_Sierksma_WitnessSign_prefix_002112 (20s)
✔ [8927/12392] Built SierksmaLean.Proofs.Proof_Sierksma_WitnessSign_prefix_002121 (20s)
✔ [8928/12392] Built SierksmaLean.Proofs.Proof_Sierksma_WitnessSign_prefix_010101 (13s)
✔ [8929/12392] Built SierksmaLean.Proofs.Proof_Sierksma_WitnessSign_prefix_010110 (13s)
✔ [8930/12392] Built SierksmaLean.Proofs.Proof_Sierksma_WitnessSign_prefix_011000 (9.3s)
✔ [8931/12392] Built SierksmaLean.Proofs.Proof_Sierksma_WitnessSign_prefix_002211 (20s)
⚠ [8932/12392] Built SierksmaLean.Proofs.Proof_Sierksma_test_map_degree_stability (42s)
warning: SierksmaLean/Proofs/Proof_Sierksma_test_map_degree_stability.lean:54:23: This simp argument is unused:
  he

Hint: Omit it from the simp argument list.
  [apply] simp only [HexTuple, hg] at h

Note: This linter can be disabled with `set_option linter.unusedSimpArgs false`
warning: SierksmaLean/Proofs/Proof_Sierksma_test_map_degree_stability.lean:86:16: `Finsupp.finset_sum_apply` has been deprecated: Use `Finsupp.finsetSum_apply` instead
warning: SierksmaLean/Proofs/Proof_Sierksma_test_map_degree_stability.lean:115:30: This simp argument is unused:
  if_pos hbound

Hint: Omit it from the simp argument list.
  [apply] simp only [ShiftVertex, HexTuple] at heq

Note: This linter can be disabled with `set_option linter.unusedSimpArgs false`
warning: SierksmaLean/Proofs/Proof_Sierksma_test_map_degree_stability.lean:118:28: This simp argument is unused:
  if_pos hbound

Hint: Omit it from the simp argument list.
  [apply] simp only [ShiftVertex, HexTuple, hf, hblock] at heq

Note: This linter can be disabled with `set_option linter.unusedSimpArgs false`
warning: SierksmaLean/Proofs/Proof_Sierksma_test_map_degree_stability.lean:118:53: This simp argument is unused:
  hf

Hint: Omit it from the simp argument list.
  [apply] simp only [ShiftVertex, if_pos hbound, HexTuple, hblock] at heq

Note: This linter can be disabled with `set_option linter.unusedSimpArgs false`
warning: SierksmaLean/Proofs/Proof_Sierksma_test_map_degree_stability.lean:173:26: This simp argument is unused:
  and_true

Hint: Omit it from the simp argument list.
  [apply] simp only [and_false, false_and, true_and, ite_false, ite_true, add_zero, zero_add]

Note: This linter can be disabled with `set_option linter.unusedSimpArgs false`
warning: SierksmaLean/Proofs/Proof_Sierksma_test_map_degree_stability.lean:173:68: This simp argument is unused:
  ite_true

Hint: Omit it from the simp argument list.
  [apply] simp only [and_false, and_true, false_and, true_and, ite_false, add_zero, zero_add]

Note: This linter can be disabled with `set_option linter.unusedSimpArgs false`
warning: SierksmaLean/Proofs/Proof_Sierksma_test_map_degree_stability.lean:225:62: This simp argument is unused:
  add_zero

Hint: Omit it from the simp argument list.
  [apply] simp only [step_lt, lt_self_iff_false, ite_false, zero_add]

Note: This linter can be disabled with `set_option linter.unusedSimpArgs false`
warning: SierksmaLean/Proofs/Proof_Sierksma_test_map_degree_stability.lean:229:31: This simp argument is unused:
  Fin.ext_iff

Hint: Omit it from the simp argument list.
  [apply] simp only [step, Fin.lt_def]

Note: This linter can be disabled with `set_option linter.unusedSimpArgs false`
warning: SierksmaLean/Proofs/Proof_Sierksma_test_map_degree_stability.lean:239:72: This simp argument is unused:
  zero_add

Hint: Omit it from the simp argument list.
  [apply] simp only [step_gt, lt_self_iff_false, ite_false, add_zero]

Note: This linter can be disabled with `set_option linter.unusedSimpArgs false`
warning: SierksmaLean/Proofs/Proof_Sierksma_test_map_degree_stability.lean:410:18: This simp argument is unused:
  Fin.reduceEq

Hint: Omit it from the simp argument list.
  [apply] simp only [hb, ite_false, shiftAll_apply]

Note: This linter can be disabled with `set_option linter.unusedSimpArgs false`
warning: SierksmaLean/Proofs/Proof_Sierksma_test_map_degree_stability.lean:410:31: This simp argument is unused:
  ite_false

Hint: Omit it from the simp argument list.
  [apply] simp only [hb, Fin.reduceEq, shiftAll_apply]

Note: This linter can be disabled with `set_option linter.unusedSimpArgs false`
warning: SierksmaLean/Proofs/Proof_Sierksma_test_map_degree_stability.lean:478:32: this tactic is never executed

Note: This linter can be disabled with `set_option linter.unreachableTactic false`
warning: SierksmaLean/Proofs/Proof_Sierksma_test_map_degree_stability.lean:478:32: Unused tactic linter: `ring` does nothing

Note: This linter can be disabled with `set_option linter.unusedTactic false`
warning: SierksmaLean/Proofs/Proof_Sierksma_test_map_degree_stability.lean:588:6: `Finsupp.finset_sum_apply` has been deprecated: Use `Finsupp.finsetSum_apply` instead
warning: SierksmaLean/Proofs/Proof_Sierksma_test_map_degree_stability.lean:636:43: This simp argument is unused:
  i

Hint: Omit it from the simp argument list.
  [apply] simp only [TwistPhi, dif_pos hv24, if_pos heven]

Note: This linter can be disabled with `set_option linter.unusedSimpArgs false`
warning: SierksmaLean/Proofs/Proof_Sierksma_test_map_degree_stability.lean:646:43: This simp argument is unused:
  i

Hint: Omit it from the simp argument list.
  [apply] simp only [TwistPhi, dif_pos hv24, if_neg heven]

Note: This linter can be disabled with `set_option linter.unusedSimpArgs false`
warning: SierksmaLean/Proofs/Proof_Sierksma_test_map_degree_stability.lean:597:48: Used `tac1 <;> tac2` where `(tac1; tac2)` would suffice

Note: This linter can be disabled with `set_option linter.unnecessarySeqFocus false`
warning: SierksmaLean/Proofs/Proof_Sierksma_test_map_degree_stability.lean:597:58: Used `tac1 <;> tac2` where `(tac1; tac2)` would suffice

Note: This linter can be disabled with `set_option linter.unnecessarySeqFocus false`
warning: SierksmaLean/Proofs/Proof_Sierksma_test_map_degree_stability.lean:819:47: This simp argument is unused:
  Pi.single_apply

Hint: Omit it from the simp argument list.
  [apply] simp [h]

Note: This linter can be disabled with `set_option linter.unusedSimpArgs false`
warning: SierksmaLean/Proofs/Proof_Sierksma_test_map_degree_stability.lean:821:12: This simp argument is unused:
  Pi.single_apply

Hint: Omit it from the simp argument list.
  [apply] simp [h]

Note: This linter can be disabled with `set_option linter.unusedSimpArgs false`
warning: SierksmaLean/Proofs/Proof_Sierksma_test_map_degree_stability.lean:850:78: This simp argument is unused:
  h02

Hint: Omit it from the simp argument list.
  [apply] simp [TestW, k.isLt, hc, h01, h12, h10, h20, h21]

Note: This linter can be disabled with `set_option linter.unusedSimpArgs false`
warning: SierksmaLean/Proofs/Proof_Sierksma_test_map_degree_stability.lean:850:83: This simp argument is unused:
  h12

Hint: Omit it from the simp argument list.
  [apply] simp [TestW, k.isLt, hc, h01, h02, h10, h20, h21]

Note: This linter can be disabled with `set_option linter.unusedSimpArgs false`
warning: SierksmaLean/Proofs/Proof_Sierksma_test_map_degree_stability.lean:855:96: This simp argument is unused:
  h01

Hint: Omit it from the simp argument list.
  [apply] simp [TestW, show ¬k.val + 4 < 4 by omega, hc, h02, h12, h10, h20, h21]

Note: This linter can be disabled with `set_option linter.unusedSimpArgs false`
warning: SierksmaLean/Proofs/Proof_Sierksma_test_map_degree_stability.lean:884:31: This simp argument is unused:
  show ¬(3 : ℕ) < 3 by omega

Hint: Omit it from the simp argument list.
  [apply] simp only [X, LiftCoord, dif_neg, mul_one]

Note: This linter can be disabled with `set_option linter.unusedSimpArgs false`
warning: SierksmaLean/Proofs/Proof_Sierksma_test_map_degree_stability.lean:884:58: This simp argument is unused:
  dif_neg

Hint: Omit it from the simp argument list.
  [apply] simp only [X, LiftCoord, show ¬(3 : ℕ) < 3 by omega, mul_one]

Note: This linter can be disabled with `set_option linter.unusedSimpArgs false`
warning: SierksmaLean/Proofs/Proof_Sierksma_test_map_degree_stability.lean:884:67: This simp argument is unused:
  mul_one

Hint: Omit it from the simp argument list.
  [apply] simp only [X, LiftCoord, show ¬(3 : ℕ) < 3 by omega, dif_neg]

Note: This linter can be disabled with `set_option linter.unusedSimpArgs false`
warning: SierksmaLean/Proofs/Proof_Sierksma_test_map_degree_stability.lean:1050:13: This simp argument is unused:
  Function.comp_def

Hint: Omit it from the simp argument list.
  [apply] simp [a]

Note: This linter can be disabled with `set_option linter.unusedSimpArgs false`
warning: SierksmaLean/Proofs/Proof_Sierksma_test_map_degree_stability.lean:1088:27: This simp argument is unused:
  Matrix.vecTail

Hint: Omit it from the simp argument list.
  [apply] simp [Matrix.of_apply, Matrix.vecHead, Pi.sub_apply]

Note: This linter can be disabled with `set_option linter.unusedSimpArgs false`
warning: SierksmaLean/Proofs/Proof_Sierksma_test_map_degree_stability.lean:1088:43: This simp argument is unused:
  Matrix.vecHead

Hint: Omit it from the simp argument list.
  [apply] simp [Matrix.of_apply, Matrix.vecTail, Pi.sub_apply]

Note: This linter can be disabled with `set_option linter.unusedSimpArgs false`
warning: SierksmaLean/Proofs/Proof_Sierksma_test_map_degree_stability.lean:1186:12: This simp argument is unused:
  eq_comm

Hint: Omit it from the simp argument list.
  [apply] simp

Note: This linter can be disabled with `set_option linter.unusedSimpArgs false`
warning: SierksmaLean/Proofs/Proof_Sierksma_test_map_degree_stability.lean:1351:14: This simp argument is unused:
  Pi.add_apply

Hint: Omit it from the simp argument list.
  [apply] simp [Pi.smul_apply, smul_eq_mul]

Note: This linter can be disabled with `set_option linter.unusedSimpArgs false`
warning: SierksmaLean/Proofs/Proof_Sierksma_test_map_degree_stability.lean:1351:28: This simp argument is unused:
  Pi.smul_apply

Hint: Omit it from the simp argument list.
  [apply] simp [Pi.add_apply, smul_eq_mul]

Note: This linter can be disabled with `set_option linter.unusedSimpArgs false`
warning: SierksmaLean/Proofs/Proof_Sierksma_test_map_degree_stability.lean:1351:43: This simp argument is unused:
  smul_eq_mul

Hint: Omit it from the simp argument list.
  [apply] simp [Pi.add_apply, Pi.smul_apply]

Note: This linter can be disabled with `set_option linter.unusedSimpArgs false`
warning: SierksmaLean/Proofs/Proof_Sierksma_test_map_degree_stability.lean:1372:14: This simp argument is unused:
  Pi.single_apply

Hint: Omit it from the simp argument list.
  [apply] simp [hne, Ne.symm hne]

Note: This linter can be disabled with `set_option linter.unusedSimpArgs false`
warning: SierksmaLean/Proofs/Proof_Sierksma_test_map_degree_stability.lean:1372:36: This simp argument is unused:
  Ne.symm hne

Hint: Omit it from the simp argument list.
  [apply] simp [Pi.single_apply, hne]

Note: This linter can be disabled with `set_option linter.unusedSimpArgs false`
warning: SierksmaLean/Proofs/Proof_Sierksma_test_map_degree_stability.lean:1433:33: This simp argument is unused:
  Pi.single_apply

Hint: Omit it from the simp argument list.
  [apply] simp [augment, hj, originRow, hjlast, Ne.symm hjlast]

Note: This linter can be disabled with `set_option linter.unusedSimpArgs false`
warning: SierksmaLean/Proofs/Proof_Sierksma_test_map_degree_stability.lean:1433:56: This simp argument is unused:
  Ne.symm hjlast

Hint: Omit it from the simp argument list.
  [apply] simp [augment, hj, originRow, Pi.single_apply, hjlast]

Note: This linter can be disabled with `set_option linter.unusedSimpArgs false`
warning: SierksmaLean/Proofs/Proof_Sierksma_test_map_degree_stability.lean:1505:38: This simp argument is unused:
  heq

Hint: Omit it from the simp argument list.
  [apply] simp only [simplexDegree, dif_pos hs, hG, hd, true_and, hpall, hsgn]

Note: This linter can be disabled with `set_option linter.unusedSimpArgs false`
warning: SierksmaLean/Proofs/Proof_Sierksma_test_map_degree_stability.lean:1505:42: This simp argument is unused:
  hG

Hint: Omit it from the simp argument list.
  [apply] simp only [simplexDegree, dif_pos hs, heq, hd, true_and, hpall, hsgn]

Note: This linter can be disabled with `set_option linter.unusedSimpArgs false`
warning: SierksmaLean/Proofs/Proof_Sierksma_test_map_degree_stability.lean:1505:45: This simp argument is unused:
  hd

Hint: Omit it from the simp argument list.
  [apply] simp only [simplexDegree, dif_pos hs, heq, hG, true_and, hpall, hsgn]

Note: This linter can be disabled with `set_option linter.unusedSimpArgs false`
warning: SierksmaLean/Proofs/Proof_Sierksma_test_map_degree_stability.lean:1505:48: This simp argument is unused:
  true_and

Hint: Omit it from the simp argument list.
  [apply] simp only [simplexDegree, dif_pos hs, heq, hG, hd, hpall, hsgn]

Note: This linter can be disabled with `set_option linter.unusedSimpArgs false`
warning: SierksmaLean/Proofs/Proof_Sierksma_test_map_degree_stability.lean:1506:10: Used `tac1 <;> tac2` where `(tac1; tac2)` would suffice

Note: This linter can be disabled with `set_option linter.unnecessarySeqFocus false`
warning: SierksmaLean/Proofs/Proof_Sierksma_test_map_degree_stability.lean:1520:10: `continuous_finset_sum` has been deprecated: Use `continuous_finsetSum` instead
warning: SierksmaLean/Proofs/Proof_Sierksma_test_map_degree_stability.lean:1554:15: `Set.mem_setOf_eq` has been deprecated: Use `Set.mem_ofPred_eq` instead
warning: SierksmaLean/Proofs/Proof_Sierksma_test_map_degree_stability.lean:1650:31: Variable name `hpi` is not explicitly referenced.

Hint: The binding can be removed (if unused) or named `_` (if used implicitly). Alternatively, prefix the name with `_` to silence this warning:
  [apply] _hpi

Note: This linter can be disabled with `set_option linter.unusedVariables false`
✔ [8933/12392] Built SierksmaLean.Proofs.Proof_Sierksma_WitnessSign_prefix_011011 (9.2s)
✔ [8934/12392] Built SierksmaLean.Proofs.Proof_Sierksma_WitnessSign_prefix_010012 (17s)
✔ [8935/12392] Built SierksmaLean.Proofs.Proof_Sierksma_WitnessSign_prefix_010021 (17s)
✔ [8936/12392] Built SierksmaLean.Proofs.Proof_Sierksma_WitnessSign_prefix_010022 (17s)
✔ [8937/12392] Built SierksmaLean.Proofs.Proof_Sierksma_WitnessSign_prefix_011101 (9.1s)
✔ [8938/12392] Built SierksmaLean.Proofs.Proof_Sierksma_WitnessSign_prefix_011110 (8.9s)
✔ [8939/12392] Built SierksmaLean.Proofs.Proof_Sierksma_WitnessSign_prefix_010102 (17s)
✔ [8940/12392] Built SierksmaLean.Proofs.Proof_Sierksma_WitnessSign_prefix_011001 (13s)
✔ [8941/12392] Built SierksmaLean.Proofs.Proof_Sierksma_WitnessSign_prefix_011112 (9.5s)
✔ [8942/12392] Built SierksmaLean.Proofs.Proof_Sierksma_WitnessSign_prefix_010112 (17s)
✔ [8943/12392] Built SierksmaLean.Proofs.Proof_Sierksma_WitnessSign_prefix_010120 (17s)
✔ [8944/12392] Built SierksmaLean.Proofs.Proof_Sierksma_WitnessSign_prefix_011010 (13s)
✔ [8945/12392] Built SierksmaLean.Proofs.Proof_Sierksma_WitnessSign_prefix_011121 (10s)
✔ [8946/12392] Built SierksmaLean.Proofs.Proof_Sierksma_WitnessSign_prefix_010201 (16s)
✔ [8947/12392] Built SierksmaLean.Proofs.Proof_Sierksma_WitnessSign_prefix_010121 (17s)
✔ [8948/12392] Built SierksmaLean.Proofs.Proof_Sierksma_WitnessSign_prefix_010202 (17s)
✔ [8949/12392] Built SierksmaLean.Proofs.Proof_Sierksma_WitnessSign_prefix_011211 (9.5s)
✔ [8950/12392] Built SierksmaLean.Proofs.Proof_Sierksma_WitnessSign_prefix_011100 (12s)
✔ [8951/12392] Built SierksmaLean.Proofs.Proof_Sierksma_WitnessSign_prefix_012000 (9.8s)
✔ [8952/12392] Built SierksmaLean.Proofs.Proof_Sierksma_WitnessSign_prefix_010210 (17s)
✔ [8953/12392] Built SierksmaLean.Proofs.Proof_Sierksma_WitnessSign_prefix_010211 (17s)
✔ [8954/12392] Built SierksmaLean.Proofs.Proof_Sierksma_WitnessSign_prefix_010220 (17s)
✔ [8955/12392] Built SierksmaLean.Proofs.Proof_Sierksma_WitnessSign_prefix_010222 (17s)
✔ [8956/12392] Built SierksmaLean.Proofs.Proof_Sierksma_WitnessSign_prefix_010122 (20s)
✔ [8957/12392] Built SierksmaLean.Proofs.Proof_Sierksma_WitnessSign_prefix_020000 (4.6s)
✔ [8958/12392] Built SierksmaLean.Proofs.Proof_Sierksma_WitnessSign_prefix_011002 (17s)
✔ [8959/12392] Built SierksmaLean.Proofs.Proof_Sierksma_WitnessSign_prefix_012111 (9.6s)
✔ [8960/12392] Built SierksmaLean.Proofs.Proof_Sierksma_WitnessSign_prefix_011012 (17s)
✔ [8961/12392] Built SierksmaLean.Proofs.Proof_Sierksma_WitnessSign_prefix_011021 (16s)
✔ [8962/12392] Built SierksmaLean.Proofs.Proof_Sierksma_WitnessSign_prefix_011020 (17s)
✔ [8963/12392] Built SierksmaLean.Proofs.Proof_Sierksma_WitnessSign_prefix_010212 (20s)
✔ [8964/12392] Built SierksmaLean.Proofs.Proof_Sierksma_WitnessSign_prefix_010221 (20s)
✔ [8965/12392] Built SierksmaLean.Proofs.Proof_Sierksma_WitnessSign_prefix_011102 (16s)
✔ [8966/12392] Built SierksmaLean.Proofs.Proof_Sierksma_WitnessSign_prefix_011122 (16s)
⚠ [8967/12392] Built SierksmaLean.Proofs.Proof_Sierksma_pl_orbit_move_multiple_three (48s)
warning: SierksmaLean/Proofs/Proof_Sierksma_pl_orbit_move_multiple_three.lean:39:57: This simp argument is unused:
  Fin.ext_iff

Hint: Omit it from the simp argument list.
  [apply] simp [rayMatrix, B, Matrix.updateRow, f]

Note: This linter can be disabled with `set_option linter.unusedSimpArgs false`
warning: SierksmaLean/Proofs/Proof_Sierksma_pl_orbit_move_multiple_three.lean:99:42: This simp argument is unused:
  dite_true

Hint: Omit it from the simp argument list.
  [apply] simp only [rayMatrix, Fin.val_zero, Matrix.updateRow_self]

Note: This linter can be disabled with `set_option linter.unusedSimpArgs false`
warning: SierksmaLean/Proofs/Proof_Sierksma_pl_orbit_move_multiple_three.lean:101:56: This simp argument is unused:
  Pi.add_apply

Hint: Omit it from the simp argument list.
  [apply] simp only [Fin.cons_zero, Fin.cons_succ, augment, Pi.smul_apply, Pi.sub_apply, smul_eq_mul]

Note: This linter can be disabled with `set_option linter.unusedSimpArgs false`
warning: SierksmaLean/Proofs/Proof_Sierksma_pl_orbit_move_multiple_three.lean:101:70: This simp argument is unused:
  Pi.smul_apply

Hint: Omit it from the simp argument list.
  [apply] simp only [Fin.cons_zero, Fin.cons_succ, augment, Pi.add_apply, Pi.sub_apply, smul_eq_mul]

Note: This linter can be disabled with `set_option linter.unusedSimpArgs false`
warning: SierksmaLean/Proofs/Proof_Sierksma_pl_orbit_move_multiple_three.lean:101:99: This simp argument is unused:
  smul_eq_mul

Hint: Omit it from the simp argument list.
  [apply] simp only [Fin.cons_zero, Fin.cons_succ, augment, Pi.add_apply, Pi.smul_apply, Pi.sub_apply]

Note: This linter can be disabled with `set_option linter.unusedSimpArgs false`
warning: SierksmaLean/Proofs/Proof_Sierksma_pl_orbit_move_multiple_three.lean:153:2: Try this: 
  letI̵

The goal is a proposition, so `let` is preferred over `letI`.
The difference between `let` and `letI` is that `letI` inlines the value.
But this is not relevant for proofs because of proof irrelevance.

Note: This linter can be disabled with `set_option linter.style.haveILetI false`
warning: SierksmaLean/Proofs/Proof_Sierksma_pl_orbit_move_multiple_three.lean:238:4: `push_neg` has been deprecated. Prefer using `push Not` instead.
If you'd rather continue using `push_neg` in your project, you can implement it as follows:
```
open Lean.Parser.Tactic in
macro "push_neg" cfg:optConfig loc:(location)? : tactic =>
  `(tactic| push $cfg:optConfig Not $[$loc]?)
```
warning: SierksmaLean/Proofs/Proof_Sierksma_pl_orbit_move_multiple_three.lean:243:4: `push_neg` has been deprecated. Prefer using `push Not` instead.
If you'd rather continue using `push_neg` in your project, you can implement it as follows:
```
open Lean.Parser.Tactic in
macro "push_neg" cfg:optConfig loc:(location)? : tactic =>
  `(tactic| push $cfg:optConfig Not $[$loc]?)
```
warning: SierksmaLean/Proofs/Proof_Sierksma_pl_orbit_move_multiple_three.lean:222:5: Variable name `ha` is not explicitly referenced.

Hint: The binding can be removed (if unused) or named `_` (if used implicitly). Alternatively, prefix the name with `_` to silence this warning:
  [apply] _ha

Note: This linter can be disabled with `set_option linter.unusedVariables false`
warning: SierksmaLean/Proofs/Proof_Sierksma_pl_orbit_move_multiple_three.lean:423:14: This simp argument is unused:
  Pi.add_apply

Hint: Omit it from the simp argument list.
  [apply] simp [Pi.smul_apply, smul_eq_mul]

Note: This linter can be disabled with `set_option linter.unusedSimpArgs false`
warning: SierksmaLean/Proofs/Proof_Sierksma_pl_orbit_move_multiple_three.lean:423:28: This simp argument is unused:
  Pi.smul_apply

Hint: Omit it from the simp argument list.
  [apply] simp [Pi.add_apply, smul_eq_mul]

Note: This linter can be disabled with `set_option linter.unusedSimpArgs false`
warning: SierksmaLean/Proofs/Proof_Sierksma_pl_orbit_move_multiple_three.lean:423:43: This simp argument is unused:
  smul_eq_mul

Hint: Omit it from the simp argument list.
  [apply] simp [Pi.add_apply, Pi.smul_apply]

Note: This linter can be disabled with `set_option linter.unusedSimpArgs false`
warning: SierksmaLean/Proofs/Proof_Sierksma_pl_orbit_move_multiple_three.lean:444:14: This simp argument is unused:
  Pi.single_apply

Hint: Omit it from the simp argument list.
  [apply] simp [hne, Ne.symm hne]

Note: This linter can be disabled with `set_option linter.unusedSimpArgs false`
warning: SierksmaLean/Proofs/Proof_Sierksma_pl_orbit_move_multiple_three.lean:444:36: This simp argument is unused:
  Ne.symm hne

Hint: Omit it from the simp argument list.
  [apply] simp [Pi.single_apply, hne]

Note: This linter can be disabled with `set_option linter.unusedSimpArgs false`
warning: SierksmaLean/Proofs/Proof_Sierksma_pl_orbit_move_multiple_three.lean:570:57: Try `simp at hj` instead of `simpa using hj`

Note: This linter can be disabled with `set_option linter.unnecessarySimpa false`
warning: SierksmaLean/Proofs/Proof_Sierksma_pl_orbit_move_multiple_three.lean:571:36: This simp argument is unused:
  Pi.single_apply

Hint: Omit it from the simp argument list.
  [apply] simp [augment, hj, originRow, hjne, Ne.symm hjne, Pi.add_apply, Pi.smul_apply, smul_eq_mul]

Note: This linter can be disabled with `set_option linter.unusedSimpArgs false`
warning: SierksmaLean/Proofs/Proof_Sierksma_pl_orbit_move_multiple_three.lean:571:59: This simp argument is unused:
  Ne.symm hjne

Hint: Omit it from the simp argument list.
  [apply] simp [augment, hj, originRow, Pi.single_apply, hjne, Pi.add_apply, Pi.smul_apply, smul_eq_mul]

Note: This linter can be disabled with `set_option linter.unusedSimpArgs false`
warning: SierksmaLean/Proofs/Proof_Sierksma_pl_orbit_move_multiple_three.lean:836:13: This simp argument is unused:
  map_sum

Hint: Omit it from the simp argument list.
  [apply] simp only [map_zsmul, hface, smul_eq_mul, Finsupp.sum]

Note: This linter can be disabled with `set_option linter.unusedSimpArgs false`
warning: SierksmaLean/Proofs/Proof_Sierksma_pl_orbit_move_multiple_three.lean:970:47: This simp argument is unused:
  hne

Hint: Omit it from the simp argument list.
  [apply] simp [Finset.mem_erase, Finset.mem_insert]

Note: This linter can be disabled with `set_option linter.unusedSimpArgs false`
warning: SierksmaLean/Proofs/Proof_Sierksma_pl_orbit_move_multiple_three.lean:925:75: this tactic is never executed

Note: This linter can be disabled with `set_option linter.unreachableTactic false`
warning: SierksmaLean/Proofs/Proof_Sierksma_pl_orbit_move_multiple_three.lean:949:45: this tactic is never executed

Note: This linter can be disabled with `set_option linter.unreachableTactic false`
warning: SierksmaLean/Proofs/Proof_Sierksma_pl_orbit_move_multiple_three.lean:949:56: this tactic is never executed

Note: This linter can be disabled with `set_option linter.unreachableTactic false`
warning: SierksmaLean/Proofs/Proof_Sierksma_pl_orbit_move_multiple_three.lean:925:75: Unused tactic linter: `exact Subsingleton.elim _ _` does nothing

Note: This linter can be disabled with `set_option linter.unusedTactic false`
warning: SierksmaLean/Proofs/Proof_Sierksma_pl_orbit_move_multiple_three.lean:949:45: Unused tactic linter: `congr!` does nothing

Note: This linter can be disabled with `set_option linter.unusedTactic false`
warning: SierksmaLean/Proofs/Proof_Sierksma_pl_orbit_move_multiple_three.lean:949:56: Unused tactic linter: `exact Subsingleton.elim _ _` does nothing

Note: This linter can be disabled with `set_option linter.unusedTactic false`
warning: SierksmaLean/Proofs/Proof_Sierksma_pl_orbit_move_multiple_three.lean:1065:10: This simp argument is unused:
  Finsupp.single_apply

Hint: Omit it from the simp argument list.
  [apply] simp [hne]

Note: This linter can be disabled with `set_option linter.unusedSimpArgs false`
warning: SierksmaLean/Proofs/Proof_Sierksma_pl_orbit_move_multiple_three.lean:1243:5: Variable name `hz` is not explicitly referenced.

Hint: The binding can be removed (if unused) or named `_` (if used implicitly). Alternatively, prefix the name with `_` to silence this warning:
  [apply] _hz

Note: This linter can be disabled with `set_option linter.unusedVariables false`
warning: SierksmaLean/Proofs/Proof_Sierksma_pl_orbit_move_multiple_three.lean:1297:5: Variable name `hz` is not explicitly referenced.

Hint: The binding can be removed (if unused) or named `_` (if used implicitly). Alternatively, prefix the name with `_` to silence this warning:
  [apply] _hz

Note: This linter can be disabled with `set_option linter.unusedVariables false`
warning: SierksmaLean/Proofs/Proof_Sierksma_pl_orbit_move_multiple_three.lean:1351:13: This simp argument is unused:
  add_zero

Hint: Omit it from the simp argument list.
  [apply] simp only [zero_add]

Note: This linter can be disabled with `set_option linter.unusedSimpArgs false`
warning: SierksmaLean/Proofs/Proof_Sierksma_pl_orbit_move_multiple_three.lean:1352:10: Used `tac1 <;> tac2` where `(tac1; tac2)` would suffice

Note: This linter can be disabled with `set_option linter.unnecessarySeqFocus false`
warning: SierksmaLean/Proofs/Proof_Sierksma_pl_orbit_move_multiple_three.lean:1400:55: This simp argument is unused:
  hrank

Hint: Omit it from the simp argument list.
  [apply] simp only [Finsupp.smul_single, smul_eq_mul, incidence]

Note: This linter can be disabled with `set_option linter.unusedSimpArgs false`
warning: SierksmaLean/Proofs/Proof_Sierksma_pl_orbit_move_multiple_three.lean:1366:12: Used `tac1 <;> tac2` where `(tac1; tac2)` would suffice

Note: This linter can be disabled with `set_option linter.unnecessarySeqFocus false`
warning: SierksmaLean/Proofs/Proof_Sierksma_pl_orbit_move_multiple_three.lean:1366:22: Used `tac1 <;> tac2` where `(tac1; tac2)` would suffice

Note: This linter can be disabled with `set_option linter.unnecessarySeqFocus false`
warning: SierksmaLean/Proofs/Proof_Sierksma_pl_orbit_move_multiple_three.lean:1519:56: This simp argument is unused:
  himage

Hint: Omit it from the simp argument list.
  [apply] simp only [listedFace, Finsupp.smul_single, smul_eq_mul, htsign, hftsign]

Note: This linter can be disabled with `set_option linter.unusedSimpArgs false`
warning: SierksmaLean/Proofs/Proof_Sierksma_pl_orbit_move_multiple_three.lean:1512:12: Used `tac1 <;> tac2` where `(tac1; tac2)` would suffice

Note: This linter can be disabled with `set_option linter.unnecessarySeqFocus false`
warning: SierksmaLean/Proofs/Proof_Sierksma_pl_orbit_move_multiple_three.lean:1512:22: Used `tac1 <;> tac2` where `(tac1; tac2)` would suffice

Note: This linter can be disabled with `set_option linter.unnecessarySeqFocus false`
warning: SierksmaLean/Proofs/Proof_Sierksma_pl_orbit_move_multiple_three.lean:1570:23: This simp argument is unused:
  he

Hint: Omit it from the simp argument list.
  [apply] simp only [HexTuple, hg] at h

Note: This linter can be disabled with `set_option linter.unusedSimpArgs false`
warning: SierksmaLean/Proofs/Proof_Sierksma_pl_orbit_move_multiple_three.lean:1602:16: `Finsupp.finset_sum_apply` has been deprecated: Use `Finsupp.finsetSum_apply` instead
warning: SierksmaLean/Proofs/Proof_Sierksma_pl_orbit_move_multiple_three.lean:1631:30: This simp argument is unused:
  if_pos hbound

Hint: Omit it from the simp argument list.
  [apply] simp only [ShiftVertex, HexTuple] at heq

Note: This linter can be disabled with `set_option linter.unusedSimpArgs false`
warning: SierksmaLean/Proofs/Proof_Sierksma_pl_orbit_move_multiple_three.lean:1634:28: This simp argument is unused:
  if_pos hbound

Hint: Omit it from the simp argument list.
  [apply] simp only [ShiftVertex, HexTuple, hf, hblock] at heq

Note: This linter can be disabled with `set_option linter.unusedSimpArgs false`
warning: SierksmaLean/Proofs/Proof_Sierksma_pl_orbit_move_multiple_three.lean:1634:53: This simp argument is unused:
  hf

Hint: Omit it from the simp argument list.
  [apply] simp only [ShiftVertex, if_pos hbound, HexTuple, hblock] at heq

Note: This linter can be disabled with `set_option linter.unusedSimpArgs false`
warning: SierksmaLean/Proofs/Proof_Sierksma_pl_orbit_move_multiple_three.lean:1689:26: This simp argument is unused:
  and_true

Hint: Omit it from the simp argument list.
  [apply] simp only [and_false, false_and, true_and, ite_false, ite_true, add_zero, zero_add]

Note: This linter can be disabled with `set_option linter.unusedSimpArgs false`
warning: SierksmaLean/Proofs/Proof_Sierksma_pl_orbit_move_multiple_three.lean:1689:68: This simp argument is unused:
  ite_true

Hint: Omit it from the simp argument list.
  [apply] simp only [and_false, and_true, false_and, true_and, ite_false, add_zero, zero_add]

Note: This linter can be disabled with `set_option linter.unusedSimpArgs false`
warning: SierksmaLean/Proofs/Proof_Sierksma_pl_orbit_move_multiple_three.lean:1741:73: This simp argument is unused:
  add_zero

Hint: Omit it from the simp argument list.
  [apply] simp only [l6closed_4_step_lt, lt_self_iff_false, ite_false, zero_add]

Note: This linter can be disabled with `set_option linter.unusedSimpArgs false`
warning: SierksmaLean/Proofs/Proof_Sierksma_pl_orbit_move_multiple_three.lean:1745:42: This simp argument is unused:
  Fin.ext_iff

Hint: Omit it from the simp argument list.
  [apply] simp only [l6closed_4_step, Fin.lt_def]

Note: This linter can be disabled with `set_option linter.unusedSimpArgs false`
warning: SierksmaLean/Proofs/Proof_Sierksma_pl_orbit_move_multiple_three.lean:1755:83: This simp argument is unused:
  zero_add

Hint: Omit it from the simp argument list.
  [apply] simp only [l6closed_4_step_gt, lt_self_iff_false, ite_false, add_zero]

Note: This linter can be disabled with `set_option linter.unusedSimpArgs false`
warning: SierksmaLean/Proofs/Proof_Sierksma_pl_orbit_move_multiple_three.lean:1926:29: This simp argument is unused:
  Fin.reduceEq

Hint: Omit it from the simp argument list.
  [apply] simp only [l6closed_4_hb, ite_false, l6closed_4_shiftAll_apply]

Note: This linter can be disabled with `set_option linter.unusedSimpArgs false`
warning: SierksmaLean/Proofs/Proof_Sierksma_pl_orbit_move_multiple_three.lean:1926:42: This simp argument is unused:
  ite_false

Hint: Omit it from the simp argument list.
  [apply] simp only [l6closed_4_hb, Fin.reduceEq, l6closed_4_shiftAll_apply]

Note: This linter can be disabled with `set_option linter.unusedSimpArgs false`
warning: SierksmaLean/Proofs/Proof_Sierksma_pl_orbit_move_multiple_three.lean:2138:10: This simp argument is unused:
  Matrix.det_fromBlocks_zero₂₁

Hint: Omit it from the simp argument list.
  [apply] simp

Note: This linter can be disabled with `set_option linter.unusedSimpArgs false`
warning: SierksmaLean/Proofs/Proof_Sierksma_pl_orbit_move_multiple_three.lean:2467:50: This simp argument is unused:
  augmentedMatrix

Hint: Omit it from the simp argument list.
  [apply] simp only [augmentedDet, dif_pos hs, dif_pos ht]

Note: This linter can be disabled with `set_option linter.unusedSimpArgs false`
warning: SierksmaLean/Proofs/Proof_Sierksma_pl_orbit_move_multiple_three.lean:2528:24: Used `tac1 <;> tac2` where `(tac1; tac2)` would suffice

Note: This linter can be disabled with `set_option linter.unnecessarySeqFocus false`
warning: SierksmaLean/Proofs/Proof_Sierksma_pl_orbit_move_multiple_three.lean:2528:34: Used `tac1 <;> tac2` where `(tac1; tac2)` would suffice

Note: This linter can be disabled with `set_option linter.unnecessarySeqFocus false`
warning: SierksmaLean/Proofs/Proof_Sierksma_pl_orbit_move_multiple_three.lean:2622:24: Used `tac1 <;> tac2` where `(tac1; tac2)` would suffice

Note: This linter can be disabled with `set_option linter.unnecessarySeqFocus false`
warning: SierksmaLean/Proofs/Proof_Sierksma_pl_orbit_move_multiple_three.lean:2622:34: Used `tac1 <;> tac2` where `(tac1; tac2)` would suffice

Note: This linter can be disabled with `set_option linter.unnecessarySeqFocus false`
warning: SierksmaLean/Proofs/Proof_Sierksma_pl_orbit_move_multiple_three.lean:2774:24: Used `tac1 <;> tac2` where `(tac1; tac2)` would suffice

Note: This linter can be disabled with `set_option linter.unnecessarySeqFocus false`
warning: SierksmaLean/Proofs/Proof_Sierksma_pl_orbit_move_multiple_three.lean:2774:34: Used `tac1 <;> tac2` where `(tac1; tac2)` would suffice

Note: This linter can be disabled with `set_option linter.unnecessarySeqFocus false`
warning: SierksmaLean/Proofs/Proof_Sierksma_pl_orbit_move_multiple_three.lean:2948:8: Unused tactic linter: `change _ - cone _ (boundary (link (old i) z)) = _` does nothing

Note: This linter can be disabled with `set_option linter.unusedTactic false`
warning: SierksmaLean/Proofs/Proof_Sierksma_pl_orbit_move_multiple_three.lean:3040:8: This simp argument is unused:
  if_neg (by omega : ¬L6Shift v < 27)

Hint: Omit it from the simp argument list.
  [apply] simp only [L6Shift, if_neg (by omega : ¬v < 27), if_pos h', if_pos ha.2]

Note: This linter can be disabled with `set_option linter.unusedSimpArgs false`
warning: SierksmaLean/Proofs/Proof_Sierksma_pl_orbit_move_multiple_three.lean:3040:42: This simp argument is unused:
  if_pos ha.2

Hint: Omit it from the simp argument list.
  [apply] simp only [L6Shift, if_neg (by omega : ¬v < 27), if_pos h', if_neg (by omega : ¬L6Shift v < 27)]

Note: This linter can be disabled with `set_option linter.unusedSimpArgs false`
warning: SierksmaLean/Proofs/Proof_Sierksma_pl_orbit_move_multiple_three.lean:3137:24: Used `tac1 <;> tac2` where `(tac1; tac2)` would suffice

Note: This linter can be disabled with `set_option linter.unnecessarySeqFocus false`
warning: SierksmaLean/Proofs/Proof_Sierksma_pl_orbit_move_multiple_three.lean:3137:34: Used `tac1 <;> tac2` where `(tac1; tac2)` would suffice

Note: This linter can be disabled with `set_option linter.unnecessarySeqFocus false`
warning: SierksmaLean/Proofs/Proof_Sierksma_pl_orbit_move_multiple_three.lean:3260:46: This simp argument is unused:
  Fin.val_add

Hint: Omit it from the simp argument list.
  [apply] simp_all

Note: This linter can be disabled with `set_option linter.unusedSimpArgs false`
warning: SierksmaLean/Proofs/Proof_Sierksma_pl_orbit_move_multiple_three.lean:3336:6: `AddMonoidHom.finset_sum_apply` has been deprecated: Use `AddMonoidHom.finsetSum_apply` instead
warning: SierksmaLean/Proofs/Proof_Sierksma_pl_orbit_move_multiple_three.lean:3375:24: Used `tac1 <;> tac2` where `(tac1; tac2)` would suffice

Note: This linter can be disabled with `set_option linter.unnecessarySeqFocus false`
warning: SierksmaLean/Proofs/Proof_Sierksma_pl_orbit_move_multiple_three.lean:3375:34: Used `tac1 <;> tac2` where `(tac1; tac2)` would suffice

Note: This linter can be disabled with `set_option linter.unnecessarySeqFocus false`
warning: SierksmaLean/Proofs/Proof_Sierksma_pl_orbit_move_multiple_three.lean:3521:50: Variable name `hv` is not explicitly referenced.

Hint: The binding can be removed (if unused) or named `_` (if used implicitly). Alternatively, prefix the name with `_` to silence this warning:
  [apply] _hv

Note: This linter can be disabled with `set_option linter.unusedVariables false`
warning: SierksmaLean/Proofs/Proof_Sierksma_pl_orbit_move_multiple_three.lean:3596:34: This simp argument is unused:
  Fin.reduceFinMk

Hint: Omit it from the simp argument list.
  [apply] simp only [Fin.val_castSucc]

Note: This linter can be disabled with `set_option linter.unusedSimpArgs false`
warning: SierksmaLean/Proofs/Proof_Sierksma_pl_orbit_move_multiple_three.lean:3592:6: Unused tactic linter: `change EngineMap x p = EngineMap y p` does nothing

Note: This linter can be disabled with `set_option linter.unusedTactic false`
warning: SierksmaLean/Proofs/Proof_Sierksma_pl_orbit_move_multiple_three.lean:3652:24: Used `tac1 <;> tac2` where `(tac1; tac2)` would suffice

Note: This linter can be disabled with `set_option linter.unnecessarySeqFocus false`
warning: SierksmaLean/Proofs/Proof_Sierksma_pl_orbit_move_multiple_three.lean:3652:34: Used `tac1 <;> tac2` where `(tac1; tac2)` would suffice

Note: This linter can be disabled with `set_option linter.unnecessarySeqFocus false`
warning: SierksmaLean/Proofs/Proof_Sierksma_pl_orbit_move_multiple_three.lean:3766:30: Used `tac1 <;> tac2` where `(tac1; tac2)` would suffice

Note: This linter can be disabled with `set_option linter.unnecessarySeqFocus false`
warning: SierksmaLean/Proofs/Proof_Sierksma_pl_orbit_move_multiple_three.lean:3766:40: Used `tac1 <;> tac2` where `(tac1; tac2)` would suffice

Note: This linter can be disabled with `set_option linter.unnecessarySeqFocus false`
warning: SierksmaLean/Proofs/Proof_Sierksma_pl_orbit_move_multiple_three.lean:3834:50: This simp argument is unused:
  augmentedMatrix

Hint: Omit it from the simp argument list.
  [apply] simp only [augmentedDet, dif_pos hs, dif_pos ht]

Note: This linter can be disabled with `set_option linter.unusedSimpArgs false`
warning: SierksmaLean/Proofs/Proof_Sierksma_pl_orbit_move_multiple_three.lean:4011:23: This simp argument is unused:
  Function.update_of_ne ht

Hint: Omit it from the simp argument list.
  [apply] simp [Y, L6Aux, ht]

Note: This linter can be disabled with `set_option linter.unusedSimpArgs false`
warning: SierksmaLean/Proofs/Proof_Sierksma_pl_orbit_move_multiple_three.lean:4101:23: Used `tac1 <;> tac2` where `(tac1; tac2)` would suffice

Note: This linter can be disabled with `set_option linter.unnecessarySeqFocus false`
warning: SierksmaLean/Proofs/Proof_Sierksma_pl_orbit_move_multiple_three.lean:4101:35: Used `tac1 <;> tac2` where `(tac1; tac2)` would suffice

Note: This linter can be disabled with `set_option linter.unnecessarySeqFocus false`
warning: SierksmaLean/Proofs/Proof_Sierksma_pl_orbit_move_multiple_three.lean:4101:45: Used `tac1 <;> tac2` where `(tac1; tac2)` would suffice

Note: This linter can be disabled with `set_option linter.unnecessarySeqFocus false`
warning: SierksmaLean/Proofs/Proof_Sierksma_pl_orbit_move_multiple_three.lean:4197:5: Variable name `hm` is not explicitly referenced.

Hint: The binding can be removed (if unused) or named `_` (if used implicitly). Alternatively, prefix the name with `_` to silence this warning:
  [apply] _hm

Note: This linter can be disabled with `set_option linter.unusedVariables false`
warning: SierksmaLean/Proofs/Proof_Sierksma_pl_orbit_move_multiple_three.lean:4261:22: this tactic is never executed

Note: This linter can be disabled with `set_option linter.unreachableTactic false`
warning: SierksmaLean/Proofs/Proof_Sierksma_pl_orbit_move_multiple_three.lean:4261:32: this tactic is never executed

Note: This linter can be disabled with `set_option linter.unreachableTactic false`
warning: SierksmaLean/Proofs/Proof_Sierksma_pl_orbit_move_multiple_three.lean:4264:22: this tactic is never executed

Note: This linter can be disabled with `set_option linter.unreachableTactic false`
warning: SierksmaLean/Proofs/Proof_Sierksma_pl_orbit_move_multiple_three.lean:4264:32: this tactic is never executed

Note: This linter can be disabled with `set_option linter.unreachableTactic false`
warning: SierksmaLean/Proofs/Proof_Sierksma_pl_orbit_move_multiple_three.lean:4255:61: Used `tac1 <;> tac2` where `(tac1; tac2)` would suffice

Note: This linter can be disabled with `set_option linter.unnecessarySeqFocus false`
warning: SierksmaLean/Proofs/Proof_Sierksma_pl_orbit_move_multiple_three.lean:4256:16: Used `tac1 <;> tac2` where `(tac1; tac2)` would suffice

Note: This linter can be disabled with `set_option linter.unnecessarySeqFocus false`
warning: SierksmaLean/Proofs/Proof_Sierksma_pl_orbit_move_multiple_three.lean:4256:26: Used `tac1 <;> tac2` where `(tac1; tac2)` would suffice

Note: This linter can be disabled with `set_option linter.unnecessarySeqFocus false`
warning: SierksmaLean/Proofs/Proof_Sierksma_pl_orbit_move_multiple_three.lean:4260:104: Used `tac1 <;> tac2` where `(tac1; tac2)` would suffice

Note: This linter can be disabled with `set_option linter.unnecessarySeqFocus false`
warning: SierksmaLean/Proofs/Proof_Sierksma_pl_orbit_move_multiple_three.lean:4263:104: Used `tac1 <;> tac2` where `(tac1; tac2)` would suffice

Note: This linter can be disabled with `set_option linter.unnecessarySeqFocus false`
warning: SierksmaLean/Proofs/Proof_Sierksma_pl_orbit_move_multiple_three.lean:4261:22: Unused tactic linter: `ext w` does nothing

Note: This linter can be disabled with `set_option linter.unusedTactic false`
warning: SierksmaLean/Proofs/Proof_Sierksma_pl_orbit_move_multiple_three.lean:4261:32: Unused tactic linter: `simp only [Finset.mem_erase]` does nothing

Note: This linter can be disabled with `set_option linter.unusedTactic false`
warning: SierksmaLean/Proofs/Proof_Sierksma_pl_orbit_move_multiple_three.lean:4264:22: Unused tactic linter: `ext w` does nothing

Note: This linter can be disabled with `set_option linter.unusedTactic false`
warning: SierksmaLean/Proofs/Proof_Sierksma_pl_orbit_move_multiple_three.lean:4264:32: Unused tactic linter: `simp only [Finset.mem_erase]` does nothing

Note: This linter can be disabled with `set_option linter.unusedTactic false`
✔ [8968/12392] Built SierksmaLean.Proofs.Proof_Sierksma_WitnessSign_prefix_011120 (17s)
✔ [8969/12392] Built SierksmaLean.Proofs.Proof_Sierksma_WitnessSign_prefix_011201 (17s)
✔ [8970/12392] Built SierksmaLean.Proofs.Proof_Sierksma_WitnessSign_prefix_011200 (17s)
✔ [8971/12392] Built SierksmaLean.Proofs.Proof_Sierksma_WitnessSign_prefix_011210 (16s)
✔ [8972/12392] Built SierksmaLean.Proofs.Proof_Sierksma_WitnessSign_prefix_011212 (16s)
✔ [8973/12392] Built SierksmaLean.Proofs.Proof_Sierksma_WitnessSign_prefix_011222 (16s)
✔ [8974/12392] Built SierksmaLean.Proofs.Proof_Sierksma_WitnessSign_prefix_012002 (16s)
✔ [8975/12392] Built SierksmaLean.Proofs.Proof_Sierksma_WitnessSign_prefix_011221 (17s)
✔ [8976/12392] Built SierksmaLean.Proofs.Proof_Sierksma_WitnessSign_prefix_012222 (9.8s)
✔ [8977/12392] Built SierksmaLean.Proofs.Proof_Sierksma_WitnessSign_prefix_020002 (9.0s)
✔ [8978/12392] Built SierksmaLean.Proofs.Proof_Sierksma_WitnessSign_prefix_012001 (17s)
✔ [8979/12392] Built SierksmaLean.Proofs.Proof_Sierksma_WitnessSign_prefix_011022 (21s)
✔ [8980/12392] Built SierksmaLean.Proofs.Proof_Sierksma_WitnessSign_prefix_020001 (9.9s)
✔ [8981/12392] Built SierksmaLean.Proofs.Proof_Sierksma_WitnessSign_prefix_012010 (17s)
✔ [8982/12392] Built SierksmaLean.Proofs.Proof_Sierksma_WitnessSign_prefix_012011 (17s)
✔ [8983/12392] Built SierksmaLean.Proofs.Proof_Sierksma_WitnessSign_prefix_020010 (9.9s)
✔ [8984/12392] Built SierksmaLean.Proofs.Proof_Sierksma_WitnessSign_prefix_020020 (9.1s)
✔ [8985/12392] Built SierksmaLean.Proofs.Proof_Sierksma_WitnessSign_prefix_012022 (16s)
✔ [8986/12392] Built SierksmaLean.Proofs.Proof_Sierksma_WitnessSign_prefix_012020 (17s)
✔ [8987/12392] Built SierksmaLean.Proofs.Proof_Sierksma_WitnessSign_prefix_012100 (17s)
✔ [8988/12392] Built SierksmaLean.Proofs.Proof_Sierksma_WitnessSign_prefix_012101 (16s)
✔ [8989/12392] Built SierksmaLean.Proofs.Proof_Sierksma_WitnessSign_prefix_011202 (20s)
✔ [8990/12392] Built SierksmaLean.Proofs.Proof_Sierksma_WitnessSign_prefix_020100 (9.9s)
✔ [8991/12392] Built SierksmaLean.Proofs.Proof_Sierksma_WitnessSign_prefix_012110 (16s)
✔ [8992/12392] Built SierksmaLean.Proofs.Proof_Sierksma_WitnessSign_prefix_012112 (16s)
✔ [8993/12392] Built SierksmaLean.Proofs.Proof_Sierksma_WitnessSign_prefix_011220 (20s)
✔ [8994/12392] Built SierksmaLean.Proofs.Proof_Sierksma_WitnessSign_prefix_012121 (17s)
✔ [8995/12392] Built SierksmaLean.Proofs.Proof_Sierksma_WitnessSign_prefix_012122 (17s)
✔ [8996/12392] Built SierksmaLean.Proofs.Proof_Sierksma_WitnessSign_prefix_012200 (16s)
✔ [8997/12392] Built SierksmaLean.Proofs.Proof_Sierksma_WitnessSign_prefix_012012 (20s)
✔ [8998/12392] Built SierksmaLean.Proofs.Proof_Sierksma_WitnessSign_prefix_012021 (20s)
✔ [8999/12392] Built SierksmaLean.Proofs.Proof_Sierksma_WitnessSign_prefix_020200 (9.3s)
✔ [9000/12392] Built SierksmaLean.Proofs.Proof_Sierksma_WitnessSign_prefix_020022 (13s)
✔ [9001/12392] Built SierksmaLean.Proofs.Proof_Sierksma_WitnessSign_prefix_012102 (20s)
✔ [9002/12392] Built SierksmaLean.Proofs.Proof_Sierksma_WitnessSign_prefix_012202 (16s)
✔ [9003/12392] Built SierksmaLean.Proofs.Proof_Sierksma_WitnessSign_prefix_012211 (16s)
✔ [9004/12392] Built SierksmaLean.Proofs.Proof_Sierksma_WitnessSign_prefix_012212 (16s)
✔ [9005/12392] Built SierksmaLean.Proofs.Proof_Sierksma_WitnessSign_prefix_012120 (20s)
✔ [9006/12392] Built SierksmaLean.Proofs.Proof_Sierksma_WitnessSign_prefix_012220 (16s)
✔ [9007/12392] Built SierksmaLean.Proofs.Proof_Sierksma_WitnessSign_prefix_012221 (16s)
✔ [9008/12392] Built SierksmaLean.Proofs.Proof_Sierksma_WitnessSign_prefix_020222 (9.0s)
✔ [9009/12392] Built SierksmaLean.Proofs.Proof_Sierksma_FB_tab_cov (65s)
✔ [9010/12392] Built SierksmaLean.Proofs.Proof_Sierksma_WitnessSign_prefix_021000 (9.8s)
✔ [9011/12392] Built SierksmaLean.Proofs.Proof_Sierksma_WitnessSign_prefix_020011 (17s)
✔ [9012/12392] Built SierksmaLean.Proofs.Proof_Sierksma_WitnessSign_prefix_020012 (17s)
✔ [9013/12392] Built SierksmaLean.Proofs.Proof_Sierksma_WitnessSign_prefix_012201 (20s)
✔ [9014/12392] Built SierksmaLean.Proofs.Proof_Sierksma_WitnessSign_prefix_020202 (13s)
✔ [9015/12392] Built SierksmaLean.Proofs.Proof_Sierksma_WitnessSign_prefix_012210 (20s)
✔ [9016/12392] Built SierksmaLean.Proofs.Proof_Sierksma_WitnessSign_prefix_020021 (17s)
✔ [9017/12392] Built SierksmaLean.Proofs.Proof_Sierksma_WitnessSign_prefix_020101 (17s)
✔ [9018/12392] Built SierksmaLean.Proofs.Proof_Sierksma_WitnessSign_prefix_020102 (17s)
✔ [9019/12392] Built SierksmaLean.Proofs.Proof_Sierksma_WitnessSign_prefix_020111 (16s)
✔ [9020/12392] Built SierksmaLean.Proofs.Proof_Sierksma_WitnessSign_prefix_021111 (9.6s)
✔ [9021/12392] Built SierksmaLean.Proofs.Proof_Sierksma_WitnessSign_prefix_020110 (17s)
✔ [9022/12392] Built SierksmaLean.Proofs.Proof_Sierksma_WitnessSign_prefix_020220 (13s)
⚠ [9023/12392] Built SierksmaLean.Proofs.Proof_Sierksma_model_exact_geometric_bridge (66s)
warning: SierksmaLean/Proofs/Proof_Sierksma_model_exact_geometric_bridge.lean:37:57: This simp argument is unused:
  Fin.ext_iff

Hint: Omit it from the simp argument list.
  [apply] simp [rayMatrix, B, Matrix.updateRow, f]

Note: This linter can be disabled with `set_option linter.unusedSimpArgs false`
warning: SierksmaLean/Proofs/Proof_Sierksma_model_exact_geometric_bridge.lean:97:42: This simp argument is unused:
  dite_true

Hint: Omit it from the simp argument list.
  [apply] simp only [rayMatrix, Fin.val_zero, Matrix.updateRow_self]

Note: This linter can be disabled with `set_option linter.unusedSimpArgs false`
warning: SierksmaLean/Proofs/Proof_Sierksma_model_exact_geometric_bridge.lean:99:56: This simp argument is unused:
  Pi.add_apply

Hint: Omit it from the simp argument list.
  [apply] simp only [Fin.cons_zero, Fin.cons_succ, augment, Pi.smul_apply, Pi.sub_apply, smul_eq_mul]

Note: This linter can be disabled with `set_option linter.unusedSimpArgs false`
warning: SierksmaLean/Proofs/Proof_Sierksma_model_exact_geometric_bridge.lean:99:70: This simp argument is unused:
  Pi.smul_apply

Hint: Omit it from the simp argument list.
  [apply] simp only [Fin.cons_zero, Fin.cons_succ, augment, Pi.add_apply, Pi.sub_apply, smul_eq_mul]

Note: This linter can be disabled with `set_option linter.unusedSimpArgs false`
warning: SierksmaLean/Proofs/Proof_Sierksma_model_exact_geometric_bridge.lean:99:99: This simp argument is unused:
  smul_eq_mul

Hint: Omit it from the simp argument list.
  [apply] simp only [Fin.cons_zero, Fin.cons_succ, augment, Pi.add_apply, Pi.smul_apply, Pi.sub_apply]

Note: This linter can be disabled with `set_option linter.unusedSimpArgs false`
warning: SierksmaLean/Proofs/Proof_Sierksma_model_exact_geometric_bridge.lean:151:2: Try this: 
  letI̵

The goal is a proposition, so `let` is preferred over `letI`.
The difference between `let` and `letI` is that `letI` inlines the value.
But this is not relevant for proofs because of proof irrelevance.

Note: This linter can be disabled with `set_option linter.style.haveILetI false`
warning: SierksmaLean/Proofs/Proof_Sierksma_model_exact_geometric_bridge.lean:236:4: `push_neg` has been deprecated. Prefer using `push Not` instead.
If you'd rather continue using `push_neg` in your project, you can implement it as follows:
```
open Lean.Parser.Tactic in
macro "push_neg" cfg:optConfig loc:(location)? : tactic =>
  `(tactic| push $cfg:optConfig Not $[$loc]?)
```
warning: SierksmaLean/Proofs/Proof_Sierksma_model_exact_geometric_bridge.lean:241:4: `push_neg` has been deprecated. Prefer using `push Not` instead.
If you'd rather continue using `push_neg` in your project, you can implement it as follows:
```
open Lean.Parser.Tactic in
macro "push_neg" cfg:optConfig loc:(location)? : tactic =>
  `(tactic| push $cfg:optConfig Not $[$loc]?)
```
warning: SierksmaLean/Proofs/Proof_Sierksma_model_exact_geometric_bridge.lean:220:5: Variable name `ha` is not explicitly referenced.

Hint: The binding can be removed (if unused) or named `_` (if used implicitly). Alternatively, prefix the name with `_` to silence this warning:
  [apply] _ha

Note: This linter can be disabled with `set_option linter.unusedVariables false`
warning: SierksmaLean/Proofs/Proof_Sierksma_model_exact_geometric_bridge.lean:421:14: This simp argument is unused:
  Pi.add_apply

Hint: Omit it from the simp argument list.
  [apply] simp [Pi.smul_apply, smul_eq_mul]

Note: This linter can be disabled with `set_option linter.unusedSimpArgs false`
warning: SierksmaLean/Proofs/Proof_Sierksma_model_exact_geometric_bridge.lean:421:28: This simp argument is unused:
  Pi.smul_apply

Hint: Omit it from the simp argument list.
  [apply] simp [Pi.add_apply, smul_eq_mul]

Note: This linter can be disabled with `set_option linter.unusedSimpArgs false`
warning: SierksmaLean/Proofs/Proof_Sierksma_model_exact_geometric_bridge.lean:421:43: This simp argument is unused:
  smul_eq_mul

Hint: Omit it from the simp argument list.
  [apply] simp [Pi.add_apply, Pi.smul_apply]

Note: This linter can be disabled with `set_option linter.unusedSimpArgs false`
warning: SierksmaLean/Proofs/Proof_Sierksma_model_exact_geometric_bridge.lean:442:14: This simp argument is unused:
  Pi.single_apply

Hint: Omit it from the simp argument list.
  [apply] simp [hne, Ne.symm hne]

Note: This linter can be disabled with `set_option linter.unusedSimpArgs false`
warning: SierksmaLean/Proofs/Proof_Sierksma_model_exact_geometric_bridge.lean:442:36: This simp argument is unused:
  Ne.symm hne

Hint: Omit it from the simp argument list.
  [apply] simp [Pi.single_apply, hne]

Note: This linter can be disabled with `set_option linter.unusedSimpArgs false`
warning: SierksmaLean/Proofs/Proof_Sierksma_model_exact_geometric_bridge.lean:568:57: Try `simp at hj` instead of `simpa using hj`

Note: This linter can be disabled with `set_option linter.unnecessarySimpa false`
warning: SierksmaLean/Proofs/Proof_Sierksma_model_exact_geometric_bridge.lean:569:36: This simp argument is unused:
  Pi.single_apply

Hint: Omit it from the simp argument list.
  [apply] simp [augment, hj, originRow, hjne, Ne.symm hjne, Pi.add_apply, Pi.smul_apply, smul_eq_mul]

Note: This linter can be disabled with `set_option linter.unusedSimpArgs false`
warning: SierksmaLean/Proofs/Proof_Sierksma_model_exact_geometric_bridge.lean:569:59: This simp argument is unused:
  Ne.symm hjne

Hint: Omit it from the simp argument list.
  [apply] simp [augment, hj, originRow, Pi.single_apply, hjne, Pi.add_apply, Pi.smul_apply, smul_eq_mul]

Note: This linter can be disabled with `set_option linter.unusedSimpArgs false`
warning: SierksmaLean/Proofs/Proof_Sierksma_model_exact_geometric_bridge.lean:834:13: This simp argument is unused:
  map_sum

Hint: Omit it from the simp argument list.
  [apply] simp only [map_zsmul, hface, smul_eq_mul, Finsupp.sum]

Note: This linter can be disabled with `set_option linter.unusedSimpArgs false`
warning: SierksmaLean/Proofs/Proof_Sierksma_model_exact_geometric_bridge.lean:968:47: This simp argument is unused:
  hne

Hint: Omit it from the simp argument list.
  [apply] simp [Finset.mem_erase, Finset.mem_insert]

Note: This linter can be disabled with `set_option linter.unusedSimpArgs false`
warning: SierksmaLean/Proofs/Proof_Sierksma_model_exact_geometric_bridge.lean:923:75: this tactic is never executed

Note: This linter can be disabled with `set_option linter.unreachableTactic false`
warning: SierksmaLean/Proofs/Proof_Sierksma_model_exact_geometric_bridge.lean:947:45: this tactic is never executed

Note: This linter can be disabled with `set_option linter.unreachableTactic false`
warning: SierksmaLean/Proofs/Proof_Sierksma_model_exact_geometric_bridge.lean:947:56: this tactic is never executed

Note: This linter can be disabled with `set_option linter.unreachableTactic false`
warning: SierksmaLean/Proofs/Proof_Sierksma_model_exact_geometric_bridge.lean:923:75: Unused tactic linter: `exact Subsingleton.elim _ _` does nothing

Note: This linter can be disabled with `set_option linter.unusedTactic false`
warning: SierksmaLean/Proofs/Proof_Sierksma_model_exact_geometric_bridge.lean:947:45: Unused tactic linter: `congr!` does nothing

Note: This linter can be disabled with `set_option linter.unusedTactic false`
warning: SierksmaLean/Proofs/Proof_Sierksma_model_exact_geometric_bridge.lean:947:56: Unused tactic linter: `exact Subsingleton.elim _ _` does nothing

Note: This linter can be disabled with `set_option linter.unusedTactic false`
warning: SierksmaLean/Proofs/Proof_Sierksma_model_exact_geometric_bridge.lean:1063:10: This simp argument is unused:
  Finsupp.single_apply

Hint: Omit it from the simp argument list.
  [apply] simp [hne]

Note: This linter can be disabled with `set_option linter.unusedSimpArgs false`
warning: SierksmaLean/Proofs/Proof_Sierksma_model_exact_geometric_bridge.lean:1241:5: Variable name `hz` is not explicitly referenced.

Hint: The binding can be removed (if unused) or named `_` (if used implicitly). Alternatively, prefix the name with `_` to silence this warning:
  [apply] _hz

Note: This linter can be disabled with `set_option linter.unusedVariables false`
warning: SierksmaLean/Proofs/Proof_Sierksma_model_exact_geometric_bridge.lean:1293:10: This simp argument is unused:
  Matrix.det_fromBlocks_zero₂₁

Hint: Omit it from the simp argument list.
  [apply] simp

Note: This linter can be disabled with `set_option linter.unusedSimpArgs false`
warning: SierksmaLean/Proofs/Proof_Sierksma_model_exact_geometric_bridge.lean:1439:23: This simp argument is unused:
  he

Hint: Omit it from the simp argument list.
  [apply] simp only [HexTuple, hg] at h

Note: This linter can be disabled with `set_option linter.unusedSimpArgs false`
warning: SierksmaLean/Proofs/Proof_Sierksma_model_exact_geometric_bridge.lean:1471:16: `Finsupp.finset_sum_apply` has been deprecated: Use `Finsupp.finsetSum_apply` instead
warning: SierksmaLean/Proofs/Proof_Sierksma_model_exact_geometric_bridge.lean:1500:30: This simp argument is unused:
  if_pos hbound

Hint: Omit it from the simp argument list.
  [apply] simp only [ShiftVertex, HexTuple] at heq

Note: This linter can be disabled with `set_option linter.unusedSimpArgs false`
warning: SierksmaLean/Proofs/Proof_Sierksma_model_exact_geometric_bridge.lean:1503:28: This simp argument is unused:
  if_pos hbound

Hint: Omit it from the simp argument list.
  [apply] simp only [ShiftVertex, HexTuple, hf, hblock] at heq

Note: This linter can be disabled with `set_option linter.unusedSimpArgs false`
warning: SierksmaLean/Proofs/Proof_Sierksma_model_exact_geometric_bridge.lean:1503:53: This simp argument is unused:
  hf

Hint: Omit it from the simp argument list.
  [apply] simp only [ShiftVertex, if_pos hbound, HexTuple, hblock] at heq

Note: This linter can be disabled with `set_option linter.unusedSimpArgs false`
warning: SierksmaLean/Proofs/Proof_Sierksma_model_exact_geometric_bridge.lean:1561:26: This simp argument is unused:
  and_true

Hint: Omit it from the simp argument list.
  [apply] simp only [and_false, false_and, true_and, ite_false, ite_true, add_zero, zero_add]

Note: This linter can be disabled with `set_option linter.unusedSimpArgs false`
warning: SierksmaLean/Proofs/Proof_Sierksma_model_exact_geometric_bridge.lean:1561:68: This simp argument is unused:
  ite_true

Hint: Omit it from the simp argument list.
  [apply] simp only [and_false, and_true, false_and, true_and, ite_false, add_zero, zero_add]

Note: This linter can be disabled with `set_option linter.unusedSimpArgs false`
warning: SierksmaLean/Proofs/Proof_Sierksma_model_exact_geometric_bridge.lean:1622:62: This simp argument is unused:
  add_zero

Hint: Omit it from the simp argument list.
  [apply] simp only [step_lt, lt_self_iff_false, ite_false, zero_add]

Note: This linter can be disabled with `set_option linter.unusedSimpArgs false`
warning: SierksmaLean/Proofs/Proof_Sierksma_model_exact_geometric_bridge.lean:1627:31: This simp argument is unused:
  Fin.ext_iff

Hint: Omit it from the simp argument list.
  [apply] simp only [step, Fin.lt_def]

Note: This linter can be disabled with `set_option linter.unusedSimpArgs false`
warning: SierksmaLean/Proofs/Proof_Sierksma_model_exact_geometric_bridge.lean:1638:72: This simp argument is unused:
  zero_add

Hint: Omit it from the simp argument list.
  [apply] simp only [step_gt, lt_self_iff_false, ite_false, add_zero]

Note: This linter can be disabled with `set_option linter.unusedSimpArgs false`
warning: SierksmaLean/Proofs/Proof_Sierksma_model_exact_geometric_bridge.lean:1838:18: This simp argument is unused:
  Fin.reduceEq

Hint: Omit it from the simp argument list.
  [apply] simp only [hb, ite_false, shiftAll_apply]

Note: This linter can be disabled with `set_option linter.unusedSimpArgs false`
warning: SierksmaLean/Proofs/Proof_Sierksma_model_exact_geometric_bridge.lean:1838:31: This simp argument is unused:
  ite_false

Hint: Omit it from the simp argument list.
  [apply] simp only [hb, Fin.reduceEq, shiftAll_apply]

Note: This linter can be disabled with `set_option linter.unusedSimpArgs false`
warning: SierksmaLean/Proofs/Proof_Sierksma_model_exact_geometric_bridge.lean:2015:50: This simp argument is unused:
  dif_pos hs

Hint: Omit it from the simp argument list.
  [apply] simp only [SimplexGP, hs, true_and, augmentedDet]

Note: This linter can be disabled with `set_option linter.unusedSimpArgs false`
warning: SierksmaLean/Proofs/Proof_Sierksma_model_exact_geometric_bridge.lean:2059:27: `Fin.coe_castSucc` has been deprecated: Use `Fin.val_castSucc` instead
warning: SierksmaLean/Proofs/Proof_Sierksma_model_exact_geometric_bridge.lean:2081:29: This simp argument is unused:
  Fin.last_eq_zero_iff

Hint: Omit it from the simp argument list.
  [apply] simp only [Fin.isValue, Fin.reduceLast, ite_true, Matrix.smul_apply, smul_eq_mul, one_mul]

Note: This linter can be disabled with `set_option linter.unusedSimpArgs false`
warning: SierksmaLean/Proofs/Proof_Sierksma_model_exact_geometric_bridge.lean:2111:6: Unused tactic linter: `congr 1` does nothing

Note: This linter can be disabled with `set_option linter.unusedTactic false`
warning: SierksmaLean/Proofs/Proof_Sierksma_model_exact_geometric_bridge.lean:2181:25: This simp argument is unused:
  hrank

Hint: Omit it from the simp argument list.
  [apply] simp only [incidence, Finsupp.smul_single, smul_eq_mul]

Note: This linter can be disabled with `set_option linter.unusedSimpArgs false`
warning: SierksmaLean/Proofs/Proof_Sierksma_model_exact_geometric_bridge.lean:2153:23: Used `tac1 <;> tac2` where `(tac1; tac2)` would suffice

Note: This linter can be disabled with `set_option linter.unnecessarySeqFocus false`
warning: SierksmaLean/Proofs/Proof_Sierksma_model_exact_geometric_bridge.lean:2153:33: Used `tac1 <;> tac2` where `(tac1; tac2)` would suffice

Note: This linter can be disabled with `set_option linter.unnecessarySeqFocus false`
warning: SierksmaLean/Proofs/Proof_Sierksma_model_exact_geometric_bridge.lean:2220:23: This simp argument is unused:
  he

Hint: Omit it from the simp argument list.
  [apply] simp only [HexTuple, hg] at h

Note: This linter can be disabled with `set_option linter.unusedSimpArgs false`
warning: SierksmaLean/Proofs/Proof_Sierksma_model_exact_geometric_bridge.lean:2261:71: This simp argument is unused:
  if_neg hj

Hint: Omit it from the simp argument list.
  [apply] simp only [Fin.cons_succ, augment, dif_pos hj8, ModelFacetMatrixQ, Fin.val_succ, Nat.add_sub_cancel,
    Nat.succ_ne_zero, ite_false]

Note: This linter can be disabled with `set_option linter.unusedSimpArgs false`
warning: SierksmaLean/Proofs/Proof_Sierksma_model_exact_geometric_bridge.lean:2262:59: This simp argument is unused:
  ite_false

Hint: Omit it from the simp argument list.
  [apply] simp only [Fin.cons_succ, augment, dif_pos hj8, ModelFacetMatrixQ, if_neg hj, Fin.val_succ,
    Nat.add_sub_cancel, Nat.succ_ne_zero]

Note: This linter can be disabled with `set_option linter.unusedSimpArgs false`
warning: SierksmaLean/Proofs/Proof_Sierksma_model_exact_geometric_bridge.lean:2271:23: This simp argument is unused:
  Fin.val_mk

Hint: Omit it from the simp argument list.
  [apply] simp only [r, b, dif_neg hj, dif_neg (by decide : ¬False)]

Note: This linter can be disabled with `set_option linter.unusedSimpArgs false`
warning: SierksmaLean/Proofs/Proof_Sierksma_model_exact_geometric_bridge.lean:2319:41: `Finsupp.finset_sum_apply` has been deprecated: Use `Finsupp.finsetSum_apply` instead
warning: SierksmaLean/Proofs/Proof_Sierksma_model_exact_geometric_bridge.lean:2327:31: Used `tac1 <;> tac2` where `(tac1; tac2)` would suffice

Note: This linter can be disabled with `set_option linter.unnecessarySeqFocus false`
warning: SierksmaLean/Proofs/Proof_Sierksma_model_exact_geometric_bridge.lean:2327:41: Used `tac1 <;> tac2` where `(tac1; tac2)` would suffice

Note: This linter can be disabled with `set_option linter.unnecessarySeqFocus false`
warning: SierksmaLean/Proofs/Proof_Sierksma_model_exact_geometric_bridge.lean:2374:4: Unused tactic linter: `congr 1` does nothing

Note: This linter can be disabled with `set_option linter.unusedTactic false`
warning: SierksmaLean/Proofs/Proof_Sierksma_model_exact_geometric_bridge.lean:2382:4: Unused tactic linter: `congr 1` does nothing

Note: This linter can be disabled with `set_option linter.unusedTactic false`
warning: SierksmaLean/Proofs/Proof_Sierksma_model_exact_geometric_bridge.lean:2469:39: `Finsupp.finset_sum_apply` has been deprecated: Use `Finsupp.finsetSum_apply` instead
warning: SierksmaLean/Proofs/Proof_Sierksma_model_exact_geometric_bridge.lean:2477:29: Used `tac1 <;> tac2` where `(tac1; tac2)` would suffice

Note: This linter can be disabled with `set_option linter.unnecessarySeqFocus false`
warning: SierksmaLean/Proofs/Proof_Sierksma_model_exact_geometric_bridge.lean:2477:39: Used `tac1 <;> tac2` where `(tac1; tac2)` would suffice

Note: This linter can be disabled with `set_option linter.unnecessarySeqFocus false`
✔ [9024/12392] Built SierksmaLean.Proofs.Proof_Sierksma_WitnessSign_prefix_020120 (17s)
✔ [9025/12392] Built SierksmaLean.Proofs.Proof_Sierksma_WitnessSign_prefix_020122 (16s)
✔ [9026/12392] Built SierksmaLean.Proofs.Proof_Sierksma_FB_cC4S_0 (61s)
✔ [9027/12392] Built SierksmaLean.Proofs.Proof_Sierksma_WitnessSign_prefix_020201 (17s)
✔ [9028/12392] Built SierksmaLean.Proofs.Proof_Sierksma_WitnessSign_prefix_022000 (8.9s)
✔ [9029/12392] Built SierksmaLean.Proofs.Proof_Sierksma_WitnessSign_prefix_020210 (17s)
✔ [9030/12392] Built SierksmaLean.Proofs.Proof_Sierksma_WitnessSign_prefix_021222 (9.3s)
✔ [9031/12392] Built SierksmaLean.Proofs.Proof_Sierksma_WitnessSign_prefix_020212 (17s)
✔ [9032/12392] Built SierksmaLean.Proofs.Proof_Sierksma_WitnessSign_prefix_022022 (8.0s)
✔ [9033/12392] Built SierksmaLean.Proofs.Proof_Sierksma_WitnessSign_prefix_020221 (16s)
✔ [9034/12392] Built SierksmaLean.Proofs.Proof_Sierksma_WitnessSign_prefix_020112 (20s)
✔ [9035/12392] Built SierksmaLean.Proofs.Proof_Sierksma_WitnessSign_prefix_022222 (4.6s)
✔ [9036/12392] Built SierksmaLean.Proofs.Proof_Sierksma_WitnessSign_prefix_020121 (20s)
✔ [9037/12392] Built SierksmaLean.Proofs.Proof_Sierksma_WitnessSign_prefix_021001 (17s)
✔ [9038/12392] Built SierksmaLean.Proofs.Proof_Sierksma_WitnessSign_prefix_021002 (17s)
✔ [9039/12392] Built SierksmaLean.Proofs.Proof_Sierksma_WitnessSign_prefix_021010 (17s)
✔ [9040/12392] Built SierksmaLean.Proofs.Proof_Sierksma_WitnessSign_prefix_021011 (16s)
✔ [9041/12392] Built SierksmaLean.Proofs.Proof_Sierksma_WitnessSign_prefix_100000 (4.5s)
✔ [9042/12392] Built SierksmaLean.Proofs.Proof_Sierksma_WitnessSign_prefix_021022 (16s)
✔ [9043/12392] Built SierksmaLean.Proofs.Proof_Sierksma_WitnessSign_prefix_021101 (16s)
✔ [9044/12392] Built SierksmaLean.Proofs.Proof_Sierksma_WitnessSign_prefix_021020 (17s)
✔ [9045/12392] Built SierksmaLean.Proofs.Proof_Sierksma_WitnessSign_prefix_020211 (20s)
✔ [9046/12392] Built SierksmaLean.Proofs.Proof_Sierksma_WitnessSign_prefix_021100 (17s)
✔ [9047/12392] Built SierksmaLean.Proofs.Proof_Sierksma_WitnessSign_prefix_021110 (17s)
✔ [9048/12392] Built SierksmaLean.Proofs.Proof_Sierksma_WitnessSign_prefix_021112 (16s)
✔ [9049/12392] Built SierksmaLean.Proofs.Proof_Sierksma_WitnessSign_prefix_022002 (13s)
✔ [9050/12392] Built SierksmaLean.Proofs.Proof_Sierksma_WitnessSign_prefix_021122 (16s)
✔ [9051/12392] Built SierksmaLean.Proofs.Proof_Sierksma_WitnessSign_prefix_021121 (16s)
✔ [9052/12392] Built SierksmaLean.Proofs.Proof_Sierksma_WitnessSign_prefix_022122 (9.5s)
✔ [9053/12392] Built SierksmaLean.Proofs.Proof_Sierksma_WitnessSign_prefix_022202 (8.9s)
✔ [9054/12392] Built SierksmaLean.Proofs.Proof_Sierksma_WitnessSign_prefix_022020 (13s)
✔ [9055/12392] Built SierksmaLean.Proofs.Proof_Sierksma_WitnessSign_prefix_021200 (17s)
✔ [9056/12392] Built SierksmaLean.Proofs.Proof_Sierksma_WitnessSign_prefix_021211 (16s)
✔ [9057/12392] Built SierksmaLean.Proofs.Proof_Sierksma_WitnessSign_prefix_021202 (17s)
✔ [9058/12392] Built SierksmaLean.Proofs.Proof_Sierksma_WitnessSign_prefix_022220 (9.0s)
✔ [9059/12392] Built SierksmaLean.Proofs.Proof_Sierksma_WitnessSign_prefix_021212 (16s)
✔ [9060/12392] Built SierksmaLean.Proofs.Proof_Sierksma_WitnessSign_prefix_021012 (20s)
✔ [9061/12392] Built SierksmaLean.Proofs.Proof_Sierksma_WitnessSign_prefix_021220 (16s)
✔ [9062/12392] Built SierksmaLean.Proofs.Proof_Sierksma_WitnessSign_prefix_022212 (9.6s)
✔ [9063/12392] Built SierksmaLean.Proofs.Proof_Sierksma_WitnessSign_prefix_022221 (9.4s)
✔ [9064/12392] Built SierksmaLean.Proofs.Proof_Sierksma_WitnessSign_prefix_021021 (20s)
✔ [9065/12392] Built SierksmaLean.Proofs.Proof_Sierksma_WitnessSign_prefix_021102 (20s)
✔ [9066/12392] Built SierksmaLean.Proofs.Proof_Sierksma_WitnessSign_prefix_021221 (16s)
✔ [9067/12392] Built SierksmaLean.Proofs.Proof_Sierksma_WitnessSign_prefix_100001 (9.1s)
✔ [9068/12392] Built SierksmaLean.Proofs.Proof_Sierksma_WitnessSign_prefix_021120 (20s)
✔ [9069/12392] Built SierksmaLean.Proofs.Proof_Sierksma_WitnessSign_prefix_100010 (9.0s)
✔ [9070/12392] Built SierksmaLean.Proofs.Proof_Sierksma_WitnessSign_prefix_022001 (17s)
✔ [9071/12392] Built SierksmaLean.Proofs.Proof_Sierksma_WitnessSign_prefix_022200 (12s)
✔ [9072/12392] Built SierksmaLean.Proofs.Proof_Sierksma_WitnessSign_prefix_022010 (17s)
✔ [9073/12392] Built SierksmaLean.Proofs.Proof_Sierksma_WitnessSign_prefix_100002 (10s)
✔ [9074/12392] Built SierksmaLean.Proofs.Proof_Sierksma_WitnessSign_prefix_022012 (16s)
✔ [9075/12392] Built SierksmaLean.Proofs.Proof_Sierksma_WitnessSign_prefix_021201 (20s)
✔ [9076/12392] Built SierksmaLean.Proofs.Proof_Sierksma_WitnessSign_prefix_022021 (16s)
✔ [9077/12392] Built SierksmaLean.Proofs.Proof_Sierksma_WitnessSign_prefix_021210 (20s)
✔ [9078/12392] Built SierksmaLean.Proofs.Proof_Sierksma_WitnessSign_prefix_100020 (9.9s)
✔ [9079/12392] Built SierksmaLean.Proofs.Proof_Sierksma_WitnessSign_prefix_022100 (17s)
✔ [9080/12392] Built SierksmaLean.Proofs.Proof_Sierksma_WitnessSign_prefix_022102 (16s)
✔ [9081/12392] Built SierksmaLean.Proofs.Proof_Sierksma_WitnessSign_prefix_022111 (16s)
✔ [9082/12392] Built SierksmaLean.Proofs.Proof_Sierksma_WitnessSign_prefix_100100 (9.3s)
✔ [9083/12392] Built SierksmaLean.Proofs.Proof_Sierksma_WitnessSign_prefix_022112 (16s)
✔ [9084/12392] Built SierksmaLean.Proofs.Proof_Sierksma_WitnessSign_prefix_100111 (8.0s)
✔ [9085/12392] Built SierksmaLean.Proofs.Proof_Sierksma_WitnessSign_prefix_101111 (4.7s)
✔ [9086/12392] Built SierksmaLean.Proofs.Proof_Sierksma_WitnessSign_prefix_022120 (16s)
✔ [9087/12392] Built SierksmaLean.Proofs.Proof_Sierksma_WitnessSign_prefix_022121 (16s)
✔ [9088/12392] Built SierksmaLean.Proofs.Proof_Sierksma_WitnessSign_prefix_022011 (20s)
✔ [9089/12392] Built SierksmaLean.Proofs.Proof_Sierksma_WitnessSign_prefix_100011 (12s)
✔ [9090/12392] Built SierksmaLean.Proofs.Proof_Sierksma_WitnessSign_prefix_022201 (16s)
✔ [9091/12392] Built SierksmaLean.Proofs.Proof_Sierksma_WitnessSign_prefix_100200 (9.7s)
✔ [9092/12392] Built SierksmaLean.Proofs.Proof_Sierksma_WitnessSign_prefix_022211 (16s)
✔ [9093/12392] Built SierksmaLean.Proofs.Proof_Sierksma_WitnessSign_prefix_022210 (16s)
✔ [9094/12392] Built SierksmaLean.Proofs.Proof_Sierksma_WitnessSign_prefix_101000 (9.4s)
✔ [9095/12392] Built SierksmaLean.Proofs.Proof_Sierksma_WitnessSign_prefix_022101 (20s)
✔ [9096/12392] Built SierksmaLean.Proofs.Proof_Sierksma_WitnessSign_prefix_101011 (8.9s)
✔ [9097/12392] Built SierksmaLean.Proofs.Proof_Sierksma_WitnessSign_prefix_022110 (20s)
✔ [9098/12392] Built SierksmaLean.Proofs.Proof_Sierksma_WitnessSign_prefix_100101 (13s)
✔ [9099/12392] Built SierksmaLean.Proofs.Proof_Sierksma_WitnessSign_prefix_100110 (12s)
✔ [9100/12392] Built SierksmaLean.Proofs.Proof_Sierksma_WitnessSign_prefix_101101 (8.9s)
✔ [9101/12392] Built SierksmaLean.Proofs.Proof_Sierksma_WitnessSign_prefix_101110 (8.9s)
✔ [9102/12392] Built SierksmaLean.Proofs.Proof_Sierksma_WitnessSign_prefix_101112 (9.5s)
✔ [9103/12392] Built SierksmaLean.Proofs.Proof_Sierksma_WitnessSign_prefix_100012 (16s)
✔ [9104/12392] Built SierksmaLean.Proofs.Proof_Sierksma_WitnessSign_prefix_101121 (9.6s)
✔ [9105/12392] Built SierksmaLean.Proofs.Proof_Sierksma_WitnessSign_prefix_100021 (17s)
✔ [9106/12392] Built SierksmaLean.Proofs.Proof_Sierksma_WitnessSign_prefix_101010 (12s)
✔ [9107/12392] Built SierksmaLean.Proofs.Proof_Sierksma_WitnessSign_prefix_100022 (17s)
✔ [9108/12392] Built SierksmaLean.Proofs.Proof_Sierksma_WitnessSign_prefix_101001 (13s)
✔ [9109/12392] Built SierksmaLean.Proofs.Proof_Sierksma_WitnessSign_prefix_101211 (9.6s)
⚠ [9110/12392] Built SierksmaLean.Proofs.Proof_Sierksma_twist_polynomial_cone_count (86s)
warning: SierksmaLean/Proofs/Proof_Sierksma_twist_polynomial_cone_count.lean:45:18: This simp argument is unused:
  h

Hint: Omit it from the simp argument list.
  [apply] simp [augment, SignMatrix, SignRow, hj]

Note: This linter can be disabled with `set_option linter.unusedSimpArgs false`
warning: SierksmaLean/Proofs/Proof_Sierksma_twist_polynomial_cone_count.lean:111:47: This simp argument is unused:
  Pi.single_apply

Hint: Omit it from the simp argument list.
  [apply] simp [h]

Note: This linter can be disabled with `set_option linter.unusedSimpArgs false`
warning: SierksmaLean/Proofs/Proof_Sierksma_twist_polynomial_cone_count.lean:113:12: This simp argument is unused:
  Pi.single_apply

Hint: Omit it from the simp argument list.
  [apply] simp [h]

Note: This linter can be disabled with `set_option linter.unusedSimpArgs false`
warning: SierksmaLean/Proofs/Proof_Sierksma_twist_polynomial_cone_count.lean:142:78: This simp argument is unused:
  h02

Hint: Omit it from the simp argument list.
  [apply] simp [TestW, k.isLt, hc, h01, h12, h10, h20, h21]

Note: This linter can be disabled with `set_option linter.unusedSimpArgs false`
warning: SierksmaLean/Proofs/Proof_Sierksma_twist_polynomial_cone_count.lean:142:83: This simp argument is unused:
  h12

Hint: Omit it from the simp argument list.
  [apply] simp [TestW, k.isLt, hc, h01, h02, h10, h20, h21]

Note: This linter can be disabled with `set_option linter.unusedSimpArgs false`
warning: SierksmaLean/Proofs/Proof_Sierksma_twist_polynomial_cone_count.lean:147:96: This simp argument is unused:
  h01

Hint: Omit it from the simp argument list.
  [apply] simp [TestW, show ¬k.val + 4 < 4 by omega, hc, h02, h12, h10, h20, h21]

Note: This linter can be disabled with `set_option linter.unusedSimpArgs false`
warning: SierksmaLean/Proofs/Proof_Sierksma_twist_polynomial_cone_count.lean:176:31: This simp argument is unused:
  show ¬(3 : ℕ) < 3 by omega

Hint: Omit it from the simp argument list.
  [apply] simp only [X, LiftCoord, dif_neg, mul_one]

Note: This linter can be disabled with `set_option linter.unusedSimpArgs false`
warning: SierksmaLean/Proofs/Proof_Sierksma_twist_polynomial_cone_count.lean:176:58: This simp argument is unused:
  dif_neg

Hint: Omit it from the simp argument list.
  [apply] simp only [X, LiftCoord, show ¬(3 : ℕ) < 3 by omega, mul_one]

Note: This linter can be disabled with `set_option linter.unusedSimpArgs false`
warning: SierksmaLean/Proofs/Proof_Sierksma_twist_polynomial_cone_count.lean:176:67: This simp argument is unused:
  mul_one

Hint: Omit it from the simp argument list.
  [apply] simp only [X, LiftCoord, show ¬(3 : ℕ) < 3 by omega, dif_neg]

Note: This linter can be disabled with `set_option linter.unusedSimpArgs false`
warning: SierksmaLean/Proofs/Proof_Sierksma_twist_polynomial_cone_count.lean:569:29: This simp argument is unused:
  Fin.sum_univ_succ

Hint: Omit it from the simp argument list.
  [apply] simp [Matrix.mul_apply, hentry, SignMatrix, SignRow]

Note: This linter can be disabled with `set_option linter.unusedSimpArgs false`
warning: SierksmaLean/Proofs/Proof_Sierksma_twist_polynomial_cone_count.lean:832:10: Unused tactic linter: `change (Q, true) ∈ (ThreePartitions 9).product Finset.univ` does nothing

Note: This linter can be disabled with `set_option linter.unusedTactic false`
warning: SierksmaLean/Proofs/Proof_Sierksma_twist_polynomial_cone_count.lean:836:10: Unused tactic linter: `change (Q, false) ∈ (ThreePartitions 9).product Finset.univ` does nothing

Note: This linter can be disabled with `set_option linter.unusedTactic false`
warning: SierksmaLean/Proofs/Proof_Sierksma_twist_polynomial_cone_count.lean:976:56: This simp argument is unused:
  himage

Hint: Omit it from the simp argument list.
  [apply] simp only [listedFace, Finsupp.smul_single, smul_eq_mul, htsign, hftsign]

Note: This linter can be disabled with `set_option linter.unusedSimpArgs false`
warning: SierksmaLean/Proofs/Proof_Sierksma_twist_polynomial_cone_count.lean:969:12: Used `tac1 <;> tac2` where `(tac1; tac2)` would suffice

Note: This linter can be disabled with `set_option linter.unnecessarySeqFocus false`
warning: SierksmaLean/Proofs/Proof_Sierksma_twist_polynomial_cone_count.lean:969:22: Used `tac1 <;> tac2` where `(tac1; tac2)` would suffice

Note: This linter can be disabled with `set_option linter.unnecessarySeqFocus false`
warning: SierksmaLean/Proofs/Proof_Sierksma_twist_polynomial_cone_count.lean:1002:13: This simp argument is unused:
  add_zero

Hint: Omit it from the simp argument list.
  [apply] simp only [zero_add]

Note: This linter can be disabled with `set_option linter.unusedSimpArgs false`
warning: SierksmaLean/Proofs/Proof_Sierksma_twist_polynomial_cone_count.lean:1003:10: Used `tac1 <;> tac2` where `(tac1; tac2)` would suffice

Note: This linter can be disabled with `set_option linter.unnecessarySeqFocus false`
warning: SierksmaLean/Proofs/Proof_Sierksma_twist_polynomial_cone_count.lean:1051:55: This simp argument is unused:
  hrank

Hint: Omit it from the simp argument list.
  [apply] simp only [Finsupp.smul_single, smul_eq_mul, incidence]

Note: This linter can be disabled with `set_option linter.unusedSimpArgs false`
warning: SierksmaLean/Proofs/Proof_Sierksma_twist_polynomial_cone_count.lean:1017:12: Used `tac1 <;> tac2` where `(tac1; tac2)` would suffice

Note: This linter can be disabled with `set_option linter.unnecessarySeqFocus false`
warning: SierksmaLean/Proofs/Proof_Sierksma_twist_polynomial_cone_count.lean:1017:22: Used `tac1 <;> tac2` where `(tac1; tac2)` would suffice

Note: This linter can be disabled with `set_option linter.unnecessarySeqFocus false`
warning: SierksmaLean/Proofs/Proof_Sierksma_twist_polynomial_cone_count.lean:1191:31: this tactic is never executed

Note: This linter can be disabled with `set_option linter.unreachableTactic false`
warning: SierksmaLean/Proofs/Proof_Sierksma_twist_polynomial_cone_count.lean:1191:31: Unused tactic linter: `omega` does nothing

Note: This linter can be disabled with `set_option linter.unusedTactic false`
warning: SierksmaLean/Proofs/Proof_Sierksma_twist_polynomial_cone_count.lean:1391:73: This simp argument is unused:
  Fin.coe_ofNat_eq_mod

Hint: Omit it from the simp argument list.
  [apply] simp only [SP, Equiv.Perm.mul_apply, SplitPosU, SplitPosV]

Note: This linter can be disabled with `set_option linter.unusedSimpArgs false`
warning: SierksmaLean/Proofs/Proof_Sierksma_twist_polynomial_cone_count.lean:1392:62: this tactic is never executed

Note: This linter can be disabled with `set_option linter.unreachableTactic false`
warning: SierksmaLean/Proofs/Proof_Sierksma_twist_polynomial_cone_count.lean:1392:62: Unused tactic linter: `omega` does nothing

Note: This linter can be disabled with `set_option linter.unusedTactic false`
warning: SierksmaLean/Proofs/Proof_Sierksma_twist_polynomial_cone_count.lean:1395:73: This simp argument is unused:
  Fin.coe_ofNat_eq_mod

Hint: Omit it from the simp argument list.
  [apply] simp only [SP, Equiv.Perm.mul_apply, SplitPosU, SplitPosV]

Note: This linter can be disabled with `set_option linter.unusedSimpArgs false`
warning: SierksmaLean/Proofs/Proof_Sierksma_twist_polynomial_cone_count.lean:1396:62: this tactic is never executed

Note: This linter can be disabled with `set_option linter.unreachableTactic false`
warning: SierksmaLean/Proofs/Proof_Sierksma_twist_polynomial_cone_count.lean:1396:62: Unused tactic linter: `omega` does nothing

Note: This linter can be disabled with `set_option linter.unusedTactic false`
warning: SierksmaLean/Proofs/Proof_Sierksma_twist_polynomial_cone_count.lean:1402:30: This simp argument is unused:
  Equiv.Perm.mul_apply

Hint: Omit it from the simp argument list.
  [apply] simp [Function.comp_apply, SP_zero, TwistPhi, Label, FC_zero]

Note: This linter can be disabled with `set_option linter.unusedSimpArgs false`
warning: SierksmaLean/Proofs/Proof_Sierksma_twist_polynomial_cone_count.lean:1409:29: This simp argument is unused:
  ZMod.val_natCast

Hint: Omit it from the simp argument list.
  [apply] simp [HexTuple, TwistPhi, Label, FC, HC, ha, SplitPosU, SplitPosV, Fin.coe_ofNat_eq_mod, ZMod.val_ofNat,
    ZMod.val_one_eq_one_mod]

Note: This linter can be disabled with `set_option linter.unusedSimpArgs false`
warning: SierksmaLean/Proofs/Proof_Sierksma_twist_polynomial_cone_count.lean:1416:29: This simp argument is unused:
  ZMod.val_natCast

Hint: Omit it from the simp argument list.
  [apply] simp [HexTuple, TwistPhi, Label, FC, HC, ha, SplitPosU, SplitPosV, Fin.coe_ofNat_eq_mod, ZMod.val_ofNat,
    ZMod.val_one_eq_one_mod]

Note: This linter can be disabled with `set_option linter.unusedSimpArgs false`
warning: SierksmaLean/Proofs/Proof_Sierksma_twist_polynomial_cone_count.lean:1423:29: This simp argument is unused:
  ZMod.val_natCast

Hint: Omit it from the simp argument list.
  [apply] simp [HexTuple, TwistPhi, Label, FC, HC, ha, SplitPosU, SplitPosV, Fin.coe_ofNat_eq_mod, ZMod.val_ofNat,
    ZMod.val_one_eq_one_mod]

Note: This linter can be disabled with `set_option linter.unusedSimpArgs false`
warning: SierksmaLean/Proofs/Proof_Sierksma_twist_polynomial_cone_count.lean:1430:29: This simp argument is unused:
  ZMod.val_natCast

Hint: Omit it from the simp argument list.
  [apply] simp [HexTuple, TwistPhi, Label, FC, HC, ha, SplitPosU, SplitPosV, Fin.coe_ofNat_eq_mod, ZMod.val_ofNat,
    ZMod.val_one_eq_one_mod]

Note: This linter can be disabled with `set_option linter.unusedSimpArgs false`
warning: SierksmaLean/Proofs/Proof_Sierksma_twist_polynomial_cone_count.lean:1437:29: This simp argument is unused:
  ZMod.val_natCast

Hint: Omit it from the simp argument list.
  [apply] simp [HexTuple, TwistPhi, Label, FC, HC, ha, SplitPosU, SplitPosV, Fin.coe_ofNat_eq_mod, ZMod.val_ofNat,
    ZMod.val_one_eq_one_mod]

Note: This linter can be disabled with `set_option linter.unusedSimpArgs false`
warning: SierksmaLean/Proofs/Proof_Sierksma_twist_polynomial_cone_count.lean:1444:29: This simp argument is unused:
  ZMod.val_natCast

Hint: Omit it from the simp argument list.
  [apply] simp [HexTuple, TwistPhi, Label, FC, HC, ha, SplitPosU, SplitPosV, Fin.coe_ofNat_eq_mod, ZMod.val_ofNat,
    ZMod.val_one_eq_one_mod]

Note: This linter can be disabled with `set_option linter.unusedSimpArgs false`
warning: SierksmaLean/Proofs/Proof_Sierksma_twist_polynomial_cone_count.lean:1451:29: This simp argument is unused:
  ZMod.val_natCast

Hint: Omit it from the simp argument list.
  [apply] simp [HexTuple, TwistPhi, Label, FC, HC, ha, SplitPosU, SplitPosV, Fin.coe_ofNat_eq_mod, ZMod.val_ofNat,
    ZMod.val_one_eq_one_mod]

Note: This linter can be disabled with `set_option linter.unusedSimpArgs false`
warning: SierksmaLean/Proofs/Proof_Sierksma_twist_polynomial_cone_count.lean:1458:29: This simp argument is unused:
  ZMod.val_natCast

Hint: Omit it from the simp argument list.
  [apply] simp [HexTuple, TwistPhi, Label, FC, HC, ha, SplitPosU, SplitPosV, Fin.coe_ofNat_eq_mod, ZMod.val_ofNat,
    ZMod.val_one_eq_one_mod]

Note: This linter can be disabled with `set_option linter.unusedSimpArgs false`
warning: SierksmaLean/Proofs/Proof_Sierksma_twist_polynomial_cone_count.lean:1465:26: This simp argument is unused:
  Equiv.Perm.sign_swap

Hint: Omit it from the simp argument list.
  [apply] simp_all

Note: This linter can be disabled with `set_option linter.unusedSimpArgs false`
warning: SierksmaLean/Proofs/Proof_Sierksma_twist_polynomial_cone_count.lean:1465:52: this tactic is never executed

Note: This linter can be disabled with `set_option linter.unreachableTactic false`
warning: SierksmaLean/Proofs/Proof_Sierksma_twist_polynomial_cone_count.lean:1465:52: Unused tactic linter: `omega` does nothing

Note: This linter can be disabled with `set_option linter.unusedTactic false`
warning: SierksmaLean/Proofs/Proof_Sierksma_twist_polynomial_cone_count.lean:1564:28: This simp argument is unused:
  CTerm

Hint: Omit it from the simp argument list.
  [apply] simp [Allowed, h0, hall, hz]

Note: This linter can be disabled with `set_option linter.unusedSimpArgs false`
warning: SierksmaLean/Proofs/Proof_Sierksma_twist_polynomial_cone_count.lean:1572:68: Variable name `hpi` is not explicitly referenced.

Hint: The binding can be removed (if unused) or named `_` (if used implicitly). Alternatively, prefix the name with `_` to silence this warning:
  [apply] _hpi

Note: This linter can be disabled with `set_option linter.unusedVariables false`
warning: SierksmaLean/Proofs/Proof_Sierksma_twist_polynomial_cone_count.lean:1589:25: This simp argument is unused:
  he

Hint: Omit it from the simp argument list.
  [apply] simp only [HexTuple, hg] at h

Note: This linter can be disabled with `set_option linter.unusedSimpArgs false`
warning: SierksmaLean/Proofs/Proof_Sierksma_twist_polynomial_cone_count.lean:1683:31: this tactic is never executed

Note: This linter can be disabled with `set_option linter.unreachableTactic false`
warning: SierksmaLean/Proofs/Proof_Sierksma_twist_polynomial_cone_count.lean:1683:31: Unused tactic linter: `omega` does nothing

Note: This linter can be disabled with `set_option linter.unusedTactic false`
warning: SierksmaLean/Proofs/Proof_Sierksma_twist_polynomial_cone_count.lean:1846:32: this tactic is never executed

Note: This linter can be disabled with `set_option linter.unreachableTactic false`
warning: SierksmaLean/Proofs/Proof_Sierksma_twist_polynomial_cone_count.lean:1846:32: Unused tactic linter: `ring` does nothing

Note: This linter can be disabled with `set_option linter.unusedTactic false`
warning: SierksmaLean/Proofs/Proof_Sierksma_twist_polynomial_cone_count.lean:2081:69: Variable name `hP` is not explicitly referenced.

Hint: The binding can be removed (if unused) or named `_` (if used implicitly). Alternatively, prefix the name with `_` to silence this warning:
  [apply] _hP

Note: This linter can be disabled with `set_option linter.unusedVariables false`
warning: SierksmaLean/Proofs/Proof_Sierksma_twist_polynomial_cone_count.lean:2090:12: This simp argument is unused:
  Function.comp_def

Hint: Omit it from the simp argument list.
  [apply] simp [EngineMap, TwistPhi, TargetTestMap, hv, hv24]

Note: This linter can be disabled with `set_option linter.unusedSimpArgs false`
✔ [9111/12392] Built SierksmaLean.Proofs.Proof_Sierksma_WitnessSign_prefix_102000 (9.8s)
✔ [9112/12392] Built SierksmaLean.Proofs.Proof_Sierksma_WitnessSign_prefix_101100 (12s)
✔ [9113/12392] Built SierksmaLean.Proofs.Proof_Sierksma_WitnessSign_prefix_100102 (17s)
✔ [9114/12392] Built SierksmaLean.Proofs.Proof_Sierksma_WitnessSign_prefix_100112 (16s)
✔ [9115/12392] Built SierksmaLean.Proofs.Proof_Sierksma_WitnessSign_prefix_100121 (17s)
✔ [9116/12392] Built SierksmaLean.Proofs.Proof_Sierksma_WitnessSign_prefix_100120 (17s)
✔ [9117/12392] Built SierksmaLean.Proofs.Proof_Sierksma_WitnessSign_prefix_100210 (17s)
✔ [9118/12392] Built SierksmaLean.Proofs.Proof_Sierksma_WitnessSign_prefix_100201 (17s)
✔ [9119/12392] Built SierksmaLean.Proofs.Proof_Sierksma_WitnessSign_prefix_100202 (17s)
✔ [9120/12392] Built SierksmaLean.Proofs.Proof_Sierksma_WitnessSign_prefix_100211 (17s)
✔ [9121/12392] Built SierksmaLean.Proofs.Proof_Sierksma_WitnessSign_prefix_100220 (16s)
✔ [9122/12392] Built SierksmaLean.Proofs.Proof_Sierksma_WitnessSign_prefix_100222 (16s)
✔ [9123/12392] Built SierksmaLean.Proofs.Proof_Sierksma_WitnessSign_prefix_101002 (17s)
✔ [9124/12392] Built SierksmaLean.Proofs.Proof_Sierksma_WitnessSign_prefix_102111 (9.5s)
✔ [9125/12392] Built SierksmaLean.Proofs.Proof_Sierksma_WitnessSign_prefix_101012 (17s)
✔ [9126/12392] Built SierksmaLean.Proofs.Proof_Sierksma_WitnessSign_prefix_101020 (17s)
✔ [9127/12392] Built SierksmaLean.Proofs.Proof_Sierksma_WitnessSign_prefix_101021 (17s)
✔ [9128/12392] Built SierksmaLean.Proofs.Proof_Sierksma_WitnessSign_prefix_100122 (20s)
✔ [9129/12392] Built SierksmaLean.Proofs.Proof_Sierksma_WitnessSign_prefix_101102 (16s)
✔ [9130/12392] Built SierksmaLean.Proofs.Proof_Sierksma_WitnessSign_prefix_100212 (20s)
✔ [9131/12392] Built SierksmaLean.Proofs.Proof_Sierksma_WitnessSign_prefix_101120 (16s)
✔ [9132/12392] Built SierksmaLean.Proofs.Proof_Sierksma_WitnessSign_prefix_000002 (4.5s)
✔ [9133/12392] Built SierksmaLean.Proofs.Proof_Sierksma_WitnessSign_prefix_101122 (16s)
✔ [9134/12392] Built SierksmaLean.Proofs.Proof_Sierksma_WitnessSign_prefix_100221 (20s)
✔ [9135/12392] Built SierksmaLean.Proofs.Proof_Sierksma_WitnessSign_prefix_101200 (16s)
✔ [9136/12392] Built SierksmaLean.Proofs.Proof_Sierksma_WitnessSign_prefix_101201 (16s)
✔ [9137/12392] Built SierksmaLean.Proofs.Proof_Sierksma_WitnessSign_prefix_101210 (16s)
✔ [9138/12392] Built SierksmaLean.Proofs.Proof_Sierksma_WitnessSign_prefix_110111 (4.6s)
✔ [9139/12392] Built SierksmaLean.Proofs.Proof_Sierksma_WitnessSign_prefix_101212 (16s)
✔ [9140/12392] Built SierksmaLean.Proofs.Proof_Sierksma_WitnessSign_prefix_101221 (16s)
✔ [9141/12392] Built SierksmaLean.Proofs.Proof_Sierksma_WitnessSign_prefix_110000 (8.0s)
✔ [9142/12392] Built SierksmaLean.Proofs.Proof_Sierksma_WitnessSign_prefix_101022 (20s)
✔ [9143/12392] Built SierksmaLean.Proofs.Proof_Sierksma_WitnessSign_prefix_101222 (16s)
✔ [9144/12392] Built SierksmaLean.Proofs.Proof_Sierksma_WitnessSign_prefix_102222 (9.5s)
✔ [9145/12392] Built SierksmaLean.Proofs.Proof_Sierksma_WitnessSign_prefix_110011 (8.8s)
✔ [9146/12392] Built SierksmaLean.Proofs.Proof_Sierksma_WitnessSign_prefix_102001 (17s)
✔ [9147/12392] Built SierksmaLean.Proofs.Proof_Sierksma_WitnessSign_prefix_102002 (16s)
✔ [9148/12392] Built SierksmaLean.Proofs.Proof_Sierksma_WitnessSign_prefix_102011 (16s)
✔ [9149/12392] Built SierksmaLean.Proofs.Proof_Sierksma_WitnessSign_prefix_102010 (17s)
✔ [9150/12392] Built SierksmaLean.Proofs.Proof_Sierksma_WitnessSign_prefix_102020 (17s)
✔ [9151/12392] Built SierksmaLean.Proofs.Proof_Sierksma_WitnessSign_prefix_102022 (16s)
✔ [9152/12392] Built SierksmaLean.Proofs.Proof_Sierksma_WitnessSign_prefix_110101 (8.0s)
✔ [9153/12392] Built SierksmaLean.Proofs.Proof_Sierksma_WitnessSign_prefix_101202 (20s)
✔ [9154/12392] Built SierksmaLean.Proofs.Proof_Sierksma_WitnessSign_prefix_102101 (16s)
✔ [9155/12392] Built SierksmaLean.Proofs.Proof_Sierksma_WitnessSign_prefix_102100 (17s)
✔ [9156/12392] Built SierksmaLean.Proofs.Proof_Sierksma_WitnessSign_prefix_101220 (20s)
✔ [9157/12392] Built SierksmaLean.Proofs.Proof_Sierksma_WitnessSign_prefix_102112 (16s)
✔ [9158/12392] Built SierksmaLean.Proofs.Proof_Sierksma_WitnessSign_prefix_111011 (4.6s)
✔ [9159/12392] Built SierksmaLean.Proofs.Proof_Sierksma_WitnessSign_prefix_102110 (17s)
✔ [9160/12392] Built SierksmaLean.Proofs.Proof_Sierksma_WitnessSign_prefix_110001 (12s)
✔ [9161/12392] Built SierksmaLean.Proofs.Proof_Sierksma_WitnessSign_prefix_102121 (16s)
✔ [9162/12392] Built SierksmaLean.Proofs.Proof_Sierksma_WitnessSign_prefix_110112 (9.5s)
✔ [9163/12392] Built SierksmaLean.Proofs.Proof_Sierksma_WitnessSign_prefix_110010 (12s)
✔ [9164/12392] Built SierksmaLean.Proofs.Proof_Sierksma_WitnessSign_prefix_111101 (4.5s)
✔ [9165/12392] Built SierksmaLean.Proofs.Proof_Sierksma_WitnessSign_prefix_110121 (9.5s)
✔ [9166/12392] Built SierksmaLean.Proofs.Proof_Sierksma_WitnessSign_prefix_102122 (16s)
✔ [9167/12392] Built SierksmaLean.Proofs.Proof_Sierksma_WitnessSign_prefix_111110 (4.7s)
✔ [9168/12392] Built SierksmaLean.Proofs.Proof_Sierksma_WitnessSign_prefix_111111 (4.0s)
✔ [9169/12392] Built SierksmaLean.Proofs.Proof_Sierksma_WitnessSign_prefix_102012 (20s)
✔ [9170/12392] Built SierksmaLean.Proofs.Proof_Sierksma_WitnessSign_prefix_102200 (17s)
✔ [9171/12392] Built SierksmaLean.Proofs.Proof_Sierksma_WitnessSign_prefix_102202 (16s)
✔ [9172/12392] Built SierksmaLean.Proofs.Proof_Sierksma_WitnessSign_prefix_111112 (4.6s)
✔ [9173/12392] Built SierksmaLean.Proofs.Proof_Sierksma_WitnessSign_prefix_102021 (20s)
✔ [9174/12392] Built SierksmaLean.Proofs.Proof_Sierksma_WitnessSign_prefix_102211 (17s)
✔ [9175/12392] Built SierksmaLean.Proofs.Proof_Sierksma_WitnessSign_prefix_111121 (4.8s)
✔ [9176/12392] Built SierksmaLean.Proofs.Proof_Sierksma_WitnessSign_prefix_102212 (16s)
✔ [9177/12392] Built SierksmaLean.Proofs.Proof_Sierksma_WitnessSign_prefix_102220 (16s)
✔ [9178/12392] Built SierksmaLean.Proofs.Proof_Sierksma_WitnessSign_prefix_102102 (20s)
✔ [9179/12392] Built SierksmaLean.Proofs.Proof_Sierksma_WitnessSign_prefix_110100 (12s)
✔ [9180/12392] Built SierksmaLean.Proofs.Proof_Sierksma_WitnessSign_prefix_110211 (9.7s)
✔ [9181/12392] Built SierksmaLean.Proofs.Proof_Sierksma_WitnessSign_prefix_102221 (16s)
✔ [9182/12392] Built SierksmaLean.Proofs.Proof_Sierksma_WitnessSign_prefix_111001 (9.1s)
✔ [9183/12392] Built SierksmaLean.Proofs.Proof_Sierksma_WitnessSign_prefix_111211 (4.5s)
✔ [9184/12392] Built SierksmaLean.Proofs.Proof_Sierksma_WitnessSign_prefix_111010 (8.9s)
✔ [9185/12392] Built SierksmaLean.Proofs.Proof_Sierksma_WitnessSign_prefix_102120 (20s)
✔ [9186/12392] Built SierksmaLean.Proofs.Proof_Sierksma_WitnessSign_prefix_111012 (9.7s)
✔ [9187/12392] Built SierksmaLean.Proofs.Proof_Sierksma_WitnessSign_prefix_110002 (17s)
✔ [9188/12392] Built SierksmaLean.Proofs.Proof_Sierksma_WitnessSign_prefix_102201 (20s)
✔ [9189/12392] Built SierksmaLean.Proofs.Proof_Sierksma_WitnessSign_prefix_111021 (9.6s)
✔ [9190/12392] Built SierksmaLean.Proofs.Proof_Sierksma_WitnessSign_prefix_111100 (8.9s)
✔ [9191/12392] Built SierksmaLean.Proofs.Proof_Sierksma_WitnessSign_prefix_102210 (20s)
✔ [9192/12392] Built SierksmaLean.Proofs.Proof_Sierksma_WitnessSign_prefix_110012 (16s)
✔ [9193/12392] Built SierksmaLean.Proofs.Proof_Sierksma_WitnessSign_prefix_110020 (17s)
✔ [9194/12392] Built SierksmaLean.Proofs.Proof_Sierksma_WitnessSign_prefix_111102 (9.7s)
✔ [9195/12392] Built SierksmaLean.Proofs.Proof_Sierksma_WitnessSign_prefix_112111 (4.6s)
✔ [9196/12392] Built SierksmaLean.Proofs.Proof_Sierksma_WitnessSign_prefix_110021 (16s)
✔ [9197/12392] Built SierksmaLean.Proofs.Proof_Sierksma_WitnessSign_prefix_111122 (8.9s)
✔ [9198/12392] Built SierksmaLean.Proofs.Proof_Sierksma_WitnessSign_prefix_111120 (9.4s)
✔ [9199/12392] Built SierksmaLean.Proofs.Proof_Sierksma_WitnessSign_prefix_110102 (17s)
✔ [9200/12392] Built SierksmaLean.Proofs.Proof_Sierksma_WitnessSign_prefix_111000 (13s)
✔ [9201/12392] Built SierksmaLean.Proofs.Proof_Sierksma_WitnessSign_prefix_111212 (8.8s)
✔ [9202/12392] Built SierksmaLean.Proofs.Proof_Sierksma_WitnessSign_prefix_110120 (17s)
✔ [9203/12392] Built SierksmaLean.Proofs.Proof_Sierksma_WitnessSign_prefix_110122 (16s)
✔ [9204/12392] Built SierksmaLean.Proofs.Proof_Sierksma_WitnessSign_prefix_111201 (9.6s)
✔ [9205/12392] Built SierksmaLean.Proofs.Proof_Sierksma_WitnessSign_prefix_111210 (9.6s)
✔ [9206/12392] Built SierksmaLean.Proofs.Proof_Sierksma_WitnessSign_prefix_111221 (8.9s)
✔ [9207/12392] Built SierksmaLean.Proofs.Proof_Sierksma_WitnessSign_prefix_110200 (17s)
✔ [9208/12392] Built SierksmaLean.Proofs.Proof_Sierksma_WitnessSign_prefix_110201 (16s)
✔ [9209/12392] Built SierksmaLean.Proofs.Proof_Sierksma_WitnessSign_prefix_110212 (16s)
✔ [9210/12392] Built SierksmaLean.Proofs.Proof_Sierksma_WitnessSign_prefix_110022 (20s)
✔ [9211/12392] Built SierksmaLean.Proofs.Proof_Sierksma_WitnessSign_prefix_110210 (16s)
✔ [9212/12392] Built SierksmaLean.Proofs.Proof_Sierksma_WitnessSign_prefix_112011 (9.6s)
✔ [9213/12392] Built SierksmaLean.Proofs.Proof_Sierksma_WitnessSign_prefix_110221 (16s)
✔ [9214/12392] Built SierksmaLean.Proofs.Proof_Sierksma_WitnessSign_prefix_112112 (9.0s)
✔ [9215/12392] Built SierksmaLean.Proofs.Proof_Sierksma_WitnessSign_prefix_112121 (8.6s)
✔ [9216/12392] Built SierksmaLean.Proofs.Proof_Sierksma_WitnessSign_prefix_112110 (9.4s)
✔ [9217/12392] Built SierksmaLean.Proofs.Proof_Sierksma_WitnessSign_prefix_112101 (9.6s)
✔ [9218/12392] Built SierksmaLean.Proofs.Proof_Sierksma_WitnessSign_prefix_110222 (17s)
✔ [9219/12392] Built SierksmaLean.Proofs.Proof_Sierksma_WitnessSign_prefix_111002 (16s)
✔ [9220/12392] Built SierksmaLean.Proofs.Proof_Sierksma_WitnessSign_prefix_112211 (8.0s)
✔ [9221/12392] Built SierksmaLean.Proofs.Proof_Sierksma_WitnessSign_prefix_110110 (8.9s)
✔ [9222/12392] Built SierksmaLean.Proofs.Proof_Sierksma_WitnessSign_prefix_111222 (12s)
✔ [9223/12392] Built SierksmaLean.Proofs.Proof_Sierksma_WitnessSign_prefix_111022 (16s)
✔ [9224/12392] Built SierksmaLean.Proofs.Proof_Sierksma_WitnessSign_prefix_111020 (17s)
✔ [9225/12392] Built SierksmaLean.Proofs.Proof_Sierksma_WitnessSign_prefix_112222 (8.8s)
✔ [9226/12392] Built SierksmaLean.Proofs.Proof_Sierksma_WitnessSign_prefix_110202 (20s)
✔ [9227/12392] Built SierksmaLean.Proofs.Proof_Sierksma_WitnessSign_prefix_120000 (9.8s)
✔ [9228/12392] Built SierksmaLean.Proofs.Proof_Sierksma_WitnessSign_prefix_110220 (20s)
✔ [9229/12392] Built SierksmaLean.Proofs.Proof_Sierksma_WitnessSign_prefix_112122 (12s)
✔ [9230/12392] Built SierksmaLean.Proofs.Proof_Sierksma_WitnessSign_prefix_111200 (17s)
✔ [9231/12392] Built SierksmaLean.Proofs.Proof_Sierksma_WitnessSign_prefix_111202 (16s)
✔ [9232/12392] Built SierksmaLean.Proofs.Proof_Sierksma_WitnessSign_prefix_111220 (16s)
✔ [9233/12392] Built SierksmaLean.Proofs.Proof_Sierksma_WitnessSign_prefix_120111 (9.4s)
✔ [9234/12392] Built SierksmaLean.Proofs.Proof_Sierksma_WitnessSign_prefix_112221 (12s)
✔ [9235/12392] Built SierksmaLean.Proofs.Proof_Sierksma_WitnessSign_prefix_112000 (16s)
✔ [9236/12392] Built SierksmaLean.Proofs.Proof_Sierksma_WitnessSign_prefix_112001 (17s)
✔ [9237/12392] Built SierksmaLean.Proofs.Proof_Sierksma_WitnessSign_prefix_121111 (4.5s)
✔ [9238/12392] Built SierksmaLean.Proofs.Proof_Sierksma_WitnessSign_prefix_112010 (17s)
✔ [9239/12392] Built SierksmaLean.Proofs.Proof_Sierksma_WitnessSign_prefix_112012 (16s)
✔ [9240/12392] Built SierksmaLean.Proofs.Proof_Sierksma_WitnessSign_prefix_112021 (16s)
✔ [9241/12392] Built SierksmaLean.Proofs.Proof_Sierksma_WitnessSign_prefix_112022 (16s)
✔ [9242/12392] Built SierksmaLean.Proofs.Proof_Sierksma_WitnessSign_prefix_112100 (17s)
✔ [9243/12392] Built SierksmaLean.Proofs.Proof_Sierksma_WitnessSign_prefix_112102 (16s)
✔ [9244/12392] Built SierksmaLean.Proofs.Proof_Sierksma_WitnessSign_prefix_112120 (16s)
✔ [9245/12392] Built SierksmaLean.Proofs.Proof_Sierksma_WitnessSign_prefix_112201 (17s)
✔ [9246/12392] Built SierksmaLean.Proofs.Proof_Sierksma_WitnessSign_prefix_112202 (16s)
✔ [9247/12392] Built SierksmaLean.Proofs.Proof_Sierksma_WitnessSign_prefix_112210 (16s)
✔ [9248/12392] Built SierksmaLean.Proofs.Proof_Sierksma_WitnessSign_prefix_120222 (9.6s)
✔ [9249/12392] Built SierksmaLean.Proofs.Proof_Sierksma_WitnessSign_prefix_112002 (19s)
✔ [9250/12392] Built SierksmaLean.Proofs.Proof_Sierksma_WitnessSign_prefix_112220 (16s)
✔ [9251/12392] Built SierksmaLean.Proofs.Proof_Sierksma_WitnessSign_prefix_121011 (9.4s)
✔ [9252/12392] Built SierksmaLean.Proofs.Proof_Sierksma_WitnessSign_prefix_112020 (20s)
✔ [9253/12392] Built SierksmaLean.Proofs.Proof_Sierksma_WitnessSign_prefix_120001 (16s)
✔ [9254/12392] Built SierksmaLean.Proofs.Proof_Sierksma_WitnessSign_prefix_120002 (17s)
✔ [9255/12392] Built SierksmaLean.Proofs.Proof_Sierksma_WitnessSign_prefix_120011 (16s)
✔ [9256/12392] Built SierksmaLean.Proofs.Proof_Sierksma_WitnessSign_prefix_121101 (9.5s)
✔ [9257/12392] Built SierksmaLean.Proofs.Proof_Sierksma_WitnessSign_prefix_121112 (9.1s)
✔ [9258/12392] Built SierksmaLean.Proofs.Proof_Sierksma_WitnessSign_prefix_121110 (9.3s)
✔ [9259/12392] Built SierksmaLean.Proofs.Proof_Sierksma_WitnessSign_prefix_120010 (17s)
✔ [9260/12392] Built SierksmaLean.Proofs.Proof_Sierksma_WitnessSign_prefix_120020 (17s)
✔ [9261/12392] Built SierksmaLean.Proofs.Proof_Sierksma_WitnessSign_prefix_120022 (16s)
✔ [9262/12392] Built SierksmaLean.Proofs.Proof_Sierksma_WitnessSign_prefix_112200 (20s)
✔ [9263/12392] Built SierksmaLean.Proofs.Proof_Sierksma_WitnessSign_prefix_120101 (16s)
✔ [9264/12392] Built SierksmaLean.Proofs.Proof_Sierksma_WitnessSign_prefix_121121 (8.9s)
✔ [9265/12392] Built SierksmaLean.Proofs.Proof_Sierksma_WitnessSign_prefix_120100 (17s)
✔ [9266/12392] Built SierksmaLean.Proofs.Proof_Sierksma_WitnessSign_prefix_120110 (17s)
✔ [9267/12392] Built SierksmaLean.Proofs.Proof_Sierksma_WitnessSign_prefix_120112 (16s)
✔ [9268/12392] Built SierksmaLean.Proofs.Proof_Sierksma_WitnessSign_prefix_120121 (16s)
✔ [9269/12392] Built SierksmaLean.Proofs.Proof_Sierksma_WitnessSign_prefix_120122 (16s)
✔ [9270/12392] Built SierksmaLean.Proofs.Proof_Sierksma_WitnessSign_prefix_120202 (16s)
✔ [9271/12392] Built SierksmaLean.Proofs.Proof_Sierksma_WitnessSign_prefix_120211 (16s)
✔ [9272/12392] Built SierksmaLean.Proofs.Proof_Sierksma_WitnessSign_prefix_121211 (8.9s)
✔ [9273/12392] Built SierksmaLean.Proofs.Proof_Sierksma_WitnessSign_prefix_120012 (20s)
✔ [9274/12392] Built SierksmaLean.Proofs.Proof_Sierksma_WitnessSign_prefix_120200 (17s)
✔ [9275/12392] Built SierksmaLean.Proofs.Proof_Sierksma_WitnessSign_prefix_120021 (20s)
✔ [9276/12392] Built SierksmaLean.Proofs.Proof_Sierksma_WitnessSign_prefix_120212 (16s)
✔ [9277/12392] Built SierksmaLean.Proofs.Proof_Sierksma_WitnessSign_prefix_121222 (8.7s)
✔ [9278/12392] Built SierksmaLean.Proofs.Proof_Sierksma_WitnessSign_prefix_120220 (16s)
✔ [9279/12392] Built SierksmaLean.Proofs.Proof_Sierksma_WitnessSign_prefix_120102 (20s)
✔ [9280/12392] Built SierksmaLean.Proofs.Proof_Sierksma_WitnessSign_prefix_120221 (16s)
✔ [9281/12392] Built SierksmaLean.Proofs.Proof_Sierksma_WitnessSign_prefix_121000 (17s)
✔ [9282/12392] Built SierksmaLean.Proofs.Proof_Sierksma_WitnessSign_prefix_121001 (16s)
✔ [9283/12392] Built SierksmaLean.Proofs.Proof_Sierksma_WitnessSign_prefix_121012 (16s)
✔ [9284/12392] Built SierksmaLean.Proofs.Proof_Sierksma_WitnessSign_prefix_121122 (12s)
✔ [9285/12392] Built SierksmaLean.Proofs.Proof_Sierksma_WitnessSign_prefix_120120 (20s)
✔ [9286/12392] Built SierksmaLean.Proofs.Proof_Sierksma_WitnessSign_prefix_121010 (17s)
✔ [9287/12392] Built SierksmaLean.Proofs.Proof_Sierksma_WitnessSign_prefix_122222 (4.8s)
✔ [9288/12392] Built SierksmaLean.Proofs.Proof_Sierksma_WitnessSign_prefix_200000 (4.5s)
✔ [9289/12392] Built SierksmaLean.Proofs.Proof_Sierksma_WitnessSign_prefix_121021 (16s)
✔ [9290/12392] Built SierksmaLean.Proofs.Proof_Sierksma_WitnessSign_prefix_121022 (16s)
✔ [9291/12392] Built SierksmaLean.Proofs.Proof_Sierksma_WitnessSign_prefix_120201 (20s)
✔ [9292/12392] Built SierksmaLean.Proofs.Proof_Sierksma_WitnessSign_prefix_120210 (20s)
✔ [9293/12392] Built SierksmaLean.Proofs.Proof_Sierksma_WitnessSign_prefix_121100 (16s)
✔ [9294/12392] Built SierksmaLean.Proofs.Proof_Sierksma_WitnessSign_prefix_121102 (16s)
✔ [9295/12392] Built SierksmaLean.Proofs.Proof_Sierksma_WitnessSign_prefix_121212 (12s)
✔ [9296/12392] Built SierksmaLean.Proofs.Proof_Sierksma_WitnessSign_prefix_122022 (9.8s)
✔ [9297/12392] Built SierksmaLean.Proofs.Proof_Sierksma_WitnessSign_prefix_121221 (12s)
✔ [9298/12392] Built SierksmaLean.Proofs.Proof_Sierksma_WitnessSign_prefix_121120 (16s)
✔ [9299/12392] Built SierksmaLean.Proofs.Proof_Sierksma_WitnessSign_prefix_122111 (9.0s)
✔ [9300/12392] Built SierksmaLean.Proofs.Proof_Sierksma_WitnessSign_prefix_121002 (20s)
✔ [9301/12392] Built SierksmaLean.Proofs.Proof_Sierksma_WitnessSign_prefix_122122 (8.0s)
✔ [9302/12392] Built SierksmaLean.Proofs.Proof_Sierksma_WitnessSign_prefix_121020 (20s)
✔ [9303/12392] Built SierksmaLean.Proofs.Proof_Sierksma_WitnessSign_prefix_122212 (8.8s)
✔ [9304/12392] Built SierksmaLean.Proofs.Proof_Sierksma_WitnessSign_prefix_122221 (8.8s)
✔ [9305/12392] Built SierksmaLean.Proofs.Proof_Sierksma_WitnessSign_prefix_122202 (9.5s)
✔ [9306/12392] Built SierksmaLean.Proofs.Proof_Sierksma_WitnessSign_prefix_121201 (16s)
✔ [9307/12392] Built SierksmaLean.Proofs.Proof_Sierksma_WitnessSign_prefix_122220 (9.8s)
✔ [9308/12392] Built SierksmaLean.Proofs.Proof_Sierksma_WitnessSign_prefix_121202 (16s)
✔ [9309/12392] Built SierksmaLean.Proofs.Proof_Sierksma_WitnessSign_prefix_121210 (16s)
✔ [9310/12392] Built SierksmaLean.Proofs.Proof_Sierksma_WitnessSign_prefix_200002 (9.0s)
✔ [9311/12392] Built SierksmaLean.Proofs.Proof_Sierksma_WitnessSign_prefix_200001 (9.9s)
✔ [9312/12392] Built SierksmaLean.Proofs.Proof_Sierksma_WitnessSign_prefix_121220 (16s)
✔ [9313/12392] Built SierksmaLean.Proofs.Proof_Sierksma_WitnessSign_prefix_122112 (12s)
✔ [9314/12392] Built SierksmaLean.Proofs.Proof_Sierksma_WitnessSign_prefix_200020 (9.1s)
✔ [9315/12392] Built SierksmaLean.Proofs.Proof_Sierksma_WitnessSign_prefix_122002 (16s)
✔ [9316/12392] Built SierksmaLean.Proofs.Proof_Sierksma_WitnessSign_prefix_122121 (12s)
✔ [9317/12392] Built SierksmaLean.Proofs.Proof_Sierksma_WitnessSign_prefix_200010 (9.8s)
✔ [9318/12392] Built SierksmaLean.Proofs.Proof_Sierksma_WitnessSign_prefix_122000 (17s)
✔ [9319/12392] Built SierksmaLean.Proofs.Proof_Sierksma_WitnessSign_prefix_122011 (16s)
✔ [9320/12392] Built SierksmaLean.Proofs.Proof_Sierksma_WitnessSign_prefix_122012 (16s)
✔ [9321/12392] Built SierksmaLean.Proofs.Proof_Sierksma_WitnessSign_prefix_121200 (20s)
✔ [9322/12392] Built SierksmaLean.Proofs.Proof_Sierksma_WitnessSign_prefix_122211 (12s)
✔ [9323/12392] Built SierksmaLean.Proofs.Proof_Sierksma_WitnessSign_prefix_200100 (10s)
✔ [9324/12392] Built SierksmaLean.Proofs.Proof_Sierksma_WitnessSign_prefix_122020 (16s)
✔ [9325/12392] Built SierksmaLean.Proofs.Proof_Sierksma_WitnessSign_prefix_122021 (16s)
✔ [9326/12392] Built SierksmaLean.Proofs.Proof_Sierksma_WitnessSign_prefix_200200 (9.3s)
✔ [9327/12392] Built SierksmaLean.Proofs.Proof_Sierksma_WitnessSign_prefix_122101 (16s)
✔ [9328/12392] Built SierksmaLean.Proofs.Proof_Sierksma_WitnessSign_prefix_122102 (16s)
✔ [9329/12392] Built SierksmaLean.Proofs.Proof_Sierksma_WitnessSign_prefix_122110 (16s)
✔ [9330/12392] Built SierksmaLean.Proofs.Proof_Sierksma_WitnessSign_prefix_200222 (8.0s)
✔ [9331/12392] Built SierksmaLean.Proofs.Proof_Sierksma_WitnessSign_prefix_122001 (20s)
✔ [9332/12392] Built SierksmaLean.Proofs.Proof_Sierksma_WitnessSign_prefix_122120 (16s)
✔ [9333/12392] Built SierksmaLean.Proofs.Proof_Sierksma_WitnessSign_prefix_122010 (20s)
✔ [9334/12392] Built SierksmaLean.Proofs.Proof_Sierksma_WitnessSign_prefix_200022 (13s)
✔ [9335/12392] Built SierksmaLean.Proofs.Proof_Sierksma_WitnessSign_prefix_122200 (16s)
✔ [9336/12392] Built SierksmaLean.Proofs.Proof_Sierksma_WitnessSign_prefix_122201 (16s)
✔ [9337/12392] Built SierksmaLean.Proofs.Proof_Sierksma_WitnessSign_prefix_201000 (9.0s)
✔ [9338/12392] Built SierksmaLean.Proofs.Proof_Sierksma_WitnessSign_prefix_122210 (16s)
✔ [9339/12392] Built SierksmaLean.Proofs.Proof_Sierksma_WitnessSign_prefix_122100 (20s)
✔ [9340/12392] Built SierksmaLean.Proofs.Proof_Sierksma_WitnessSign_prefix_200202 (13s)
✔ [9341/12392] Built SierksmaLean.Proofs.Proof_Sierksma_WitnessSign_prefix_200220 (12s)
✔ [9342/12392] Built SierksmaLean.Proofs.Proof_Sierksma_WitnessSign_prefix_201111 (9.6s)
✔ [9343/12392] Built SierksmaLean.Proofs.Proof_Sierksma_WitnessSign_prefix_200011 (17s)
✔ [9344/12392] Built SierksmaLean.Proofs.Proof_Sierksma_WitnessSign_prefix_200012 (17s)
✔ [9345/12392] Built SierksmaLean.Proofs.Proof_Sierksma_WitnessSign_prefix_200021 (17s)
✔ [9346/12392] Built SierksmaLean.Proofs.Proof_Sierksma_WitnessSign_prefix_200101 (17s)
✔ [9347/12392] Built SierksmaLean.Proofs.Proof_Sierksma_WitnessSign_prefix_200111 (16s)
✔ [9348/12392] Built SierksmaLean.Proofs.Proof_Sierksma_WitnessSign_prefix_200102 (17s)
✔ [9349/12392] Built SierksmaLean.Proofs.Proof_Sierksma_WitnessSign_prefix_200110 (17s)
✔ [9350/12392] Built SierksmaLean.Proofs.Proof_Sierksma_WitnessSign_prefix_200120 (17s)
✔ [9351/12392] Built SierksmaLean.Proofs.Proof_Sierksma_WitnessSign_prefix_202000 (9.1s)
✔ [9352/12392] Built SierksmaLean.Proofs.Proof_Sierksma_WitnessSign_prefix_200122 (17s)
✔ [9353/12392] Built SierksmaLean.Proofs.Proof_Sierksma_WitnessSign_prefix_201222 (9.8s)
✔ [9354/12392] Built SierksmaLean.Proofs.Proof_Sierksma_WitnessSign_prefix_200201 (17s)
✔ [9355/12392] Built SierksmaLean.Proofs.Proof_Sierksma_WitnessSign_prefix_200210 (17s)
✔ [9356/12392] Built SierksmaLean.Proofs.Proof_Sierksma_WitnessSign_prefix_200212 (16s)
✔ [9357/12392] Built SierksmaLean.Proofs.Proof_Sierksma_WitnessSign_prefix_200221 (17s)
✔ [9358/12392] Built SierksmaLean.Proofs.Proof_Sierksma_WitnessSign_prefix_202022 (8.8s)
✔ [9359/12392] Built SierksmaLean.Proofs.Proof_Sierksma_WitnessSign_prefix_201001 (16s)
✔ [9360/12392] Built SierksmaLean.Proofs.Proof_Sierksma_WitnessSign_prefix_201002 (17s)
✔ [9361/12392] Built SierksmaLean.Proofs.Proof_Sierksma_WitnessSign_prefix_201011 (16s)
✔ [9362/12392] Built SierksmaLean.Proofs.Proof_Sierksma_WitnessSign_prefix_201010 (17s)
✔ [9363/12392] Built SierksmaLean.Proofs.Proof_Sierksma_WitnessSign_prefix_200112 (20s)
✔ [9364/12392] Built SierksmaLean.Proofs.Proof_Sierksma_WitnessSign_prefix_201020 (16s)
✔ [9365/12392] Built SierksmaLean.Proofs.Proof_Sierksma_WitnessSign_prefix_202222 (4.5s)
✔ [9366/12392] Built SierksmaLean.Proofs.Proof_Sierksma_WitnessSign_prefix_201022 (16s)
✔ [9367/12392] Built SierksmaLean.Proofs.Proof_Sierksma_WitnessSign_prefix_200121 (20s)
✔ [9368/12392] Built SierksmaLean.Proofs.Proof_Sierksma_WitnessSign_prefix_200211 (20s)
✔ [9369/12392] Built SierksmaLean.Proofs.Proof_Sierksma_WitnessSign_prefix_202002 (13s)
✔ [9370/12392] Built SierksmaLean.Proofs.Proof_Sierksma_WitnessSign_prefix_202122 (9.5s)
✔ [9371/12392] Built SierksmaLean.Proofs.Proof_Sierksma_WitnessSign_prefix_201101 (16s)
✔ [9372/12392] Built SierksmaLean.Proofs.Proof_Sierksma_WitnessSign_prefix_201100 (17s)
✔ [9373/12392] Built SierksmaLean.Proofs.Proof_Sierksma_WitnessSign_prefix_201110 (17s)
✔ [9374/12392] Built SierksmaLean.Proofs.Proof_Sierksma_WitnessSign_prefix_201112 (16s)
✔ [9375/12392] Built SierksmaLean.Proofs.Proof_Sierksma_WitnessSign_prefix_201121 (16s)
✔ [9376/12392] Built SierksmaLean.Proofs.Proof_Sierksma_WitnessSign_prefix_202020 (13s)
✔ [9377/12392] Built SierksmaLean.Proofs.Proof_Sierksma_WitnessSign_prefix_202202 (9.0s)
✔ [9378/12392] Built SierksmaLean.Proofs.Proof_Sierksma_WitnessSign_prefix_201122 (16s)
✔ [9379/12392] Built SierksmaLean.Proofs.Proof_Sierksma_WitnessSign_prefix_201012 (20s)
✔ [9380/12392] Built SierksmaLean.Proofs.Proof_Sierksma_WitnessSign_prefix_201200 (17s)
✔ [9381/12392] Built SierksmaLean.Proofs.Proof_Sierksma_WitnessSign_prefix_201211 (16s)
✔ [9382/12392] Built SierksmaLean.Proofs.Proof_Sierksma_WitnessSign_prefix_201202 (16s)
✔ [9383/12392] Built SierksmaLean.Proofs.Proof_Sierksma_WitnessSign_prefix_201021 (20s)
✔ [9384/12392] Built SierksmaLean.Proofs.Proof_Sierksma_WitnessSign_prefix_201212 (16s)
✔ [9385/12392] Built SierksmaLean.Proofs.Proof_Sierksma_WitnessSign_prefix_202220 (8.9s)
✔ [9386/12392] Built SierksmaLean.Proofs.Proof_Sierksma_WitnessSign_prefix_201221 (16s)
✔ [9387/12392] Built SierksmaLean.Proofs.Proof_Sierksma_WitnessSign_prefix_201220 (17s)
✔ [9388/12392] Built SierksmaLean.Proofs.Proof_Sierksma_WitnessSign_prefix_202212 (9.6s)
✔ [9389/12392] Built SierksmaLean.Proofs.Proof_Sierksma_WitnessSign_prefix_201102 (20s)
✔ [9390/12392] Built SierksmaLean.Proofs.Proof_Sierksma_WitnessSign_prefix_202200 (13s)
✔ [9391/12392] Built SierksmaLean.Proofs.Proof_Sierksma_WitnessSign_prefix_202221 (9.6s)
✔ [9392/12392] Built SierksmaLean.Proofs.Proof_Sierksma_WitnessSign_prefix_202001 (17s)
✔ [9393/12392] Built SierksmaLean.Proofs.Proof_Sierksma_WitnessSign_prefix_210000 (9.8s)
✔ [9394/12392] Built SierksmaLean.Proofs.Proof_Sierksma_WitnessSign_prefix_202010 (17s)
✔ [9395/12392] Built SierksmaLean.Proofs.Proof_Sierksma_WitnessSign_prefix_202012 (16s)
✔ [9396/12392] Built SierksmaLean.Proofs.Proof_Sierksma_WitnessSign_prefix_201120 (20s)
✔ [9397/12392] Built SierksmaLean.Proofs.Proof_Sierksma_WitnessSign_prefix_202021 (17s)
✔ [9398/12392] Built SierksmaLean.Proofs.Proof_Sierksma_WitnessSign_prefix_202100 (17s)
✔ [9399/12392] Built SierksmaLean.Proofs.Proof_Sierksma_WitnessSign_prefix_201201 (20s)
✔ [9400/12392] Built SierksmaLean.Proofs.Proof_Sierksma_WitnessSign_prefix_201210 (20s)
✔ [9401/12392] Built SierksmaLean.Proofs.Proof_Sierksma_WitnessSign_prefix_202102 (17s)
✔ [9402/12392] Built SierksmaLean.Proofs.Proof_Sierksma_WitnessSign_prefix_202111 (16s)
✔ [9403/12392] Built SierksmaLean.Proofs.Proof_Sierksma_WitnessSign_prefix_202112 (16s)
✔ [9404/12392] Built SierksmaLean.Proofs.Proof_Sierksma_WitnessSign_prefix_202120 (16s)
✔ [9405/12392] Built SierksmaLean.Proofs.Proof_Sierksma_WitnessSign_prefix_202121 (16s)
✔ [9406/12392] Built SierksmaLean.Proofs.Proof_Sierksma_WitnessSign_prefix_210111 (9.4s)
✔ [9407/12392] Built SierksmaLean.Proofs.Proof_Sierksma_WitnessSign_prefix_202011 (20s)
✔ [9408/12392] Built SierksmaLean.Proofs.Proof_Sierksma_WitnessSign_prefix_211111 (4.5s)
✔ [9409/12392] Built SierksmaLean.Proofs.Proof_Sierksma_WitnessSign_prefix_202201 (16s)
✔ [9410/12392] Built SierksmaLean.Proofs.Proof_Sierksma_WitnessSign_prefix_202210 (16s)
✔ [9411/12392] Built SierksmaLean.Proofs.Proof_Sierksma_WitnessSign_prefix_202101 (20s)
✔ [9412/12392] Built SierksmaLean.Proofs.Proof_Sierksma_WitnessSign_prefix_210222 (9.5s)
✔ [9413/12392] Built SierksmaLean.Proofs.Proof_Sierksma_WitnessSign_prefix_202110 (20s)
✔ [9414/12392] Built SierksmaLean.Proofs.Proof_Sierksma_WitnessSign_prefix_202211 (16s)
✔ [9415/12392] Built SierksmaLean.Proofs.Proof_Sierksma_WitnessSign_prefix_211011 (9.6s)
✔ [9416/12392] Built SierksmaLean.Proofs.Proof_Sierksma_WitnessSign_prefix_210002 (17s)
✔ [9417/12392] Built SierksmaLean.Proofs.Proof_Sierksma_WitnessSign_prefix_211112 (8.8s)
✔ [9418/12392] Built SierksmaLean.Proofs.Proof_Sierksma_WitnessSign_prefix_210001 (17s)
✔ [9419/12392] Built SierksmaLean.Proofs.Proof_Sierksma_WitnessSign_prefix_211101 (9.7s)
✔ [9420/12392] Built SierksmaLean.Proofs.Proof_Sierksma_WitnessSign_prefix_210011 (16s)
✔ [9421/12392] Built SierksmaLean.Proofs.Proof_Sierksma_WitnessSign_prefix_211121 (9.1s)
✔ [9422/12392] Built SierksmaLean.Proofs.Proof_Sierksma_WitnessSign_prefix_210010 (17s)
✔ [9423/12392] Built SierksmaLean.Proofs.Proof_Sierksma_WitnessSign_prefix_211110 (9.6s)
✔ [9424/12392] Built SierksmaLean.Proofs.Proof_Sierksma_WitnessSign_prefix_210020 (17s)
✔ [9425/12392] Built SierksmaLean.Proofs.Proof_Sierksma_WitnessSign_prefix_210022 (16s)
✔ [9426/12392] Built SierksmaLean.Proofs.Proof_Sierksma_WitnessSign_prefix_211211 (8.9s)
✔ [9427/12392] Built SierksmaLean.Proofs.Proof_Sierksma_WitnessSign_prefix_210100 (17s)
✔ [9428/12392] Built SierksmaLean.Proofs.Proof_Sierksma_WitnessSign_prefix_210101 (16s)
✔ [9429/12392] Built SierksmaLean.Proofs.Proof_Sierksma_WitnessSign_prefix_210110 (16s)
✔ [9430/12392] Built SierksmaLean.Proofs.Proof_Sierksma_WitnessSign_prefix_210112 (16s)
✔ [9431/12392] Built SierksmaLean.Proofs.Proof_Sierksma_WitnessSign_prefix_210121 (16s)
✔ [9432/12392] Built SierksmaLean.Proofs.Proof_Sierksma_WitnessSign_prefix_211222 (8.7s)
✔ [9433/12392] Built SierksmaLean.Proofs.Proof_Sierksma_WitnessSign_prefix_210122 (16s)
✔ [9434/12392] Built SierksmaLean.Proofs.Proof_Sierksma_WitnessSign_prefix_210200 (17s)
✔ [9435/12392] Built SierksmaLean.Proofs.Proof_Sierksma_WitnessSign_prefix_210202 (16s)
✔ [9436/12392] Built SierksmaLean.Proofs.Proof_Sierksma_WitnessSign_prefix_211122 (12s)
✔ [9437/12392] Built SierksmaLean.Proofs.Proof_Sierksma_WitnessSign_prefix_210212 (16s)
✔ [9438/12392] Built SierksmaLean.Proofs.Proof_Sierksma_WitnessSign_prefix_210012 (20s)
✔ [9439/12392] Built SierksmaLean.Proofs.Proof_Sierksma_WitnessSign_prefix_210211 (16s)
✔ [9440/12392] Built SierksmaLean.Proofs.Proof_Sierksma_WitnessSign_prefix_210021 (20s)
✔ [9441/12392] Built SierksmaLean.Proofs.Proof_Sierksma_WitnessSign_prefix_210220 (17s)
✔ [9442/12392] Built SierksmaLean.Proofs.Proof_Sierksma_WitnessSign_prefix_210221 (16s)
✔ [9443/12392] Built SierksmaLean.Proofs.Proof_Sierksma_WitnessSign_prefix_210102 (20s)
✔ [9444/12392] Built SierksmaLean.Proofs.Proof_Sierksma_WitnessSign_prefix_211000 (17s)
✔ [9445/12392] Built SierksmaLean.Proofs.Proof_Sierksma_WitnessSign_prefix_211001 (16s)
✔ [9446/12392] Built SierksmaLean.Proofs.Proof_Sierksma_WitnessSign_prefix_212022 (9.6s)
✔ [9447/12392] Built SierksmaLean.Proofs.Proof_Sierksma_WitnessSign_prefix_211212 (12s)
✔ [9448/12392] Built SierksmaLean.Proofs.Proof_Sierksma_WitnessSign_prefix_210120 (20s)
✔ [9449/12392] Built SierksmaLean.Proofs.Proof_Sierksma_WitnessSign_prefix_211010 (17s)
✔ [9450/12392] Built SierksmaLean.Proofs.Proof_Sierksma_WitnessSign_prefix_211221 (12s)
✔ [9451/12392] Built SierksmaLean.Proofs.Proof_Sierksma_WitnessSign_prefix_212222 (4.7s)
✔ [9452/12392] Built SierksmaLean.Proofs.Proof_Sierksma_WitnessSign_prefix_211012 (16s)
✔ [9453/12392] Built SierksmaLean.Proofs.Proof_Sierksma_WitnessSign_prefix_211021 (16s)
✔ [9454/12392] Built SierksmaLean.Proofs.Proof_Sierksma_WitnessSign_prefix_212111 (8.0s)
✔ [9455/12392] Built SierksmaLean.Proofs.Proof_Sierksma_WitnessSign_prefix_211022 (17s)
✔ [9456/12392] Built SierksmaLean.Proofs.Proof_Sierksma_WitnessSign_prefix_211100 (16s)
✔ [9457/12392] Built SierksmaLean.Proofs.Proof_Sierksma_WitnessSign_prefix_210201 (20s)
✔ [9458/12392] Built SierksmaLean.Proofs.Proof_Sierksma_WitnessSign_prefix_211102 (17s)
✔ [9459/12392] Built SierksmaLean.Proofs.Proof_Sierksma_WitnessSign_prefix_210210 (20s)
✔ [9460/12392] Built SierksmaLean.Proofs.Proof_Sierksma_WitnessSign_prefix_211120 (16s)
✔ [9461/12392] Built SierksmaLean.Proofs.Proof_Sierksma_WitnessSign_prefix_211201 (16s)
✔ [9462/12392] Built SierksmaLean.Proofs.Proof_Sierksma_WitnessSign_prefix_211202 (16s)
✔ [9463/12392] Built SierksmaLean.Proofs.Proof_Sierksma_WitnessSign_prefix_211210 (16s)
✔ [9464/12392] Built SierksmaLean.Proofs.Proof_Sierksma_WitnessSign_prefix_212122 (8.9s)
✔ [9465/12392] Built SierksmaLean.Proofs.Proof_Sierksma_WitnessSign_prefix_211002 (20s)
✔ [9466/12392] Built SierksmaLean.Proofs.Proof_Sierksma_WitnessSign_prefix_212202 (9.6s)
✔ [9467/12392] Built SierksmaLean.Proofs.Proof_Sierksma_WitnessSign_prefix_212212 (9.0s)
✔ [9468/12392] Built SierksmaLean.Proofs.Proof_Sierksma_WitnessSign_prefix_211220 (16s)
✔ [9469/12392] Built SierksmaLean.Proofs.Proof_Sierksma_WitnessSign_prefix_211020 (20s)
✔ [9470/12392] Built SierksmaLean.Proofs.Proof_Sierksma_WitnessSign_prefix_212221 (9.2s)
✔ [9471/12392] Built SierksmaLean.Proofs.Proof_Sierksma_WitnessSign_prefix_212220 (9.6s)
✔ [9472/12392] Built SierksmaLean.Proofs.Proof_Sierksma_WitnessSign_prefix_220000 (9.3s)
✔ [9473/12392] Built SierksmaLean.Proofs.Proof_Sierksma_WitnessSign_prefix_212002 (16s)
✔ [9474/12392] Built SierksmaLean.Proofs.Proof_Sierksma_WitnessSign_prefix_212000 (17s)
✔ [9475/12392] Built SierksmaLean.Proofs.Proof_Sierksma_WitnessSign_prefix_220222 (4.8s)
✔ [9476/12392] Built SierksmaLean.Proofs.Proof_Sierksma_WitnessSign_prefix_212011 (16s)
✔ [9477/12392] Built SierksmaLean.Proofs.Proof_Sierksma_WitnessSign_prefix_212012 (16s)
✔ [9478/12392] Built SierksmaLean.Proofs.Proof_Sierksma_WitnessSign_prefix_212112 (12s)
✔ [9479/12392] Built SierksmaLean.Proofs.Proof_Sierksma_WitnessSign_prefix_211200 (20s)
✔ [9480/12392] Built SierksmaLean.Proofs.Proof_Sierksma_WitnessSign_prefix_212021 (16s)
✔ [9481/12392] Built SierksmaLean.Proofs.Proof_Sierksma_WitnessSign_prefix_212020 (16s)
✔ [9482/12392] Built SierksmaLean.Proofs.Proof_Sierksma_WitnessSign_prefix_212121 (12s)
✔ [9483/12392] Built SierksmaLean.Proofs.Proof_Sierksma_WitnessSign_prefix_212211 (12s)
✔ [9484/12392] Built SierksmaLean.Proofs.Proof_Sierksma_WitnessSign_prefix_220022 (9.1s)
✔ [9485/12392] Built SierksmaLean.Proofs.Proof_Sierksma_WitnessSign_prefix_212101 (16s)
✔ [9486/12392] Built SierksmaLean.Proofs.Proof_Sierksma_WitnessSign_prefix_212102 (16s)
✔ [9487/12392] Built SierksmaLean.Proofs.Proof_Sierksma_WitnessSign_prefix_212001 (20s)
✔ [9488/12392] Built SierksmaLean.Proofs.Proof_Sierksma_WitnessSign_prefix_212110 (17s)
✔ [9489/12392] Built SierksmaLean.Proofs.Proof_Sierksma_WitnessSign_prefix_212010 (20s)
✔ [9490/12392] Built SierksmaLean.Proofs.Proof_Sierksma_WitnessSign_prefix_220202 (9.0s)
✔ [9491/12392] Built SierksmaLean.Proofs.Proof_Sierksma_WitnessSign_prefix_220122 (9.6s)
✔ [9492/12392] Built SierksmaLean.Proofs.Proof_Sierksma_WitnessSign_prefix_220002 (12s)
✔ [9493/12392] Built SierksmaLean.Proofs.Proof_Sierksma_WitnessSign_prefix_220220 (9.3s)
✔ [9494/12392] Built SierksmaLean.Proofs.Proof_Sierksma_WitnessSign_prefix_220212 (9.7s)
✔ [9495/12392] Built SierksmaLean.Proofs.Proof_Sierksma_WitnessSign_prefix_212120 (16s)
✔ [9496/12392] Built SierksmaLean.Proofs.Proof_Sierksma_WitnessSign_prefix_220221 (9.8s)
✔ [9497/12392] Built SierksmaLean.Proofs.Proof_Sierksma_WitnessSign_prefix_220020 (12s)
✔ [9498/12392] Built SierksmaLean.Proofs.Proof_Sierksma_WitnessSign_prefix_212200 (16s)
✔ [9499/12392] Built SierksmaLean.Proofs.Proof_Sierksma_WitnessSign_prefix_221222 (4.6s)
✔ [9500/12392] Built SierksmaLean.Proofs.Proof_Sierksma_WitnessSign_prefix_212201 (16s)
✔ [9501/12392] Built SierksmaLean.Proofs.Proof_Sierksma_WitnessSign_prefix_212210 (17s)
✔ [9502/12392] Built SierksmaLean.Proofs.Proof_Sierksma_WitnessSign_prefix_212100 (20s)
✔ [9503/12392] Built SierksmaLean.Proofs.Proof_Sierksma_WitnessSign_prefix_221022 (9.5s)
✔ [9504/12392] Built SierksmaLean.Proofs.Proof_Sierksma_WitnessSign_prefix_220200 (13s)
✔ [9505/12392] Built SierksmaLean.Proofs.Proof_Sierksma_WitnessSign_prefix_221111 (8.9s)
✔ [9506/12392] Built SierksmaLean.Proofs.Proof_Sierksma_WitnessSign_prefix_220001 (17s)
✔ [9507/12392] Built SierksmaLean.Proofs.Proof_Sierksma_WitnessSign_prefix_221122 (8.7s)
✔ [9508/12392] Built SierksmaLean.Proofs.Proof_Sierksma_WitnessSign_prefix_222022 (4.6s)
✔ [9509/12392] Built SierksmaLean.Proofs.Proof_Sierksma_WitnessSign_prefix_220010 (17s)
✔ [9510/12392] Built SierksmaLean.Proofs.Proof_Sierksma_WitnessSign_prefix_220012 (17s)
✔ [9511/12392] Built SierksmaLean.Proofs.Proof_Sierksma_WitnessSign_prefix_220021 (16s)
✔ [9512/12392] Built SierksmaLean.Proofs.Proof_Sierksma_WitnessSign_prefix_221212 (8.0s)
✔ [9513/12392] Built SierksmaLean.Proofs.Proof_Sierksma_WitnessSign_prefix_221221 (8.9s)
✔ [9514/12392] Built SierksmaLean.Proofs.Proof_Sierksma_WitnessSign_prefix_221202 (9.7s)
✔ [9515/12392] Built SierksmaLean.Proofs.Proof_Sierksma_WitnessSign_prefix_220102 (16s)
✔ [9516/12392] Built SierksmaLean.Proofs.Proof_Sierksma_WitnessSign_prefix_220100 (17s)
✔ [9517/12392] Built SierksmaLean.Proofs.Proof_Sierksma_WitnessSign_prefix_222122 (4.6s)
✔ [9518/12392] Built SierksmaLean.Proofs.Proof_Sierksma_WitnessSign_prefix_220111 (17s)
✔ [9519/12392] Built SierksmaLean.Proofs.Proof_Sierksma_WitnessSign_prefix_220112 (17s)
✔ [9520/12392] Built SierksmaLean.Proofs.Proof_Sierksma_WitnessSign_prefix_221220 (9.6s)
✔ [9521/12392] Built SierksmaLean.Proofs.Proof_Sierksma_WitnessSign_prefix_220120 (16s)
✔ [9522/12392] Built SierksmaLean.Proofs.Proof_Sierksma_WitnessSign_prefix_220121 (16s)
✔ [9523/12392] Built SierksmaLean.Proofs.Proof_Sierksma_WitnessSign_prefix_222002 (9.0s)
✔ [9524/12392] Built SierksmaLean.Proofs.Proof_Sierksma_WitnessSign_prefix_222202 (4.7s)
✔ [9525/12392] Built SierksmaLean.Proofs.Proof_Sierksma_WitnessSign_prefix_220011 (20s)
✔ [9526/12392] Built SierksmaLean.Proofs.Proof_Sierksma_WitnessSign_prefix_220201 (17s)
✔ [9527/12392] Built SierksmaLean.Proofs.Proof_Sierksma_WitnessSign_prefix_220210 (16s)
✔ [9528/12392] Built SierksmaLean.Proofs.Proof_Sierksma_WitnessSign_prefix_220211 (16s)
✔ [9529/12392] Built SierksmaLean.Proofs.Proof_Sierksma_WitnessSign_prefix_221112 (12s)
✔ [9530/12392] Built SierksmaLean.Proofs.Proof_Sierksma_WitnessSign_prefix_222212 (4.7s)
✔ [9531/12392] Built SierksmaLean.Proofs.Proof_Sierksma_WitnessSign_prefix_221121 (13s)
✔ [9532/12392] Built SierksmaLean.Proofs.Proof_Sierksma_WitnessSign_prefix_222020 (8.9s)
✔ [9533/12392] Built SierksmaLean.Proofs.Proof_Sierksma_WitnessSign_prefix_222012 (9.6s)
✔ [9534/12392] Built SierksmaLean.Proofs.Proof_Sierksma_WitnessSign_prefix_222220 (4.7s)
✔ [9535/12392] Built SierksmaLean.Proofs.Proof_Sierksma_WitnessSign_prefix_222221 (4.6s)
⚠ [9536/12392] Built SierksmaLean.Theorems.Thm_Sierksma_FB_edge_transport_endpoints (3.0s)
warning: SierksmaLean/Theorems/Thm_Sierksma_FB_edge_transport_endpoints.lean:6:40: Variable name `hπ` is not explicitly referenced.

Hint: The binding can be removed (if unused) or named `_` (if used implicitly). Alternatively, prefix the name with `_` to silence this warning:
  [apply] _hπ

Note: This linter can be disabled with `set_option linter.unusedVariables false`
✔ [9537/12392] Built SierksmaLean.Proofs.Proof_Sierksma_WitnessSign_prefix_221002 (17s)
✔ [9538/12392] Built SierksmaLean.Proofs.Proof_Sierksma_WitnessSign_prefix_222222 (4.6s)
✔ [9539/12392] Built SierksmaLean.Proofs.Proof_Sierksma_WitnessSign_prefix_221000 (17s)
✔ [9540/12392] Built SierksmaLean.Proofs.Proof_Sierksma_WitnessSign_prefix_221011 (17s)
✔ [9541/12392] Built SierksmaLean.Proofs.Proof_Sierksma_WitnessSign_prefix_221211 (13s)
✔ [9542/12392] Built SierksmaLean.Proofs.Proof_Sierksma_WitnessSign_prefix_222021 (9.7s)
✔ [9543/12392] Built SierksmaLean.Proofs.Proof_Sierksma_WitnessSign_prefix_220101 (20s)
✔ [9544/12392] Built SierksmaLean.Proofs.Proof_Sierksma_WitnessSign_prefix_221012 (16s)
✔ [9545/12392] Built SierksmaLean.Proofs.Proof_Sierksma_WitnessSign_prefix_220110 (20s)
✔ [9546/12392] Built SierksmaLean.Proofs.Proof_Sierksma_WitnessSign_prefix_221021 (16s)
✔ [9547/12392] Built SierksmaLean.Proofs.Proof_Sierksma_WitnessSign_prefix_222102 (9.8s)
✔ [9548/12392] Built SierksmaLean.Proofs.Proof_Sierksma_WitnessSign_prefix_222112 (9.0s)
✔ [9549/12392] Built SierksmaLean.Proofs.Proof_Sierksma_WitnessSign_prefix_222121 (8.8s)
✔ [9550/12392] Built SierksmaLean.Proofs.Proof_Sierksma_WitnessSign_prefix_221020 (17s)
✔ [9551/12392] Built SierksmaLean.Proofs.Proof_Sierksma_WitnessSign_prefix_222000 (13s)
✔ [9552/12392] Built SierksmaLean.Proofs.Proof_Sierksma_WitnessSign_prefix_221101 (16s)
✔ [9553/12392] Built SierksmaLean.Proofs.Proof_Sierksma_WitnessSign_prefix_222120 (9.7s)
✔ [9554/12392] Built SierksmaLean.Proofs.Proof_Sierksma_WitnessSign_prefix_222200 (9.0s)
✔ [9555/12392] Built SierksmaLean.Proofs.Proof_Sierksma_WitnessSign_prefix_221102 (16s)
✔ [9556/12392] Built SierksmaLean.Proofs.Proof_Sierksma_WitnessSign_prefix_221110 (16s)
✔ [9557/12392] Built SierksmaLean.Proofs.Proof_Sierksma_WitnessSign_prefix_221120 (16s)
✔ [9558/12392] Built SierksmaLean.Proofs.Proof_Sierksma_WitnessSign_prefix_222201 (9.7s)
✔ [9559/12392] Built SierksmaLean.Proofs.Proof_Sierksma_WitnessSign_prefix_221001 (20s)
✔ [9560/12392] Built SierksmaLean.Proofs.Proof_Sierksma_WitnessSign_prefix_222211 (8.9s)
✔ [9561/12392] Built SierksmaLean.Proofs.Proof_Sierksma_WitnessSign_prefix_221010 (20s)
✔ [9562/12392] Built SierksmaLean.Proofs.Proof_Sierksma_WitnessSign_prefix_221201 (16s)
✔ [9563/12392] Built SierksmaLean.Proofs.Proof_Sierksma_WitnessSign_prefix_221210 (16s)
✔ [9564/12392] Built SierksmaLean.Proofs.Proof_Sierksma_WitnessSign_prefix_222210 (9.8s)
✔ [9565/12392] Built SierksmaLean.Proofs.Proof_Sierksma_WitnessSign_prefix_221200 (17s)
✔ [9566/12392] Built SierksmaLean.Proofs.Proof_Sierksma_WitnessSign_prefix_222111 (12s)
✔ [9567/12392] Built SierksmaLean.Proofs.Proof_Sierksma_WitnessSign_prefix_221100 (20s)
⚠ [9568/12392] Built SierksmaLean.Theorems.Thm_Sierksma_FB_rgs_canonical (4.0s)
warning: SierksmaLean/Theorems/Thm_Sierksma_FB_rgs_canonical.lean:6:27: Variable name `hs` is not explicitly referenced.

Hint: The binding can be removed (if unused) or named `_` (if used implicitly). Alternatively, prefix the name with `_` to silence this warning:
  [apply] _hs

Note: This linter can be disabled with `set_option linter.unusedVariables false`
warning: SierksmaLean/Theorems/Thm_Sierksma_FB_rgs_canonical.lean:7:5: Variable name `hr` is not explicitly referenced.

Hint: The binding can be removed (if unused) or named `_` (if used implicitly). Alternatively, prefix the name with `_` to silence this warning:
  [apply] _hr

Note: This linter can be disabled with `set_option linter.unusedVariables false`
⚠ [9569/12392] Built SierksmaLean.Theorems.Thm_Sierksma_rational_generic_real_bridge (4.2s)
warning: SierksmaLean/Theorems/Thm_Sierksma_rational_generic_real_bridge.lean:7:22: Variable name `h` is not explicitly referenced.

Hint: The binding can be removed (if unused) or named `_` (if used implicitly). Alternatively, prefix the name with `_` to silence this warning:
  [apply] _h

Note: This linter can be disabled with `set_option linter.unusedVariables false`
✔ [9570/12392] Built SierksmaLean.Theorems.Thm_Sierksma_FB_Kbuild_spec (3.8s)
✔ [9571/12392] Built SierksmaLean.Proofs.Proof_Sierksma_WitnessSign_prefix_222001 (17s)
⚠ [9572/12392] Built SierksmaLean.Proofs.Proof_Sierksma_engine_generic_dense_of_witness (4.7s)
warning: SierksmaLean/Proofs/Proof_Sierksma_engine_generic_dense_of_witness.lean:10:2: Try this: 
  letI̵

The goal is a proposition, so `let` is preferred over `letI`.
The difference between `let` and `letI` is that `letI` inlines the value.
But this is not relevant for proofs because of proof irrelevance.

Note: This linter can be disabled with `set_option linter.style.haveILetI false`
⚠ [9573/12392] Built SierksmaLean.Proofs.Proof_Sierksma_g4_sorted_triples_suffice (5.0s)
warning: SierksmaLean/Proofs/Proof_Sierksma_g4_sorted_triples_suffice.lean:30:27: This simp argument is unused:
  Matrix.vecHead

Hint: Omit it from the simp argument list.
  [apply] simp [Matrix.of_apply, Matrix.vecTail, Pi.sub_apply]

Note: This linter can be disabled with `set_option linter.unusedSimpArgs false`
warning: SierksmaLean/Proofs/Proof_Sierksma_g4_sorted_triples_suffice.lean:30:43: This simp argument is unused:
  Matrix.vecTail

Hint: Omit it from the simp argument list.
  [apply] simp [Matrix.of_apply, Matrix.vecHead, Pi.sub_apply]

Note: This linter can be disabled with `set_option linter.unusedSimpArgs false`
✔ [9574/12392] Built SierksmaLean.Proofs.Proof_Sierksma_WitnessG4_edge_01 (10s)
✔ [9575/12392] Built SierksmaLean.Proofs.Proof_Sierksma_WitnessG4_edge_02 (10s)
✔ [9576/12392] Built SierksmaLean.Proofs.Proof_Sierksma_WitnessSign_prefix_222010 (16s)
✔ [9577/12392] Built SierksmaLean.Proofs.Proof_Sierksma_WitnessG4_edge_03 (10s)
✔ [9578/12392] Built SierksmaLean.Proofs.Proof_Sierksma_WitnessSign_prefix_222011 (16s)
✔ [9579/12392] Built SierksmaLean.Proofs.Proof_Sierksma_WitnessG4_edge_05 (10s)
⚠ [9580/12392] Built SierksmaLean.Proofs.Proof_Sierksma_engine_generic_prefix_auxiliary (6.2s)
warning: SierksmaLean/Proofs/Proof_Sierksma_engine_generic_prefix_auxiliary.lean:12:2: Try this: 
  letI̵

The goal is a proposition, so `let` is preferred over `letI`.
The difference between `let` and `letI` is that `letI` inlines the value.
But this is not relevant for proofs because of proof irrelevance.

Note: This linter can be disabled with `set_option linter.style.haveILetI false`
✔ [9581/12392] Built SierksmaLean.Proofs.Proof_Sierksma_WitnessG4_edge_07 (10s)
✔ [9582/12392] Built SierksmaLean.Proofs.Proof_Sierksma_WitnessG4_edge_06 (10s)
✔ [9583/12392] Built SierksmaLean.Proofs.Proof_Sierksma_WitnessG4_edge_08 (10s)
✔ [9584/12392] Built SierksmaLean.Proofs.Proof_Sierksma_WitnessG4_edge_04 (11s)
✔ [9585/12392] Built SierksmaLean.Proofs.Proof_Sierksma_WitnessG4_edge_12 (10s)
✔ [9586/12392] Built SierksmaLean.Proofs.Proof_Sierksma_WitnessG4_edge_13 (10s)
✔ [9587/12392] Built SierksmaLean.Proofs.Proof_Sierksma_FB_k_normtab2_0 (5.0s)
✔ [9588/12392] Built SierksmaLean.Proofs.Proof_Sierksma_FB_k_enormtab (4.1s)
✔ [9589/12392] Built SierksmaLean.Proofs.Proof_Sierksma_WitnessG4_edge_14 (10s)
✔ [9590/12392] Built SierksmaLean.Proofs.Proof_Sierksma_WitnessSign_prefix_222100 (17s)
✔ [9591/12392] Built SierksmaLean.Proofs.Proof_Sierksma_WitnessSign_prefix_222101 (17s)
✔ [9592/12392] Built SierksmaLean.Proofs.Proof_Sierksma_WitnessSign_prefix_222110 (16s)
✔ [9593/12392] Built SierksmaLean.Proofs.Proof_Sierksma_WitnessG4_edge_15 (10s)
✔ [9594/12392] Built SierksmaLean.Proofs.Proof_Sierksma_WitnessG4_edge_16 (10s)
✔ [9595/12392] Built SierksmaLean.Proofs.Proof_Sierksma_WitnessG4_edge_17 (10s)
✔ [9596/12392] Built SierksmaLean.Proofs.Proof_Sierksma_WitnessSign_prefix_112212 (12s)
✔ [9597/12392] Built SierksmaLean.Proofs.Proof_Sierksma_FB_k_c4lo (4.3s)
✔ [9598/12392] Built SierksmaLean.Theorems.Thm_Sierksma_FB_finite_core_box_aux (3.8s)
✔ [9599/12392] Built SierksmaLean.Proofs.Proof_Sierksma_WitnessG4_edge_18 (10s)
✔ [9600/12392] Built SierksmaLean.Theorems.Thm_Sierksma_FB_tab_colD0 (3.6s)
✔ [9601/12392] Built SierksmaLean.Theorems.Thm_Sierksma_FB_tab_colD1 (3.6s)
⚠ [9602/12392] Built SierksmaLean.Proofs.Proof_Sierksma_generic_locus_strong_gp (7.8s)
warning: SierksmaLean/Proofs/Proof_Sierksma_generic_locus_strong_gp.lean:33:27: This simp argument is unused:
  Matrix.vecTail

Hint: Omit it from the simp argument list.
  [apply] simp [Matrix.of_apply, Matrix.vecHead, Pi.sub_apply]

Note: This linter can be disabled with `set_option linter.unusedSimpArgs false`
warning: SierksmaLean/Proofs/Proof_Sierksma_generic_locus_strong_gp.lean:33:43: This simp argument is unused:
  Matrix.vecHead

Hint: Omit it from the simp argument list.
  [apply] simp [Matrix.of_apply, Matrix.vecTail, Pi.sub_apply]

Note: This linter can be disabled with `set_option linter.unusedSimpArgs false`
✔ [9603/12392] Built SierksmaLean.Proofs.Proof_Sierksma_WitnessG4_edge_23 (10s)
✔ [9604/12392] Built SierksmaLean.Proofs.Proof_Sierksma_WitnessG4_edge_24 (10s)
✔ [9605/12392] Built SierksmaLean.Proofs.Proof_Sierksma_WitnessG4_edge_25 (10s)
✔ [9606/12392] Built SierksmaLean.Proofs.Proof_Sierksma_WitnessG4_edge_26 (10s)
⚠ [9607/12392] Built SierksmaLean.Theorems.Thm_Sierksma_model_facet_certificate (4.1s)
warning: SierksmaLean/Theorems/Thm_Sierksma_model_facet_certificate.lean:10:2: Variable name `hd` is not explicitly referenced.

Hint: The binding can be removed (if unused) or named `_` (if used implicitly). Alternatively, prefix the name with `_` to silence this warning:
  [apply] _hd

Note: This linter can be disabled with `set_option linter.unusedVariables false`
warning: SierksmaLean/Theorems/Thm_Sierksma_model_facet_certificate.lean:11:2: Variable name `hMB` is not explicitly referenced.

Hint: The binding can be removed (if unused) or named `_` (if used implicitly). Alternatively, prefix the name with `_` to silence this warning:
  [apply] _hMB

Note: This linter can be disabled with `set_option linter.unusedVariables false`
warning: SierksmaLean/Theorems/Thm_Sierksma_model_facet_certificate.lean:12:2: Variable name `hLU` is not explicitly referenced.

Hint: The binding can be removed (if unused) or named `_` (if used implicitly). Alternatively, prefix the name with `_` to silence this warning:
  [apply] _hLU

Note: This linter can be disabled with `set_option linter.unusedVariables false`
warning: SierksmaLean/Theorems/Thm_Sierksma_model_facet_certificate.lean:13:2: Variable name `hL` is not explicitly referenced.

Hint: The binding can be removed (if unused) or named `_` (if used implicitly). Alternatively, prefix the name with `_` to silence this warning:
  [apply] _hL

Note: This linter can be disabled with `set_option linter.unusedVariables false`
warning: SierksmaLean/Theorems/Thm_Sierksma_model_facet_certificate.lean:13:29: Variable name `hU` is not explicitly referenced.

Hint: The binding can be removed (if unused) or named `_` (if used implicitly). Alternatively, prefix the name with `_` to silence this warning:
  [apply] _hU

Note: This linter can be disabled with `set_option linter.unusedVariables false`
warning: SierksmaLean/Theorems/Thm_Sierksma_model_facet_certificate.lean:14:2: Variable name `hdiag` is not explicitly referenced.

Hint: The binding can be removed (if unused) or named `_` (if used implicitly). Alternatively, prefix the name with `_` to silence this warning:
  [apply] _hdiag

Note: This linter can be disabled with `set_option linter.unusedVariables false`
warning: SierksmaLean/Theorems/Thm_Sierksma_model_facet_certificate.lean:15:2: Variable name `hB` is not explicitly referenced.

Hint: The binding can be removed (if unused) or named `_` (if used implicitly). Alternatively, prefix the name with `_` to silence this warning:
  [apply] _hB

Note: This linter can be disabled with `set_option linter.unusedVariables false`
warning: SierksmaLean/Theorems/Thm_Sierksma_model_facet_certificate.lean:16:2: Variable name `hpositive` is not explicitly referenced.

Hint: The binding can be removed (if unused) or named `_` (if used implicitly). Alternatively, prefix the name with `_` to silence this warning:
  [apply] _hpositive

Note: This linter can be disabled with `set_option linter.unusedVariables false`
✔ [9608/12392] Built SierksmaLean.Theorems.Thm_Sierksma_FB_tab_colD3 (3.6s)
✔ [9609/12392] Built SierksmaLean.Proofs.Proof_Sierksma_WitnessG4_edge_27 (10s)
✔ [9610/12392] Built SierksmaLean.Proofs.Proof_Sierksma_WitnessG4_edge_28 (10s)
✔ [9611/12392] Built SierksmaLean.Proofs.Proof_Sierksma_WitnessG4_edge_34 (10s)
✔ [9612/12392] Built SierksmaLean.Theorems.Thm_Sierksma_WitnessSign_prefix_000000 (3.9s)
✔ [9613/12392] Built SierksmaLean.Theorems.Thm_Sierksma_WitnessSign_prefix_000001 (3.8s)
✔ [9614/12392] Built SierksmaLean.Theorems.Thm_Sierksma_WitnessSign_prefix_000010 (3.7s)
✔ [9615/12392] Built SierksmaLean.Proofs.Proof_Sierksma_WitnessG4_edge_35 (10s)
✔ [9616/12392] Built SierksmaLean.Proofs.Proof_Sierksma_WitnessG4_edge_36 (10s)
✔ [9617/12392] Built SierksmaLean.Proofs.Proof_Sierksma_WitnessG4_edge_37 (10s)
✔ [9618/12392] Built SierksmaLean.Proofs.Proof_Sierksma_WitnessG4_edge_38 (10s)
✔ [9619/12392] Built SierksmaLean.Proofs.Proof_Sierksma_WitnessG4_edge_45 (10s)
✔ [9620/12392] Built SierksmaLean.Theorems.Thm_Sierksma_FB_tab_colD2 (3.8s)
✔ [9621/12392] Built SierksmaLean.Proofs.Proof_Sierksma_FB_k_normtab2_1 (7.4s)
✔ [9622/12392] Built SierksmaLean.Proofs.Proof_Sierksma_WitnessG4_edge_46 (10s)
✔ [9623/12392] Built SierksmaLean.Theorems.Thm_Sierksma_WitnessSign_prefix_000020 (3.9s)
✔ [9624/12392] Built SierksmaLean.Theorems.Thm_Sierksma_WitnessSign_prefix_000100 (4.0s)
✔ [9625/12392] Built SierksmaLean.Proofs.Proof_Sierksma_FB_k_rootlink (6.0s)
✔ [9626/12392] Built SierksmaLean.Proofs.Proof_Sierksma_WitnessG4_edge_48 (10s)
✔ [9627/12392] Built SierksmaLean.Proofs.Proof_Sierksma_WitnessG4_edge_56 (10s)
✔ [9628/12392] Built SierksmaLean.Theorems.Thm_Sierksma_WitnessSign_prefix_000200 (3.0s)
✔ [9629/12392] Built SierksmaLean.Theorems.Thm_Sierksma_WitnessSign_prefix_001000 (4.0s)
✔ [9630/12392] Built SierksmaLean.Proofs.Proof_Sierksma_WitnessG4_edge_57 (10s)
✔ [9631/12392] Built SierksmaLean.Theorems.Thm_Sierksma_FB_tab_colB0 (4.2s)
✔ [9632/12392] Built SierksmaLean.Theorems.Thm_Sierksma_FB_tab_colB2 (3.0s)
✔ [9633/12392] Built SierksmaLean.Theorems.Thm_Sierksma_FB_tab_colB3 (4.0s)
✔ [9634/12392] Built SierksmaLean.Theorems.Thm_Sierksma_generic_witness_g1_sorted (4.2s)
✔ [9635/12392] Built SierksmaLean.Proofs.Proof_Sierksma_WitnessG4_edge_47 (11s)
✔ [9636/12392] Built SierksmaLean.Proofs.Proof_Sierksma_WitnessG4_edge_58 (10s)
✔ [9637/12392] Built SierksmaLean.Proofs.Proof_Sierksma_WitnessG4_edge_67 (10s)
✔ [9638/12392] Built SierksmaLean.Proofs.Proof_Sierksma_WitnessG4_edge_68 (10s)
✔ [9639/12392] Built SierksmaLean.Proofs.Proof_Sierksma_WitnessG4_edge_78 (10s)
✔ [9640/12392] Built SierksmaLean.Theorems.Thm_Sierksma_WitnessSign_prefix_000220 (3.0s)
✔ [9641/12392] Built SierksmaLean.Theorems.Thm_Sierksma_WitnessSign_prefix_000022 (4.1s)
✔ [9642/12392] Built SierksmaLean.Theorems.Thm_Sierksma_WitnessSign_prefix_000110 (4.1s)
✔ [9643/12392] Built SierksmaLean.Theorems.Thm_Sierksma_WitnessSign_prefix_000210 (4.1s)
✔ [9644/12392] Built SierksmaLean.Theorems.Thm_Sierksma_FB_tab_colB1 (4.1s)
✔ [9645/12392] Built SierksmaLean.Theorems.Thm_Sierksma_WitnessSign_prefix_000011 (4.5s)
✔ [9646/12392] Built SierksmaLean.Theorems.Thm_Sierksma_WitnessSign_prefix_000012 (4.8s)
✔ [9647/12392] Built SierksmaLean.Theorems.Thm_Sierksma_WitnessSign_prefix_000101 (4.5s)
✔ [9648/12392] Built SierksmaLean.Theorems.Thm_Sierksma_WitnessSign_prefix_000102 (4.5s)
✔ [9649/12392] Built SierksmaLean.Theorems.Thm_Sierksma_WitnessSign_prefix_000120 (4.4s)
✔ [9650/12392] Built SierksmaLean.Theorems.Thm_Sierksma_WitnessSign_prefix_001010 (4.5s)
✔ [9651/12392] Built SierksmaLean.Proofs.Proof_Sierksma_FB_k_normtab2_2 (9.3s)
✔ [9652/12392] Built SierksmaLean.Theorems.Thm_Sierksma_WitnessSign_prefix_000021 (4.8s)
✔ [9653/12392] Built SierksmaLean.Theorems.Thm_Sierksma_WitnessSign_prefix_000201 (4.8s)
✔ [9654/12392] Built SierksmaLean.Theorems.Thm_Sierksma_WitnessSign_prefix_000202 (4.8s)
✔ [9655/12392] Built SierksmaLean.Theorems.Thm_Sierksma_WitnessSign_prefix_001001 (4.8s)
✔ [9656/12392] Built SierksmaLean.Theorems.Thm_Sierksma_WitnessSign_prefix_001020 (4.3s)
✔ [9657/12392] Built SierksmaLean.Theorems.Thm_Sierksma_WitnessSign_prefix_002000 (4.5s)
✔ [9658/12392] Built SierksmaLean.Theorems.Thm_Sierksma_WitnessSign_prefix_000222 (4.3s)
✔ [9659/12392] Built SierksmaLean.Theorems.Thm_Sierksma_WitnessSign_prefix_001100 (4.3s)
✔ [9660/12392] Built SierksmaLean.Theorems.Thm_Sierksma_WitnessSign_prefix_001111 (4.8s)
✔ [9661/12392] Built SierksmaLean.Theorems.Thm_Sierksma_WitnessSign_prefix_001011 (4.5s)
✔ [9662/12392] Built SierksmaLean.Theorems.Thm_Sierksma_WitnessSign_prefix_001110 (4.4s)
✔ [9663/12392] Built SierksmaLean.Theorems.Thm_Sierksma_WitnessSign_prefix_001002 (4.5s)
✔ [9664/12392] Built SierksmaLean.Theorems.Thm_Sierksma_WitnessSign_prefix_001101 (4.5s)
✔ [9665/12392] Built SierksmaLean.Theorems.Thm_Sierksma_WitnessSign_prefix_000111 (5.1s)
✔ [9666/12392] Built SierksmaLean.Theorems.Thm_Sierksma_WitnessSign_prefix_000112 (4.5s)
✔ [9667/12392] Built SierksmaLean.Theorems.Thm_Sierksma_WitnessSign_prefix_000121 (4.5s)
✔ [9668/12392] Built SierksmaLean.Theorems.Thm_Sierksma_WitnessSign_prefix_000122 (4.1s)
✔ [9669/12392] Built SierksmaLean.Theorems.Thm_Sierksma_WitnessSign_prefix_001200 (4.6s)
✔ [9670/12392] Built SierksmaLean.Theorems.Thm_Sierksma_WitnessSign_prefix_002001 (4.8s)
✔ [9671/12392] Built SierksmaLean.Theorems.Thm_Sierksma_WitnessSign_prefix_002010 (4.2s)
✔ [9672/12392] Built SierksmaLean.Theorems.Thm_Sierksma_WitnessSign_prefix_000211 (5.1s)
✔ [9673/12392] Built SierksmaLean.Theorems.Thm_Sierksma_WitnessSign_prefix_000212 (5.1s)
✔ [9674/12392] Built SierksmaLean.Theorems.Thm_Sierksma_WitnessSign_prefix_002020 (4.7s)
✔ [9675/12392] Built SierksmaLean.Theorems.Thm_Sierksma_WitnessSign_prefix_010000 (4.6s)
✔ [9676/12392] Built SierksmaLean.Proofs.Proof_Sierksma_FB_k_tab_intt (13s)
✔ [9677/12392] Built SierksmaLean.Theorems.Thm_Sierksma_WitnessSign_prefix_000221 (5.1s)
✔ [9678/12392] Built SierksmaLean.Theorems.Thm_Sierksma_WitnessSign_prefix_002002 (5.5s)
✔ [9679/12392] Built SierksmaLean.Theorems.Thm_Sierksma_WitnessSign_prefix_002100 (5.0s)
✔ [9680/12392] Built SierksmaLean.Proofs.Proof_Sierksma_FB_k_normtab2_3 (11s)
✔ [9681/12392] Built SierksmaLean.Theorems.Thm_Sierksma_WitnessSign_prefix_001012 (4.0s)
✔ [9682/12392] Built SierksmaLean.Theorems.Thm_Sierksma_WitnessSign_prefix_001021 (4.9s)
✔ [9683/12392] Built SierksmaLean.Theorems.Thm_Sierksma_WitnessSign_prefix_001102 (4.8s)
✔ [9684/12392] Built SierksmaLean.Theorems.Thm_Sierksma_WitnessSign_prefix_001112 (4.8s)
✔ [9685/12392] Built SierksmaLean.Theorems.Thm_Sierksma_WitnessSign_prefix_001120 (4.8s)
✔ [9686/12392] Built SierksmaLean.Theorems.Thm_Sierksma_FB_tab_pe (4.8s)
✔ [9687/12392] Built SierksmaLean.Theorems.Thm_Sierksma_WitnessSign_prefix_001022 (5.0s)
✔ [9688/12392] Built SierksmaLean.Theorems.Thm_Sierksma_WitnessSign_prefix_001121 (5.5s)
✔ [9689/12392] Built SierksmaLean.Theorems.Thm_Sierksma_WitnessSign_prefix_001122 (4.9s)
✔ [9690/12392] Built SierksmaLean.Theorems.Thm_Sierksma_WitnessSign_prefix_001202 (5.4s)
✔ [9691/12392] Built SierksmaLean.Theorems.Thm_Sierksma_WitnessSign_prefix_001220 (4.8s)
✔ [9692/12392] Built SierksmaLean.Theorems.Thm_Sierksma_WitnessSign_prefix_002200 (5.7s)
✔ [9693/12392] Built SierksmaLean.Theorems.Thm_Sierksma_WitnessSign_prefix_002202 (4.9s)
✔ [9694/12392] Built SierksmaLean.Theorems.Thm_Sierksma_WitnessSign_prefix_010001 (4.9s)
✔ [9695/12392] Built SierksmaLean.Theorems.Thm_Sierksma_WitnessSign_prefix_001201 (5.4s)
✔ [9696/12392] Built SierksmaLean.Theorems.Thm_Sierksma_WitnessSign_prefix_001210 (6.1s)
✔ [9697/12392] Built SierksmaLean.Theorems.Thm_Sierksma_WitnessSign_prefix_001211 (5.5s)
✔ [9698/12392] Built SierksmaLean.Theorems.Thm_Sierksma_WitnessSign_prefix_001222 (5.4s)
✔ [9699/12392] Built SierksmaLean.Theorems.Thm_Sierksma_WitnessSign_prefix_002022 (5.4s)
✔ [9700/12392] Built SierksmaLean.Theorems.Thm_Sierksma_WitnessSign_prefix_002220 (4.0s)
✔ [9701/12392] Built SierksmaLean.Theorems.Thm_Sierksma_WitnessSign_prefix_002222 (5.5s)
✔ [9702/12392] Built SierksmaLean.Theorems.Thm_Sierksma_WitnessSign_prefix_002011 (5.1s)
✔ [9703/12392] Built SierksmaLean.Theorems.Thm_Sierksma_WitnessSign_prefix_010002 (5.5s)
✔ [9704/12392] Built SierksmaLean.Theorems.Thm_Sierksma_WitnessSign_prefix_010010 (5.5s)
✔ [9705/12392] Built SierksmaLean.Theorems.Thm_Sierksma_WitnessSign_prefix_001212 (5.2s)
✔ [9706/12392] Built SierksmaLean.Theorems.Thm_Sierksma_WitnessSign_prefix_002012 (5.2s)
✔ [9707/12392] Built SierksmaLean.Theorems.Thm_Sierksma_WitnessSign_prefix_010100 (5.2s)
✔ [9708/12392] Built SierksmaLean.Theorems.Thm_Sierksma_WitnessSign_prefix_010111 (5.2s)
⚠ [9709/12392] Built SierksmaLean.Theorems.Thm_Sierksma_coefficients_to_signed_system (5.9s)
warning: SierksmaLean/Theorems/Thm_Sierksma_coefficients_to_signed_system.lean:9:5: Variable name `h` is not explicitly referenced.

Hint: The binding can be removed (if unused) or named `_` (if used implicitly). Alternatively, prefix the name with `_` to silence this warning:
  [apply] _h

Note: This linter can be disabled with `set_option linter.unusedVariables false`
✔ [9710/12392] Built SierksmaLean.Theorems.Thm_Sierksma_hexagon_join_cycle (5.2s)
✔ [9711/12392] Built SierksmaLean.Theorems.Thm_Sierksma_WitnessSign_prefix_001221 (5.1s)
✔ [9712/12392] Built SierksmaLean.Theorems.Thm_Sierksma_WitnessSign_prefix_002021 (5.1s)
✔ [9713/12392] Built SierksmaLean.Theorems.Thm_Sierksma_WitnessSign_prefix_002102 (5.1s)
✔ [9714/12392] Built SierksmaLean.Theorems.Thm_Sierksma_WitnessSign_prefix_002111 (5.3s)
✔ [9715/12392] Built SierksmaLean.Theorems.Thm_Sierksma_WitnessSign_prefix_002122 (5.1s)
✔ [9716/12392] Built SierksmaLean.Theorems.Thm_Sierksma_WitnessSign_prefix_010020 (5.5s)
✔ [9717/12392] Built SierksmaLean.Theorems.Thm_Sierksma_WitnessSign_prefix_002120 (4.8s)
✔ [9718/12392] Built SierksmaLean.Theorems.Thm_Sierksma_WitnessSign_prefix_002101 (5.8s)
✔ [9719/12392] Built SierksmaLean.Theorems.Thm_Sierksma_WitnessSign_prefix_002110 (5.2s)
✔ [9720/12392] Built SierksmaLean.Theorems.Thm_Sierksma_WitnessSign_prefix_002201 (5.0s)
✔ [9721/12392] Built SierksmaLean.Theorems.Thm_Sierksma_WitnessSign_prefix_002112 (5.1s)
✔ [9722/12392] Built SierksmaLean.Theorems.Thm_Sierksma_WitnessSign_prefix_002210 (5.8s)
✔ [9723/12392] Built SierksmaLean.Theorems.Thm_Sierksma_WitnessSign_prefix_002212 (5.7s)
✔ [9724/12392] Built SierksmaLean.Theorems.Thm_Sierksma_WitnessSign_prefix_010011 (5.8s)
✔ [9725/12392] Built SierksmaLean.Theorems.Thm_Sierksma_WitnessSign_prefix_010101 (5.2s)
✔ [9726/12392] Built SierksmaLean.Theorems.Thm_Sierksma_WitnessSign_prefix_010110 (5.1s)
✔ [9727/12392] Built SierksmaLean.Theorems.Thm_Sierksma_WitnessSign_prefix_010200 (5.6s)
✔ [9728/12392] Built SierksmaLean.Theorems.Thm_Sierksma_WitnessSign_prefix_011111 (5.1s)
⚠ [9729/12392] Built SierksmaLean.Theorems.Thm_Sierksma_FB_run_sound (5.2s)
warning: SierksmaLean/Theorems/Thm_Sierksma_FB_run_sound.lean:7:5: Variable name `h` is not explicitly referenced.

Hint: The binding can be removed (if unused) or named `_` (if used implicitly). Alternatively, prefix the name with `_` to silence this warning:
  [apply] _h

Note: This linter can be disabled with `set_option linter.unusedVariables false`
warning: SierksmaLean/Theorems/Thm_Sierksma_FB_run_sound.lean:8:5: Variable name `hext` is not explicitly referenced.

Hint: The binding can be removed (if unused) or named `_` (if used implicitly). Alternatively, prefix the name with `_` to silence this warning:
  [apply] _hext

Note: This linter can be disabled with `set_option linter.unusedVariables false`
✔ [9730/12392] Built SierksmaLean.Theorems.Thm_Sierksma_WitnessSign_prefix_002121 (5.8s)
✔ [9731/12392] Built SierksmaLean.Theorems.Thm_Sierksma_WitnessSign_prefix_002211 (5.3s)
✔ [9732/12392] Built SierksmaLean.Theorems.Thm_Sierksma_WitnessSign_prefix_002221 (6.4s)
✔ [9733/12392] Built SierksmaLean.Theorems.Thm_Sierksma_WitnessSign_prefix_010021 (5.2s)
✔ [9734/12392] Built SierksmaLean.Theorems.Thm_Sierksma_WitnessSign_prefix_011000 (5.6s)
✔ [9735/12392] Built SierksmaLean.Theorems.Thm_Sierksma_WitnessSign_prefix_011011 (5.2s)
✔ [9736/12392] Built SierksmaLean.Theorems.Thm_Sierksma_WitnessSign_prefix_011101 (4.8s)
✔ [9737/12392] Built SierksmaLean.Theorems.Thm_Sierksma_WitnessSign_prefix_011110 (4.8s)
✔ [9738/12392] Built SierksmaLean.Theorems.Thm_Sierksma_WitnessSign_prefix_010022 (4.0s)
⚠ [9739/12392] Built SierksmaLean.Theorems.Thm_Sierksma_test_map_degree_stability (5.5s)
warning: SierksmaLean/Theorems/Thm_Sierksma_test_map_degree_stability.lean:7:24: Variable name `hP` is not explicitly referenced.

Hint: The binding can be removed (if unused) or named `_` (if used implicitly). Alternatively, prefix the name with `_` to silence this warning:
  [apply] _hP

Note: This linter can be disabled with `set_option linter.unusedVariables false`
warning: SierksmaLean/Theorems/Thm_Sierksma_test_map_degree_stability.lean:7:74: Variable name `hpi` is not explicitly referenced.

Hint: The binding can be removed (if unused) or named `_` (if used implicitly). Alternatively, prefix the name with `_` to silence this warning:
  [apply] _hpi

Note: This linter can be disabled with `set_option linter.unusedVariables false`
✔ [9740/12392] Built SierksmaLean.Proofs.Proof_Sierksma_FB_k_normtab1 (17s)
✔ [9741/12392] Built SierksmaLean.Proofs.Proof_Sierksma_FB_k_normtab2_4 (16s)
✔ [9742/12392] Built SierksmaLean.Theorems.Thm_Sierksma_WitnessSign_prefix_010012 (5.5s)
✔ [9743/12392] Built SierksmaLean.Theorems.Thm_Sierksma_WitnessSign_prefix_010102 (5.2s)
✔ [9744/12392] Built SierksmaLean.Theorems.Thm_Sierksma_WitnessSign_prefix_011112 (5.2s)
✔ [9745/12392] Built SierksmaLean.Theorems.Thm_Sierksma_WitnessSign_prefix_010120 (5.8s)
✔ [9746/12392] Built SierksmaLean.Theorems.Thm_Sierksma_WitnessSign_prefix_010112 (6.2s)
✔ [9747/12392] Built SierksmaLean.Theorems.Thm_Sierksma_WitnessSign_prefix_010121 (5.5s)
✔ [9748/12392] Built SierksmaLean.Theorems.Thm_Sierksma_WitnessSign_prefix_010201 (5.5s)
✔ [9749/12392] Built SierksmaLean.Theorems.Thm_Sierksma_WitnessSign_prefix_010202 (5.4s)
✔ [9750/12392] Built SierksmaLean.Theorems.Thm_Sierksma_WitnessSign_prefix_010210 (5.4s)
✔ [9751/12392] Built SierksmaLean.Theorems.Thm_Sierksma_WitnessSign_prefix_011001 (6.2s)
✔ [9752/12392] Built SierksmaLean.Theorems.Thm_Sierksma_WitnessSign_prefix_011010 (5.7s)
✔ [9753/12392] Built SierksmaLean.Theorems.Thm_Sierksma_WitnessSign_prefix_011121 (5.5s)
✔ [9754/12392] Built SierksmaLean.Theorems.Thm_Sierksma_WitnessSign_prefix_011211 (5.5s)
✔ [9755/12392] Built SierksmaLean.Proofs.Proof_Sierksma_FB_k_labtab (19s)
✔ [9756/12392] Built SierksmaLean.Theorems.Thm_Sierksma_WitnessSign_prefix_011100 (5.4s)
✔ [9757/12392] Built SierksmaLean.Theorems.Thm_Sierksma_WitnessSign_prefix_012000 (5.4s)
✔ [9758/12392] Built SierksmaLean.Theorems.Thm_Sierksma_WitnessSign_prefix_010211 (5.2s)
✔ [9759/12392] Built SierksmaLean.Theorems.Thm_Sierksma_WitnessSign_prefix_010220 (5.2s)
✔ [9760/12392] Built SierksmaLean.Theorems.Thm_Sierksma_WitnessSign_prefix_010122 (5.4s)
✔ [9761/12392] Built SierksmaLean.Theorems.Thm_Sierksma_WitnessSign_prefix_011021 (4.9s)
✔ [9762/12392] Built SierksmaLean.Theorems.Thm_Sierksma_WitnessSign_prefix_012111 (5.4s)
⚠ [9763/12392] Built SierksmaLean.Theorems.Thm_Sierksma_pl_orbit_move_multiple_three (4.5s)
warning: SierksmaLean/Theorems/Thm_Sierksma_pl_orbit_move_multiple_three.lean:9:5: Variable name `hx` is not explicitly referenced.

Hint: The binding can be removed (if unused) or named `_` (if used implicitly). Alternatively, prefix the name with `_` to silence this warning:
  [apply] _hx

Note: This linter can be disabled with `set_option linter.unusedVariables false`
warning: SierksmaLean/Theorems/Thm_Sierksma_pl_orbit_move_multiple_three.lean:9:28: Variable name `hy` is not explicitly referenced.

Hint: The binding can be removed (if unused) or named `_` (if used implicitly). Alternatively, prefix the name with `_` to silence this warning:
  [apply] _hy

Note: This linter can be disabled with `set_option linter.unusedVariables false`
warning: SierksmaLean/Theorems/Thm_Sierksma_pl_orbit_move_multiple_three.lean:9:51: Variable name `hm` is not explicitly referenced.

Hint: The binding can be removed (if unused) or named `_` (if used implicitly). Alternatively, prefix the name with `_` to silence this warning:
  [apply] _hm

Note: This linter can be disabled with `set_option linter.unusedVariables false`
✔ [9764/12392] Built SierksmaLean.Theorems.Thm_Sierksma_WitnessSign_prefix_011002 (5.9s)
✔ [9765/12392] Built SierksmaLean.Theorems.Thm_Sierksma_WitnessSign_prefix_011012 (5.8s)
✔ [9766/12392] Built SierksmaLean.Theorems.Thm_Sierksma_WitnessSign_prefix_020000 (5.9s)
✔ [9767/12392] Built SierksmaLean.Theorems.Thm_Sierksma_WitnessSign_prefix_010222 (5.9s)
✔ [9768/12392] Built SierksmaLean.Theorems.Thm_Sierksma_WitnessSign_prefix_011102 (5.0s)
✔ [9769/12392] Built SierksmaLean.Proofs.Proof_Sierksma_FB_k_normtab2_5 (19s)
✔ [9770/12392] Built SierksmaLean.Theorems.Thm_Sierksma_WitnessSign_prefix_010221 (5.9s)
✔ [9771/12392] Built SierksmaLean.Theorems.Thm_Sierksma_WitnessSign_prefix_011020 (6.3s)
✔ [9772/12392] Built SierksmaLean.Theorems.Thm_Sierksma_WitnessSign_prefix_011120 (5.7s)
✔ [9773/12392] Built SierksmaLean.Theorems.Thm_Sierksma_WitnessSign_prefix_011122 (5.9s)
✔ [9774/12392] Built SierksmaLean.Theorems.Thm_Sierksma_WitnessSign_prefix_011200 (5.5s)
✔ [9775/12392] Built SierksmaLean.Theorems.Thm_Sierksma_WitnessSign_prefix_011201 (5.9s)
✔ [9776/12392] Built SierksmaLean.Theorems.Thm_Sierksma_WitnessSign_prefix_011210 (5.5s)
✔ [9777/12392] Built SierksmaLean.Theorems.Thm_Sierksma_WitnessSign_prefix_011221 (5.4s)
✔ [9778/12392] Built SierksmaLean.Theorems.Thm_Sierksma_WitnessSign_prefix_012222 (5.2s)
✔ [9779/12392] Built SierksmaLean.Theorems.Thm_Sierksma_WitnessSign_prefix_010212 (6.3s)
✔ [9780/12392] Built SierksmaLean.Theorems.Thm_Sierksma_WitnessSign_prefix_011222 (5.6s)
✔ [9781/12392] Built SierksmaLean.Theorems.Thm_Sierksma_WitnessSign_prefix_012002 (5.6s)
✔ [9782/12392] Built SierksmaLean.Theorems.Thm_Sierksma_WitnessSign_prefix_012001 (5.4s)
✔ [9783/12392] Built SierksmaLean.Theorems.Thm_Sierksma_WitnessSign_prefix_020002 (5.3s)
✔ [9784/12392] Built SierksmaLean.Theorems.Thm_Sierksma_WitnessSign_prefix_011212 (6.4s)
✔ [9785/12392] Built SierksmaLean.Theorems.Thm_Sierksma_WitnessSign_prefix_011220 (4.4s)
✔ [9786/12392] Built SierksmaLean.Theorems.Thm_Sierksma_WitnessSign_prefix_012020 (5.1s)
✔ [9787/12392] Built SierksmaLean.Theorems.Thm_Sierksma_WitnessSign_prefix_012022 (5.1s)
✔ [9788/12392] Built SierksmaLean.Theorems.Thm_Sierksma_WitnessSign_prefix_012100 (4.7s)
✔ [9789/12392] Built SierksmaLean.Theorems.Thm_Sierksma_WitnessSign_prefix_012112 (4.4s)
✔ [9790/12392] Built SierksmaLean.Theorems.Thm_Sierksma_WitnessSign_prefix_012121 (4.4s)
✔ [9791/12392] Built SierksmaLean.Theorems.Thm_Sierksma_WitnessSign_prefix_020001 (5.2s)
✔ [9792/12392] Built SierksmaLean.Theorems.Thm_Sierksma_WitnessSign_prefix_020010 (5.1s)
✔ [9793/12392] Built SierksmaLean.Theorems.Thm_Sierksma_WitnessSign_prefix_011022 (6.4s)
✔ [9794/12392] Built SierksmaLean.Theorems.Thm_Sierksma_WitnessSign_prefix_011202 (5.7s)
✔ [9795/12392] Built SierksmaLean.Theorems.Thm_Sierksma_WitnessSign_prefix_012010 (6.4s)
✔ [9796/12392] Built SierksmaLean.Theorems.Thm_Sierksma_WitnessSign_prefix_012011 (6.4s)
✔ [9797/12392] Built SierksmaLean.Theorems.Thm_Sierksma_WitnessSign_prefix_012021 (5.5s)
✔ [9798/12392] Built SierksmaLean.Theorems.Thm_Sierksma_WitnessSign_prefix_012101 (5.7s)
✔ [9799/12392] Built SierksmaLean.Theorems.Thm_Sierksma_WitnessSign_prefix_012110 (5.7s)
✔ [9800/12392] Built SierksmaLean.Theorems.Thm_Sierksma_WitnessSign_prefix_012122 (5.5s)
✔ [9801/12392] Built SierksmaLean.Theorems.Thm_Sierksma_WitnessSign_prefix_012200 (5.6s)
✔ [9802/12392] Built SierksmaLean.Theorems.Thm_Sierksma_WitnessSign_prefix_020020 (6.3s)
✔ [9803/12392] Built SierksmaLean.Theorems.Thm_Sierksma_WitnessSign_prefix_020100 (5.7s)
✔ [9804/12392] Built SierksmaLean.Theorems.Thm_Sierksma_WitnessSign_prefix_020200 (5.5s)
✔ [9805/12392] Built SierksmaLean.Theorems.Thm_Sierksma_WitnessSign_prefix_012012 (6.2s)
✔ [9806/12392] Built SierksmaLean.Theorems.Thm_Sierksma_WitnessSign_prefix_012102 (5.8s)
✔ [9807/12392] Built SierksmaLean.Theorems.Thm_Sierksma_WitnessSign_prefix_012120 (4.8s)
✔ [9808/12392] Built SierksmaLean.Theorems.Thm_Sierksma_WitnessSign_prefix_012202 (5.8s)
✔ [9809/12392] Built SierksmaLean.Theorems.Thm_Sierksma_WitnessSign_prefix_012211 (5.4s)
✔ [9810/12392] Built SierksmaLean.Theorems.Thm_Sierksma_WitnessSign_prefix_012221 (4.8s)
✔ [9811/12392] Built SierksmaLean.Theorems.Thm_Sierksma_WitnessSign_prefix_020012 (4.8s)
✔ [9812/12392] Built SierksmaLean.Theorems.Thm_Sierksma_WitnessSign_prefix_020022 (5.8s)
✔ [9813/12392] Built SierksmaLean.Theorems.Thm_Sierksma_WitnessSign_prefix_020222 (4.8s)
✔ [9814/12392] Built SierksmaLean.Theorems.Thm_Sierksma_FB_tab_cov (4.8s)
✔ [9815/12392] Built SierksmaLean.Theorems.Thm_Sierksma_WitnessSign_prefix_012201 (5.8s)
✔ [9816/12392] Built SierksmaLean.Theorems.Thm_Sierksma_WitnessSign_prefix_012212 (6.1s)
✔ [9817/12392] Built SierksmaLean.Theorems.Thm_Sierksma_WitnessSign_prefix_012220 (5.8s)
✔ [9818/12392] Built SierksmaLean.Theorems.Thm_Sierksma_WitnessSign_prefix_020011 (5.8s)
✔ [9819/12392] Built SierksmaLean.Theorems.Thm_Sierksma_WitnessSign_prefix_020021 (5.8s)
✔ [9820/12392] Built SierksmaLean.Theorems.Thm_Sierksma_WitnessSign_prefix_020101 (5.3s)
✔ [9821/12392] Built SierksmaLean.Theorems.Thm_Sierksma_WitnessSign_prefix_020110 (5.3s)
✔ [9822/12392] Built SierksmaLean.Theorems.Thm_Sierksma_WitnessSign_prefix_020202 (5.8s)
✔ [9823/12392] Built SierksmaLean.Theorems.Thm_Sierksma_WitnessSign_prefix_021000 (5.8s)
⚠ [9824/12392] Built SierksmaLean.Theorems.Thm_Sierksma_model_exact_geometric_bridge (5.2s)
warning: SierksmaLean/Theorems/Thm_Sierksma_model_exact_geometric_bridge.lean:8:7: Variable name `h` is not explicitly referenced.

Hint: The binding can be removed (if unused) or named `_` (if used implicitly). Alternatively, prefix the name with `_` to silence this warning:
  [apply] _h

Note: This linter can be disabled with `set_option linter.unusedVariables false`
✔ [9825/12392] Built SierksmaLean.Theorems.Thm_Sierksma_WitnessSign_prefix_012210 (5.5s)
✔ [9826/12392] Built SierksmaLean.Theorems.Thm_Sierksma_WitnessSign_prefix_020102 (6.1s)
✔ [9827/12392] Built SierksmaLean.Theorems.Thm_Sierksma_WitnessSign_prefix_020111 (5.9s)
✔ [9828/12392] Built SierksmaLean.Theorems.Thm_Sierksma_WitnessSign_prefix_020112 (4.5s)
✔ [9829/12392] Built SierksmaLean.Theorems.Thm_Sierksma_WitnessSign_prefix_020120 (5.4s)
✔ [9830/12392] Built SierksmaLean.Theorems.Thm_Sierksma_WitnessSign_prefix_020121 (4.5s)
✔ [9831/12392] Built SierksmaLean.Theorems.Thm_Sierksma_WitnessSign_prefix_020220 (5.8s)
✔ [9832/12392] Built SierksmaLean.Theorems.Thm_Sierksma_WitnessSign_prefix_020221 (4.5s)
✔ [9833/12392] Built SierksmaLean.Theorems.Thm_Sierksma_WitnessSign_prefix_021002 (4.4s)
✔ [9834/12392] Built SierksmaLean.Theorems.Thm_Sierksma_WitnessSign_prefix_021111 (5.9s)
✔ [9835/12392] Built SierksmaLean.Theorems.Thm_Sierksma_WitnessSign_prefix_022000 (4.7s)
✔ [9836/12392] Built SierksmaLean.Theorems.Thm_Sierksma_WitnessSign_prefix_022222 (4.6s)
✔ [9837/12392] Built SierksmaLean.Theorems.Thm_Sierksma_WitnessSign_prefix_020122 (6.2s)
✔ [9838/12392] Built SierksmaLean.Theorems.Thm_Sierksma_WitnessSign_prefix_020201 (6.2s)
✔ [9839/12392] Built SierksmaLean.Theorems.Thm_Sierksma_WitnessSign_prefix_020210 (5.3s)
✔ [9840/12392] Built SierksmaLean.Theorems.Thm_Sierksma_WitnessSign_prefix_020212 (5.3s)
✔ [9841/12392] Built SierksmaLean.Theorems.Thm_Sierksma_WitnessSign_prefix_021010 (5.3s)
✔ [9842/12392] Built SierksmaLean.Theorems.Thm_Sierksma_WitnessSign_prefix_021222 (5.3s)
✔ [9843/12392] Built SierksmaLean.Theorems.Thm_Sierksma_WitnessSign_prefix_022022 (5.3s)
✔ [9844/12392] Built SierksmaLean.Theorems.Thm_Sierksma_WitnessSign_prefix_100000 (5.2s)
✔ [9845/12392] Built SierksmaLean.Theorems.Thm_Sierksma_WitnessSign_prefix_020211 (5.3s)
✔ [9846/12392] Built SierksmaLean.Theorems.Thm_Sierksma_WitnessSign_prefix_021001 (6.1s)
✔ [9847/12392] Built SierksmaLean.Theorems.Thm_Sierksma_WitnessSign_prefix_021011 (5.9s)
✔ [9848/12392] Built SierksmaLean.Theorems.Thm_Sierksma_WitnessSign_prefix_021020 (5.3s)
✔ [9849/12392] Built SierksmaLean.Theorems.Thm_Sierksma_WitnessSign_prefix_021022 (5.3s)
✔ [9850/12392] Built SierksmaLean.Theorems.Thm_Sierksma_WitnessSign_prefix_021100 (5.3s)
✔ [9851/12392] Built SierksmaLean.Theorems.Thm_Sierksma_WitnessSign_prefix_021101 (5.5s)
✔ [9852/12392] Built SierksmaLean.Theorems.Thm_Sierksma_WitnessSign_prefix_021112 (5.3s)
✔ [9853/12392] Built SierksmaLean.Theorems.Thm_Sierksma_WitnessSign_prefix_021122 (5.3s)
✔ [9854/12392] Built SierksmaLean.Theorems.Thm_Sierksma_WitnessSign_prefix_022002 (5.3s)
✔ [9855/12392] Built SierksmaLean.Theorems.Thm_Sierksma_WitnessSign_prefix_021012 (4.8s)
✔ [9856/12392] Built SierksmaLean.Theorems.Thm_Sierksma_WitnessSign_prefix_021121 (5.5s)
✔ [9857/12392] Built SierksmaLean.Theorems.Thm_Sierksma_WitnessSign_prefix_021202 (4.8s)
✔ [9858/12392] Built SierksmaLean.Theorems.Thm_Sierksma_WitnessSign_prefix_021212 (4.8s)
✔ [9859/12392] Built SierksmaLean.Theorems.Thm_Sierksma_WitnessSign_prefix_021220 (4.8s)
✔ [9860/12392] Built SierksmaLean.Theorems.Thm_Sierksma_WitnessSign_prefix_022020 (4.8s)
✔ [9861/12392] Built SierksmaLean.Theorems.Thm_Sierksma_WitnessSign_prefix_022122 (4.8s)
✔ [9862/12392] Built SierksmaLean.Theorems.Thm_Sierksma_WitnessSign_prefix_022202 (4.8s)
✔ [9863/12392] Built SierksmaLean.Theorems.Thm_Sierksma_WitnessSign_prefix_022212 (4.8s)
✔ [9864/12392] Built SierksmaLean.Theorems.Thm_Sierksma_WitnessSign_prefix_022220 (4.8s)
✔ [9865/12392] Built SierksmaLean.Theorems.Thm_Sierksma_WitnessSign_prefix_021200 (4.9s)
✔ [9866/12392] Built SierksmaLean.Theorems.Thm_Sierksma_WitnessSign_prefix_021021 (4.7s)
✔ [9867/12392] Built SierksmaLean.Theorems.Thm_Sierksma_WitnessSign_prefix_021102 (4.7s)
✔ [9868/12392] Built SierksmaLean.Theorems.Thm_Sierksma_WitnessSign_prefix_021110 (6.7s)
✔ [9869/12392] Built SierksmaLean.Theorems.Thm_Sierksma_WitnessSign_prefix_021211 (5.5s)
✔ [9870/12392] Built SierksmaLean.Theorems.Thm_Sierksma_WitnessSign_prefix_021221 (4.7s)
✔ [9871/12392] Built SierksmaLean.Theorems.Thm_Sierksma_WitnessSign_prefix_022001 (4.7s)
✔ [9872/12392] Built SierksmaLean.Theorems.Thm_Sierksma_WitnessSign_prefix_022010 (4.7s)
✔ [9873/12392] Built SierksmaLean.Theorems.Thm_Sierksma_WitnessSign_prefix_022221 (4.7s)
✔ [9874/12392] Built SierksmaLean.Theorems.Thm_Sierksma_WitnessSign_prefix_100001 (4.7s)
✔ [9875/12392] Built SierksmaLean.Theorems.Thm_Sierksma_WitnessSign_prefix_100010 (4.7s)
✔ [9876/12392] Built SierksmaLean.Theorems.Thm_Sierksma_WitnessSign_prefix_022200 (4.8s)
✔ [9877/12392] Built SierksmaLean.Theorems.Thm_Sierksma_WitnessSign_prefix_021120 (5.7s)
✔ [9878/12392] Built SierksmaLean.Theorems.Thm_Sierksma_WitnessSign_prefix_021210 (4.6s)
✔ [9879/12392] Built SierksmaLean.Theorems.Thm_Sierksma_WitnessSign_prefix_022012 (4.6s)
✔ [9880/12392] Built SierksmaLean.Theorems.Thm_Sierksma_WitnessSign_prefix_022021 (4.6s)
✔ [9881/12392] Built SierksmaLean.Theorems.Thm_Sierksma_WitnessSign_prefix_022102 (4.6s)
✔ [9882/12392] Built SierksmaLean.Theorems.Thm_Sierksma_WitnessSign_prefix_022111 (4.6s)
✔ [9883/12392] Built SierksmaLean.Theorems.Thm_Sierksma_WitnessSign_prefix_100002 (5.3s)
✔ [9884/12392] Built SierksmaLean.Theorems.Thm_Sierksma_WitnessSign_prefix_100020 (4.6s)
✔ [9885/12392] Built SierksmaLean.Theorems.Thm_Sierksma_WitnessSign_prefix_100100 (4.6s)
✔ [9886/12392] Built SierksmaLean.Theorems.Thm_Sierksma_WitnessSign_prefix_100111 (4.6s)
✔ [9887/12392] Built SierksmaLean.Theorems.Thm_Sierksma_FB_cC4S_0 (9.4s)
✔ [9888/12392] Built SierksmaLean.Theorems.Thm_Sierksma_WitnessSign_prefix_022210 (4.6s)
✔ [9889/12392] Built SierksmaLean.Theorems.Thm_Sierksma_WitnessSign_prefix_100200 (4.6s)
✔ [9890/12392] Built SierksmaLean.Theorems.Thm_Sierksma_WitnessSign_prefix_101111 (4.6s)
✔ [9891/12392] Built SierksmaLean.Theorems.Thm_Sierksma_WitnessSign_prefix_022100 (5.4s)
✔ [9892/12392] Built SierksmaLean.Theorems.Thm_Sierksma_WitnessSign_prefix_022120 (4.7s)
✔ [9893/12392] Built SierksmaLean.Theorems.Thm_Sierksma_WitnessSign_prefix_022211 (4.6s)
✔ [9894/12392] Built SierksmaLean.Theorems.Thm_Sierksma_WitnessSign_prefix_101000 (4.6s)
✔ [9895/12392] Built SierksmaLean.Theorems.Thm_Sierksma_WitnessSign_prefix_022011 (4.8s)
✔ [9896/12392] Built SierksmaLean.Theorems.Thm_Sierksma_WitnessSign_prefix_022112 (4.7s)
✔ [9897/12392] Built SierksmaLean.Theorems.Thm_Sierksma_WitnessSign_prefix_100011 (4.7s)
✔ [9898/12392] Built SierksmaLean.Theorems.Thm_Sierksma_WitnessSign_prefix_021201 (5.5s)
✔ [9899/12392] Built SierksmaLean.Theorems.Thm_Sierksma_WitnessSign_prefix_022121 (4.9s)
✔ [9900/12392] Built SierksmaLean.Theorems.Thm_Sierksma_WitnessSign_prefix_022201 (4.9s)
✔ [9901/12392] Built SierksmaLean.Theorems.Thm_Sierksma_WitnessSign_prefix_022101 (5.6s)
✔ [9902/12392] Built SierksmaLean.Theorems.Thm_Sierksma_WitnessSign_prefix_022110 (5.3s)
✔ [9903/12392] Built SierksmaLean.Theorems.Thm_Sierksma_WitnessSign_prefix_100101 (5.3s)
✔ [9904/12392] Built SierksmaLean.Theorems.Thm_Sierksma_WitnessSign_prefix_100110 (5.3s)
✔ [9905/12392] Built SierksmaLean.Theorems.Thm_Sierksma_WitnessSign_prefix_101001 (4.5s)
✔ [9906/12392] Built SierksmaLean.Theorems.Thm_Sierksma_WitnessSign_prefix_101010 (4.5s)
✔ [9907/12392] Built SierksmaLean.Theorems.Thm_Sierksma_WitnessSign_prefix_101011 (5.3s)
✔ [9908/12392] Built SierksmaLean.Theorems.Thm_Sierksma_WitnessSign_prefix_101101 (5.3s)
✔ [9909/12392] Built SierksmaLean.Theorems.Thm_Sierksma_WitnessSign_prefix_101110 (5.3s)
✔ [9910/12392] Built SierksmaLean.Theorems.Thm_Sierksma_WitnessSign_prefix_101112 (5.2s)
✔ [9911/12392] Built SierksmaLean.Theorems.Thm_Sierksma_WitnessSign_prefix_101121 (4.5s)
✔ [9912/12392] Built SierksmaLean.Theorems.Thm_Sierksma_WitnessSign_prefix_100012 (5.4s)
✔ [9913/12392] Built SierksmaLean.Theorems.Thm_Sierksma_WitnessSign_prefix_100021 (5.1s)
✔ [9914/12392] Built SierksmaLean.Theorems.Thm_Sierksma_WitnessSign_prefix_100022 (5.1s)
✔ [9915/12392] Built SierksmaLean.Theorems.Thm_Sierksma_WitnessSign_prefix_100102 (4.7s)
✔ [9916/12392] Built SierksmaLean.Theorems.Thm_Sierksma_WitnessSign_prefix_100121 (4.3s)
✔ [9917/12392] Built SierksmaLean.Theorems.Thm_Sierksma_WitnessSign_prefix_100210 (4.3s)
✔ [9918/12392] Built SierksmaLean.Theorems.Thm_Sierksma_WitnessSign_prefix_100211 (4.3s)
✔ [9919/12392] Built SierksmaLean.Theorems.Thm_Sierksma_WitnessSign_prefix_100220 (4.3s)
✔ [9920/12392] Built SierksmaLean.Theorems.Thm_Sierksma_WitnessSign_prefix_100222 (4.4s)
✔ [9921/12392] Built SierksmaLean.Theorems.Thm_Sierksma_WitnessSign_prefix_101100 (5.1s)
✔ [9922/12392] Built SierksmaLean.Theorems.Thm_Sierksma_WitnessSign_prefix_101211 (5.1s)
✔ [9923/12392] Built SierksmaLean.Theorems.Thm_Sierksma_WitnessSign_prefix_102000 (5.1s)
⚠ [9924/12392] Built SierksmaLean.Theorems.Thm_Sierksma_twist_polynomial_cone_count (5.1s)
warning: SierksmaLean/Theorems/Thm_Sierksma_twist_polynomial_cone_count.lean:7:24: Variable name `hP` is not explicitly referenced.

Hint: The binding can be removed (if unused) or named `_` (if used implicitly). Alternatively, prefix the name with `_` to silence this warning:
  [apply] _hP

Note: This linter can be disabled with `set_option linter.unusedVariables false`
warning: SierksmaLean/Theorems/Thm_Sierksma_twist_polynomial_cone_count.lean:7:74: Variable name `hpi` is not explicitly referenced.

Hint: The binding can be removed (if unused) or named `_` (if used implicitly). Alternatively, prefix the name with `_` to silence this warning:
  [apply] _hpi

Note: This linter can be disabled with `set_option linter.unusedVariables false`
✔ [9925/12392] Built SierksmaLean.Theorems.Thm_Sierksma_WitnessSign_prefix_100112 (4.8s)
✔ [9926/12392] Built SierksmaLean.Theorems.Thm_Sierksma_WitnessSign_prefix_100120 (4.9s)
✔ [9927/12392] Built SierksmaLean.Theorems.Thm_Sierksma_WitnessSign_prefix_100201 (4.8s)
✔ [9928/12392] Built SierksmaLean.Theorems.Thm_Sierksma_WitnessSign_prefix_100202 (4.8s)
✔ [9929/12392] Built SierksmaLean.Theorems.Thm_Sierksma_WitnessSign_prefix_101120 (4.2s)
✔ [9930/12392] Built SierksmaLean.Theorems.Thm_Sierksma_WitnessSign_prefix_000002 (5.6s)
✔ [9931/12392] Built SierksmaLean.Theorems.Thm_Sierksma_WitnessSign_prefix_100122 (5.6s)
✔ [9932/12392] Built SierksmaLean.Theorems.Thm_Sierksma_WitnessSign_prefix_100212 (5.6s)
✔ [9933/12392] Built SierksmaLean.Theorems.Thm_Sierksma_WitnessSign_prefix_100221 (4.8s)
✔ [9934/12392] Built SierksmaLean.Theorems.Thm_Sierksma_WitnessSign_prefix_101002 (6.2s)
✔ [9935/12392] Built SierksmaLean.Theorems.Thm_Sierksma_WitnessSign_prefix_101012 (5.9s)
✔ [9936/12392] Built SierksmaLean.Theorems.Thm_Sierksma_WitnessSign_prefix_101020 (5.6s)
✔ [9937/12392] Built SierksmaLean.Theorems.Thm_Sierksma_WitnessSign_prefix_101021 (5.6s)
✔ [9938/12392] Built SierksmaLean.Theorems.Thm_Sierksma_WitnessSign_prefix_101102 (5.6s)
✔ [9939/12392] Built SierksmaLean.Theorems.Thm_Sierksma_WitnessSign_prefix_101122 (5.6s)
✔ [9940/12392] Built SierksmaLean.Theorems.Thm_Sierksma_WitnessSign_prefix_102010 (4.0s)
✔ [9941/12392] Built SierksmaLean.Theorems.Thm_Sierksma_WitnessSign_prefix_102020 (3.0s)
✔ [9942/12392] Built SierksmaLean.Theorems.Thm_Sierksma_WitnessSign_prefix_102022 (4.0s)
✔ [9943/12392] Built SierksmaLean.Theorems.Thm_Sierksma_WitnessSign_prefix_102101 (3.9s)
✔ [9944/12392] Built SierksmaLean.Theorems.Thm_Sierksma_WitnessSign_prefix_102111 (5.9s)
✔ [9945/12392] Built SierksmaLean.Theorems.Thm_Sierksma_WitnessSign_prefix_110000 (4.6s)
✔ [9946/12392] Built SierksmaLean.Theorems.Thm_Sierksma_WitnessSign_prefix_101200 (5.0s)
✔ [9947/12392] Built SierksmaLean.Theorems.Thm_Sierksma_WitnessSign_prefix_101212 (5.2s)
✔ [9948/12392] Built SierksmaLean.Theorems.Thm_Sierksma_WitnessSign_prefix_110011 (5.2s)
✔ [9949/12392] Built SierksmaLean.Theorems.Thm_Sierksma_WitnessSign_prefix_101022 (5.2s)
✔ [9950/12392] Built SierksmaLean.Theorems.Thm_Sierksma_WitnessSign_prefix_101210 (5.2s)
✔ [9951/12392] Built SierksmaLean.Theorems.Thm_Sierksma_WitnessSign_prefix_101201 (6.2s)
✔ [9952/12392] Built SierksmaLean.Theorems.Thm_Sierksma_WitnessSign_prefix_101220 (5.3s)
✔ [9953/12392] Built SierksmaLean.Theorems.Thm_Sierksma_WitnessSign_prefix_101221 (6.2s)
✔ [9954/12392] Built SierksmaLean.Theorems.Thm_Sierksma_WitnessSign_prefix_101222 (6.2s)
✔ [9955/12392] Built SierksmaLean.Theorems.Thm_Sierksma_WitnessSign_prefix_102001 (5.8s)
✔ [9956/12392] Built SierksmaLean.Theorems.Thm_Sierksma_WitnessSign_prefix_102002 (5.6s)
✔ [9957/12392] Built SierksmaLean.Theorems.Thm_Sierksma_WitnessSign_prefix_102011 (5.6s)
✔ [9958/12392] Built SierksmaLean.Theorems.Thm_Sierksma_WitnessSign_prefix_102100 (5.4s)
✔ [9959/12392] Built SierksmaLean.Theorems.Thm_Sierksma_WitnessSign_prefix_102112 (5.3s)
✔ [9960/12392] Built SierksmaLean.Theorems.Thm_Sierksma_WitnessSign_prefix_102222 (6.2s)
✔ [9961/12392] Built SierksmaLean.Theorems.Thm_Sierksma_WitnessSign_prefix_110101 (5.5s)
✔ [9962/12392] Built SierksmaLean.Theorems.Thm_Sierksma_WitnessSign_prefix_110111 (6.2s)
✔ [9963/12392] Built SierksmaLean.Theorems.Thm_Sierksma_WitnessSign_prefix_111011 (5.3s)
✔ [9964/12392] Built SierksmaLean.Theorems.Thm_Sierksma_WitnessSign_prefix_101202 (5.8s)
✔ [9965/12392] Built SierksmaLean.Theorems.Thm_Sierksma_WitnessSign_prefix_102121 (4.5s)
✔ [9966/12392] Built SierksmaLean.Theorems.Thm_Sierksma_WitnessSign_prefix_110121 (4.5s)
✔ [9967/12392] Built SierksmaLean.Theorems.Thm_Sierksma_WitnessSign_prefix_111111 (4.5s)
✔ [9968/12392] Built SierksmaLean.Theorems.Thm_Sierksma_WitnessSign_prefix_111112 (4.5s)
✔ [9969/12392] Built SierksmaLean.Theorems.Thm_Sierksma_WitnessSign_prefix_111101 (4.6s)
✔ [9970/12392] Built SierksmaLean.Theorems.Thm_Sierksma_WitnessSign_prefix_102012 (5.1s)
✔ [9971/12392] Built SierksmaLean.Theorems.Thm_Sierksma_WitnessSign_prefix_102021 (5.1s)
✔ [9972/12392] Built SierksmaLean.Theorems.Thm_Sierksma_WitnessSign_prefix_102110 (6.3s)
✔ [9973/12392] Built SierksmaLean.Theorems.Thm_Sierksma_WitnessSign_prefix_102122 (5.7s)
✔ [9974/12392] Built SierksmaLean.Theorems.Thm_Sierksma_WitnessSign_prefix_102202 (5.1s)
✔ [9975/12392] Built SierksmaLean.Theorems.Thm_Sierksma_WitnessSign_prefix_102211 (5.1s)
✔ [9976/12392] Built SierksmaLean.Theorems.Thm_Sierksma_WitnessSign_prefix_102212 (5.1s)
✔ [9977/12392] Built SierksmaLean.Theorems.Thm_Sierksma_WitnessSign_prefix_102220 (5.1s)
✔ [9978/12392] Built SierksmaLean.Theorems.Thm_Sierksma_WitnessSign_prefix_102221 (5.1s)
✔ [9979/12392] Built SierksmaLean.Theorems.Thm_Sierksma_WitnessSign_prefix_110001 (5.7s)
✔ [9980/12392] Built SierksmaLean.Theorems.Thm_Sierksma_WitnessSign_prefix_110010 (5.7s)
✔ [9981/12392] Built SierksmaLean.Theorems.Thm_Sierksma_WitnessSign_prefix_110100 (5.2s)
✔ [9982/12392] Built SierksmaLean.Theorems.Thm_Sierksma_WitnessSign_prefix_110112 (5.7s)
✔ [9983/12392] Built SierksmaLean.Theorems.Thm_Sierksma_WitnessSign_prefix_110211 (5.1s)
✔ [9984/12392] Built SierksmaLean.Theorems.Thm_Sierksma_WitnessSign_prefix_111001 (5.1s)
✔ [9985/12392] Built SierksmaLean.Theorems.Thm_Sierksma_WitnessSign_prefix_111110 (5.7s)
✔ [9986/12392] Built SierksmaLean.Theorems.Thm_Sierksma_WitnessSign_prefix_111121 (5.1s)
✔ [9987/12392] Built SierksmaLean.Theorems.Thm_Sierksma_WitnessSign_prefix_102102 (5.4s)
✔ [9988/12392] Built SierksmaLean.Theorems.Thm_Sierksma_WitnessSign_prefix_102200 (5.7s)
✔ [9989/12392] Built SierksmaLean.Theorems.Thm_Sierksma_WitnessSign_prefix_111211 (4.0s)
✔ [9990/12392] Built SierksmaLean.Theorems.Thm_Sierksma_WitnessSign_prefix_102120 (5.2s)
✔ [9991/12392] Built SierksmaLean.Theorems.Thm_Sierksma_WitnessSign_prefix_111010 (5.2s)
✔ [9992/12392] Built SierksmaLean.Theorems.Thm_Sierksma_WitnessSign_prefix_111012 (5.1s)
✔ [9993/12392] Built SierksmaLean.Theorems.Thm_Sierksma_WitnessSign_prefix_110002 (5.2s)
✔ [9994/12392] Built SierksmaLean.Theorems.Thm_Sierksma_WitnessSign_prefix_111120 (3.8s)
✔ [9995/12392] Built SierksmaLean.Theorems.Thm_Sierksma_WitnessSign_prefix_102201 (5.3s)
✔ [9996/12392] Built SierksmaLean.Theorems.Thm_Sierksma_WitnessSign_prefix_102210 (5.3s)
✔ [9997/12392] Built SierksmaLean.Theorems.Thm_Sierksma_WitnessSign_prefix_110012 (5.3s)
✔ [9998/12392] Built SierksmaLean.Theorems.Thm_Sierksma_WitnessSign_prefix_110020 (5.3s)
✔ [9999/12392] Built SierksmaLean.Theorems.Thm_Sierksma_WitnessSign_prefix_110021 (5.2s)
✔ [10000/12392] Built SierksmaLean.Theorems.Thm_Sierksma_WitnessSign_prefix_110102 (5.2s)
✔ [10001/12392] Built SierksmaLean.Theorems.Thm_Sierksma_WitnessSign_prefix_110120 (5.2s)
✔ [10002/12392] Built SierksmaLean.Theorems.Thm_Sierksma_WitnessSign_prefix_110122 (4.7s)
✔ [10003/12392] Built SierksmaLean.Theorems.Thm_Sierksma_WitnessSign_prefix_111000 (5.2s)
✔ [10004/12392] Built SierksmaLean.Theorems.Thm_Sierksma_WitnessSign_prefix_111021 (5.3s)
✔ [10005/12392] Built SierksmaLean.Theorems.Thm_Sierksma_WitnessSign_prefix_111100 (5.3s)
✔ [10006/12392] Built SierksmaLean.Theorems.Thm_Sierksma_WitnessSign_prefix_111102 (5.3s)
✔ [10007/12392] Built SierksmaLean.Theorems.Thm_Sierksma_WitnessSign_prefix_111122 (5.2s)
✔ [10008/12392] Built SierksmaLean.Theorems.Thm_Sierksma_WitnessSign_prefix_111201 (5.1s)
✔ [10009/12392] Built SierksmaLean.Theorems.Thm_Sierksma_WitnessSign_prefix_111210 (4.7s)
✔ [10010/12392] Built SierksmaLean.Theorems.Thm_Sierksma_WitnessSign_prefix_111212 (5.2s)
✔ [10011/12392] Built SierksmaLean.Theorems.Thm_Sierksma_WitnessSign_prefix_111221 (4.7s)
✔ [10012/12392] Built SierksmaLean.Theorems.Thm_Sierksma_WitnessSign_prefix_112111 (5.3s)
✔ [10013/12392] Built SierksmaLean.Theorems.Thm_Sierksma_WitnessSign_prefix_110200 (5.1s)
✔ [10014/12392] Built SierksmaLean.Theorems.Thm_Sierksma_WitnessSign_prefix_110201 (5.1s)
✔ [10015/12392] Built SierksmaLean.Theorems.Thm_Sierksma_WitnessSign_prefix_110210 (4.1s)
✔ [10016/12392] Built SierksmaLean.Theorems.Thm_Sierksma_WitnessSign_prefix_111002 (4.1s)
✔ [10017/12392] Built SierksmaLean.Theorems.Thm_Sierksma_WitnessSign_prefix_110110 (4.2s)
✔ [10018/12392] Built SierksmaLean.Theorems.Thm_Sierksma_WitnessSign_prefix_112101 (4.2s)
✔ [10019/12392] Built SierksmaLean.Theorems.Thm_Sierksma_WitnessSign_prefix_110212 (4.4s)
✔ [10020/12392] Built SierksmaLean.Theorems.Thm_Sierksma_WitnessSign_prefix_110222 (4.5s)
✔ [10021/12392] Built SierksmaLean.Theorems.Thm_Sierksma_WitnessSign_prefix_112011 (4.4s)
✔ [10022/12392] Built SierksmaLean.Theorems.Thm_Sierksma_WitnessSign_prefix_112110 (4.4s)
✔ [10023/12392] Built SierksmaLean.Theorems.Thm_Sierksma_WitnessSign_prefix_110022 (5.6s)
✔ [10024/12392] Built SierksmaLean.Theorems.Thm_Sierksma_WitnessSign_prefix_110221 (5.6s)
✔ [10025/12392] Built SierksmaLean.Theorems.Thm_Sierksma_WitnessSign_prefix_111022 (5.2s)
✔ [10026/12392] Built SierksmaLean.Theorems.Thm_Sierksma_WitnessSign_prefix_111222 (5.2s)
✔ [10027/12392] Built SierksmaLean.Theorems.Thm_Sierksma_WitnessSign_prefix_112112 (5.6s)
✔ [10028/12392] Built SierksmaLean.Theorems.Thm_Sierksma_WitnessSign_prefix_112121 (5.6s)
✔ [10029/12392] Built SierksmaLean.Theorems.Thm_Sierksma_WitnessSign_prefix_112211 (5.6s)
✔ [10030/12392] Built SierksmaLean.Theorems.Thm_Sierksma_WitnessSign_prefix_112222 (5.2s)
✔ [10031/12392] Built SierksmaLean.Theorems.Thm_Sierksma_WitnessSign_prefix_120000 (5.2s)
✔ [10032/12392] Built SierksmaLean.Theorems.Thm_Sierksma_WitnessSign_prefix_111020 (5.2s)
✔ [10033/12392] Built SierksmaLean.Theorems.Thm_Sierksma_WitnessSign_prefix_110220 (5.0s)
✔ [10034/12392] Built SierksmaLean.Theorems.Thm_Sierksma_WitnessSign_prefix_111200 (4.6s)
✔ [10035/12392] Built SierksmaLean.Theorems.Thm_Sierksma_WitnessSign_prefix_111202 (4.6s)
✔ [10036/12392] Built SierksmaLean.Theorems.Thm_Sierksma_WitnessSign_prefix_112000 (4.6s)
✔ [10037/12392] Built SierksmaLean.Theorems.Thm_Sierksma_WitnessSign_prefix_112021 (4.6s)
✔ [10038/12392] Built SierksmaLean.Theorems.Thm_Sierksma_WitnessSign_prefix_112122 (4.6s)
✔ [10039/12392] Built SierksmaLean.Theorems.Thm_Sierksma_WitnessSign_prefix_120111 (4.6s)
✔ [10040/12392] Built SierksmaLean.Theorems.Thm_Sierksma_WitnessSign_prefix_110202 (5.0s)
✔ [10041/12392] Built SierksmaLean.Theorems.Thm_Sierksma_WitnessSign_prefix_112012 (4.7s)
✔ [10042/12392] Built SierksmaLean.Theorems.Thm_Sierksma_WitnessSign_prefix_112022 (4.8s)
✔ [10043/12392] Built SierksmaLean.Theorems.Thm_Sierksma_WitnessSign_prefix_112102 (4.8s)
✔ [10044/12392] Built SierksmaLean.Theorems.Thm_Sierksma_WitnessSign_prefix_121111 (4.8s)
✔ [10045/12392] Built SierksmaLean.Theorems.Thm_Sierksma_WitnessSign_prefix_111220 (4.9s)
✔ [10046/12392] Built SierksmaLean.Theorems.Thm_Sierksma_WitnessSign_prefix_112100 (4.9s)
✔ [10047/12392] Built SierksmaLean.Theorems.Thm_Sierksma_WitnessSign_prefix_112120 (4.9s)
✔ [10048/12392] Built SierksmaLean.Theorems.Thm_Sierksma_WitnessSign_prefix_112001 (5.6s)
✔ [10049/12392] Built SierksmaLean.Theorems.Thm_Sierksma_WitnessSign_prefix_112010 (5.6s)
✔ [10050/12392] Built SierksmaLean.Theorems.Thm_Sierksma_WitnessSign_prefix_112201 (5.3s)
✔ [10051/12392] Built SierksmaLean.Theorems.Thm_Sierksma_WitnessSign_prefix_112202 (5.3s)
✔ [10052/12392] Built SierksmaLean.Theorems.Thm_Sierksma_WitnessSign_prefix_112221 (5.6s)
✔ [10053/12392] Built SierksmaLean.Theorems.Thm_Sierksma_WitnessSign_prefix_120222 (5.1s)
✔ [10054/12392] Built SierksmaLean.Theorems.Thm_Sierksma_WitnessSign_prefix_112002 (6.2s)
✔ [10055/12392] Built SierksmaLean.Theorems.Thm_Sierksma_WitnessSign_prefix_112210 (6.4s)
✔ [10056/12392] Built SierksmaLean.Theorems.Thm_Sierksma_WitnessSign_prefix_112220 (6.2s)
✔ [10057/12392] Built SierksmaLean.Theorems.Thm_Sierksma_WitnessSign_prefix_120001 (6.1s)
✔ [10058/12392] Built SierksmaLean.Theorems.Thm_Sierksma_WitnessSign_prefix_120002 (4.7s)
✔ [10059/12392] Built SierksmaLean.Theorems.Thm_Sierksma_WitnessSign_prefix_120011 (4.7s)
✔ [10060/12392] Built SierksmaLean.Theorems.Thm_Sierksma_WitnessSign_prefix_120022 (4.7s)
✔ [10061/12392] Built SierksmaLean.Theorems.Thm_Sierksma_WitnessSign_prefix_120100 (4.8s)
✔ [10062/12392] Built SierksmaLean.Theorems.Thm_Sierksma_WitnessSign_prefix_120110 (4.8s)
✔ [10063/12392] Built SierksmaLean.Theorems.Thm_Sierksma_WitnessSign_prefix_120112 (4.7s)
✔ [10064/12392] Built SierksmaLean.Theorems.Thm_Sierksma_WitnessSign_prefix_120122 (4.7s)
✔ [10065/12392] Built SierksmaLean.Theorems.Thm_Sierksma_WitnessSign_prefix_121011 (6.1s)
✔ [10066/12392] Built SierksmaLean.Theorems.Thm_Sierksma_WitnessSign_prefix_121101 (4.7s)
✔ [10067/12392] Built SierksmaLean.Theorems.Thm_Sierksma_WitnessSign_prefix_112200 (4.9s)
✔ [10068/12392] Built SierksmaLean.Theorems.Thm_Sierksma_WitnessSign_prefix_120010 (4.9s)
✔ [10069/12392] Built SierksmaLean.Theorems.Thm_Sierksma_WitnessSign_prefix_121110 (4.9s)
✔ [10070/12392] Built SierksmaLean.Theorems.Thm_Sierksma_WitnessSign_prefix_120101 (4.9s)
✔ [10071/12392] Built SierksmaLean.Theorems.Thm_Sierksma_WitnessSign_prefix_120121 (4.9s)
✔ [10072/12392] Built SierksmaLean.Theorems.Thm_Sierksma_WitnessSign_prefix_120020 (5.0s)
✔ [10073/12392] Built SierksmaLean.Theorems.Thm_Sierksma_WitnessSign_prefix_121112 (5.0s)
✔ [10074/12392] Built SierksmaLean.Theorems.Thm_Sierksma_WitnessSign_prefix_120202 (5.1s)
✔ [10075/12392] Built SierksmaLean.Theorems.Thm_Sierksma_WitnessSign_prefix_112020 (5.6s)
✔ [10076/12392] Built SierksmaLean.Theorems.Thm_Sierksma_WitnessSign_prefix_120012 (5.8s)
✔ [10077/12392] Built SierksmaLean.Theorems.Thm_Sierksma_WitnessSign_prefix_120021 (5.7s)
✔ [10078/12392] Built SierksmaLean.Theorems.Thm_Sierksma_WitnessSign_prefix_120102 (5.5s)
✔ [10079/12392] Built SierksmaLean.Theorems.Thm_Sierksma_WitnessSign_prefix_120200 (5.8s)
✔ [10080/12392] Built SierksmaLean.Theorems.Thm_Sierksma_WitnessSign_prefix_120211 (5.8s)
✔ [10081/12392] Built SierksmaLean.Theorems.Thm_Sierksma_WitnessSign_prefix_120212 (5.7s)
✔ [10082/12392] Built SierksmaLean.Theorems.Thm_Sierksma_WitnessSign_prefix_120221 (5.4s)
✔ [10083/12392] Built SierksmaLean.Theorems.Thm_Sierksma_WitnessSign_prefix_121121 (6.3s)
✔ [10084/12392] Built SierksmaLean.Theorems.Thm_Sierksma_WitnessSign_prefix_121211 (5.8s)
✔ [10085/12392] Built SierksmaLean.Theorems.Thm_Sierksma_WitnessSign_prefix_121222 (5.5s)
✔ [10086/12392] Built SierksmaLean.Theorems.Thm_Sierksma_WitnessSign_prefix_120220 (5.5s)
✔ [10087/12392] Built SierksmaLean.Theorems.Thm_Sierksma_WitnessSign_prefix_120120 (4.8s)
✔ [10088/12392] Built SierksmaLean.Theorems.Thm_Sierksma_WitnessSign_prefix_121000 (5.6s)
✔ [10089/12392] Built SierksmaLean.Theorems.Thm_Sierksma_WitnessSign_prefix_121010 (4.8s)
✔ [10090/12392] Built SierksmaLean.Theorems.Thm_Sierksma_WitnessSign_prefix_121012 (4.8s)
✔ [10091/12392] Built SierksmaLean.Theorems.Thm_Sierksma_WitnessSign_prefix_122222 (4.8s)
✔ [10092/12392] Built SierksmaLean.Theorems.Thm_Sierksma_WitnessSign_prefix_200000 (4.8s)
✔ [10093/12392] Built SierksmaLean.Theorems.Thm_Sierksma_WitnessSign_prefix_120210 (4.6s)
✔ [10094/12392] Built SierksmaLean.Theorems.Thm_Sierksma_WitnessSign_prefix_121122 (5.0s)
✔ [10095/12392] Built SierksmaLean.Theorems.Thm_Sierksma_WitnessSign_prefix_121001 (5.3s)
✔ [10096/12392] Built SierksmaLean.Theorems.Thm_Sierksma_WitnessSign_prefix_121100 (4.6s)
✔ [10097/12392] Built SierksmaLean.Theorems.Thm_Sierksma_WitnessSign_prefix_121212 (4.6s)
✔ [10098/12392] Built SierksmaLean.Theorems.Thm_Sierksma_WitnessSign_prefix_121221 (4.6s)
✔ [10099/12392] Built SierksmaLean.Theorems.Thm_Sierksma_WitnessSign_prefix_122122 (4.5s)
✔ [10100/12392] Built SierksmaLean.Theorems.Thm_Sierksma_WitnessSign_prefix_122022 (5.6s)
✔ [10101/12392] Built SierksmaLean.Theorems.Thm_Sierksma_WitnessSign_prefix_120201 (6.2s)
✔ [10102/12392] Built SierksmaLean.Theorems.Thm_Sierksma_WitnessSign_prefix_121002 (5.6s)
✔ [10103/12392] Built SierksmaLean.Theorems.Thm_Sierksma_WitnessSign_prefix_121020 (5.6s)
✔ [10104/12392] Built SierksmaLean.Theorems.Thm_Sierksma_WitnessSign_prefix_121021 (6.4s)
✔ [10105/12392] Built SierksmaLean.Theorems.Thm_Sierksma_WitnessSign_prefix_121022 (6.4s)
✔ [10106/12392] Built SierksmaLean.Theorems.Thm_Sierksma_WitnessSign_prefix_121102 (5.8s)
✔ [10107/12392] Built SierksmaLean.Theorems.Thm_Sierksma_WitnessSign_prefix_121120 (5.7s)
✔ [10108/12392] Built SierksmaLean.Theorems.Thm_Sierksma_WitnessSign_prefix_122111 (5.6s)
✔ [10109/12392] Built SierksmaLean.Theorems.Thm_Sierksma_WitnessSign_prefix_122202 (5.5s)
✔ [10110/12392] Built SierksmaLean.Theorems.Thm_Sierksma_WitnessSign_prefix_122212 (5.5s)
✔ [10111/12392] Built SierksmaLean.Theorems.Thm_Sierksma_WitnessSign_prefix_122221 (5.5s)
✔ [10112/12392] Built SierksmaLean.Theorems.Thm_Sierksma_WitnessSign_prefix_122220 (5.1s)
✔ [10113/12392] Built SierksmaLean.Theorems.Thm_Sierksma_WitnessSign_prefix_200001 (5.1s)
✔ [10114/12392] Built SierksmaLean.Theorems.Thm_Sierksma_WitnessSign_prefix_121201 (5.2s)
✔ [10115/12392] Built SierksmaLean.Theorems.Thm_Sierksma_WitnessSign_prefix_121200 (4.5s)
✔ [10116/12392] Built SierksmaLean.Theorems.Thm_Sierksma_WitnessSign_prefix_121202 (5.7s)
✔ [10117/12392] Built SierksmaLean.Theorems.Thm_Sierksma_WitnessSign_prefix_121210 (5.7s)
✔ [10118/12392] Built SierksmaLean.Theorems.Thm_Sierksma_WitnessSign_prefix_121220 (5.0s)
✔ [10119/12392] Built SierksmaLean.Theorems.Thm_Sierksma_WitnessSign_prefix_122011 (4.5s)
✔ [10120/12392] Built SierksmaLean.Theorems.Thm_Sierksma_WitnessSign_prefix_122121 (4.5s)
✔ [10121/12392] Built SierksmaLean.Theorems.Thm_Sierksma_WitnessSign_prefix_122211 (4.5s)
✔ [10122/12392] Built SierksmaLean.Theorems.Thm_Sierksma_WitnessSign_prefix_200002 (5.7s)
✔ [10123/12392] Built SierksmaLean.Theorems.Thm_Sierksma_WitnessSign_prefix_200010 (4.5s)
✔ [10124/12392] Built SierksmaLean.Theorems.Thm_Sierksma_WitnessSign_prefix_200020 (4.5s)
✔ [10125/12392] Built SierksmaLean.Theorems.Thm_Sierksma_WitnessSign_prefix_200100 (4.5s)
✔ [10126/12392] Built SierksmaLean.Theorems.Thm_Sierksma_WitnessSign_prefix_122000 (4.6s)
✔ [10127/12392] Built SierksmaLean.Theorems.Thm_Sierksma_WitnessSign_prefix_122012 (4.6s)
✔ [10128/12392] Built SierksmaLean.Theorems.Thm_Sierksma_WitnessSign_prefix_122020 (5.2s)
✔ [10129/12392] Built SierksmaLean.Theorems.Thm_Sierksma_WitnessSign_prefix_122021 (5.3s)
✔ [10130/12392] Built SierksmaLean.Theorems.Thm_Sierksma_WitnessSign_prefix_122101 (5.2s)
✔ [10131/12392] Built SierksmaLean.Theorems.Thm_Sierksma_WitnessSign_prefix_122102 (5.2s)
✔ [10132/12392] Built SierksmaLean.Theorems.Thm_Sierksma_WitnessSign_prefix_122112 (5.4s)
✔ [10133/12392] Built SierksmaLean.Theorems.Thm_Sierksma_WitnessSign_prefix_122120 (5.0s)
✔ [10134/12392] Built SierksmaLean.Theorems.Thm_Sierksma_WitnessSign_prefix_200200 (5.2s)
✔ [10135/12392] Built SierksmaLean.Theorems.Thm_Sierksma_WitnessSign_prefix_122110 (5.3s)
✔ [10136/12392] Built SierksmaLean.Theorems.Thm_Sierksma_WitnessSign_prefix_200222 (5.2s)
✔ [10137/12392] Built SierksmaLean.Theorems.Thm_Sierksma_WitnessSign_prefix_122001 (6.0s)
✔ [10138/12392] Built SierksmaLean.Theorems.Thm_Sierksma_WitnessSign_prefix_122002 (6.5s)
✔ [10139/12392] Built SierksmaLean.Theorems.Thm_Sierksma_WitnessSign_prefix_122100 (4.9s)
✔ [10140/12392] Built SierksmaLean.Theorems.Thm_Sierksma_WitnessSign_prefix_122210 (4.9s)
✔ [10141/12392] Built SierksmaLean.Theorems.Thm_Sierksma_WitnessSign_prefix_200022 (5.9s)
✔ [10142/12392] Built SierksmaLean.Theorems.Thm_Sierksma_WitnessSign_prefix_200111 (4.4s)
✔ [10143/12392] Built SierksmaLean.Theorems.Thm_Sierksma_WitnessSign_prefix_200202 (4.9s)
✔ [10144/12392] Built SierksmaLean.Theorems.Thm_Sierksma_WitnessSign_prefix_201111 (4.9s)
✔ [10145/12392] Built SierksmaLean.Theorems.Thm_Sierksma_WitnessSign_prefix_202000 (4.4s)
✔ [10146/12392] Built SierksmaLean.Theorems.Thm_Sierksma_WitnessSign_prefix_122200 (4.0s)
✔ [10147/12392] Built SierksmaLean.Theorems.Thm_Sierksma_WitnessSign_prefix_200011 (4.9s)
✔ [10148/12392] Built SierksmaLean.Theorems.Thm_Sierksma_WitnessSign_prefix_200012 (4.9s)
✔ [10149/12392] Built SierksmaLean.Theorems.Thm_Sierksma_WitnessSign_prefix_122010 (5.1s)
✔ [10150/12392] Built SierksmaLean.Theorems.Thm_Sierksma_WitnessSign_prefix_122201 (5.1s)
✔ [10151/12392] Built SierksmaLean.Theorems.Thm_Sierksma_WitnessSign_prefix_200220 (5.1s)
✔ [10152/12392] Built SierksmaLean.Theorems.Thm_Sierksma_WitnessSign_prefix_200021 (5.1s)
✔ [10153/12392] Built SierksmaLean.Theorems.Thm_Sierksma_WitnessSign_prefix_200101 (5.1s)
✔ [10154/12392] Built SierksmaLean.Theorems.Thm_Sierksma_WitnessSign_prefix_200102 (5.1s)
✔ [10155/12392] Built SierksmaLean.Theorems.Thm_Sierksma_WitnessSign_prefix_200110 (5.1s)
✔ [10156/12392] Built SierksmaLean.Theorems.Thm_Sierksma_WitnessSign_prefix_200201 (4.8s)
✔ [10157/12392] Built SierksmaLean.Theorems.Thm_Sierksma_WitnessSign_prefix_201000 (5.7s)
✔ [10158/12392] Built SierksmaLean.Theorems.Thm_Sierksma_WitnessSign_prefix_200112 (4.4s)
✔ [10159/12392] Built SierksmaLean.Theorems.Thm_Sierksma_WitnessSign_prefix_200120 (5.8s)
✔ [10160/12392] Built SierksmaLean.Theorems.Thm_Sierksma_WitnessSign_prefix_200122 (5.8s)
✔ [10161/12392] Built SierksmaLean.Theorems.Thm_Sierksma_WitnessSign_prefix_200210 (5.5s)
✔ [10162/12392] Built SierksmaLean.Theorems.Thm_Sierksma_WitnessSign_prefix_200212 (5.5s)
✔ [10163/12392] Built SierksmaLean.Theorems.Thm_Sierksma_WitnessSign_prefix_200221 (5.5s)
✔ [10164/12392] Built SierksmaLean.Theorems.Thm_Sierksma_WitnessSign_prefix_201002 (4.4s)
✔ [10165/12392] Built SierksmaLean.Theorems.Thm_Sierksma_WitnessSign_prefix_201010 (4.4s)
✔ [10166/12392] Built SierksmaLean.Theorems.Thm_Sierksma_WitnessSign_prefix_201022 (4.4s)
✔ [10167/12392] Built SierksmaLean.Theorems.Thm_Sierksma_WitnessSign_prefix_201222 (5.7s)
✔ [10168/12392] Built SierksmaLean.Theorems.Thm_Sierksma_WitnessSign_prefix_202022 (4.8s)
✔ [10169/12392] Built SierksmaLean.Theorems.Thm_Sierksma_WitnessSign_prefix_202222 (4.4s)
✔ [10170/12392] Built SierksmaLean.Theorems.Thm_Sierksma_WitnessSign_prefix_200211 (4.8s)
✔ [10171/12392] Built SierksmaLean.Theorems.Thm_Sierksma_WitnessSign_prefix_201011 (4.8s)
✔ [10172/12392] Built SierksmaLean.Theorems.Thm_Sierksma_WitnessSign_prefix_200121 (4.9s)
✔ [10173/12392] Built SierksmaLean.Theorems.Thm_Sierksma_WitnessSign_prefix_201001 (4.9s)
✔ [10174/12392] Built SierksmaLean.Theorems.Thm_Sierksma_WitnessSign_prefix_201020 (4.9s)
✔ [10175/12392] Built SierksmaLean.Theorems.Thm_Sierksma_WitnessSign_prefix_201101 (5.1s)
✔ [10176/12392] Built SierksmaLean.Theorems.Thm_Sierksma_WitnessSign_prefix_201212 (4.5s)
✔ [10177/12392] Built SierksmaLean.Theorems.Thm_Sierksma_WitnessSign_prefix_202002 (5.4s)
✔ [10178/12392] Built SierksmaLean.Theorems.Thm_Sierksma_WitnessSign_prefix_202122 (5.1s)
✔ [10179/12392] Built SierksmaLean.Theorems.Thm_Sierksma_WitnessSign_prefix_202202 (4.5s)
✔ [10180/12392] Built SierksmaLean.Theorems.Thm_Sierksma_WitnessSign_prefix_201121 (4.7s)
✔ [10181/12392] Built SierksmaLean.Theorems.Thm_Sierksma_WitnessSign_prefix_201012 (4.8s)
✔ [10182/12392] Built SierksmaLean.Theorems.Thm_Sierksma_WitnessSign_prefix_201021 (4.7s)
✔ [10183/12392] Built SierksmaLean.Theorems.Thm_Sierksma_WitnessSign_prefix_201112 (4.8s)
✔ [10184/12392] Built SierksmaLean.Theorems.Thm_Sierksma_WitnessSign_prefix_201122 (4.8s)
✔ [10185/12392] Built SierksmaLean.Theorems.Thm_Sierksma_WitnessSign_prefix_201200 (4.7s)
✔ [10186/12392] Built SierksmaLean.Theorems.Thm_Sierksma_WitnessSign_prefix_201211 (4.7s)
✔ [10187/12392] Built SierksmaLean.Theorems.Thm_Sierksma_WitnessSign_prefix_202020 (4.8s)
✔ [10188/12392] Built SierksmaLean.Theorems.Thm_Sierksma_WitnessSign_prefix_201100 (6.2s)
✔ [10189/12392] Built SierksmaLean.Theorems.Thm_Sierksma_WitnessSign_prefix_201110 (5.9s)
✔ [10190/12392] Built SierksmaLean.Theorems.Thm_Sierksma_WitnessSign_prefix_201202 (5.7s)
✔ [10191/12392] Built SierksmaLean.Theorems.Thm_Sierksma_WitnessSign_prefix_201220 (4.8s)
✔ [10192/12392] Built SierksmaLean.Theorems.Thm_Sierksma_WitnessSign_prefix_201221 (5.1s)
✔ [10193/12392] Built SierksmaLean.Theorems.Thm_Sierksma_WitnessSign_prefix_202001 (4.8s)
✔ [10194/12392] Built SierksmaLean.Theorems.Thm_Sierksma_WitnessSign_prefix_202220 (5.6s)
✔ [10195/12392] Built SierksmaLean.Theorems.Thm_Sierksma_WitnessSign_prefix_201102 (4.0s)
✔ [10196/12392] Built SierksmaLean.Theorems.Thm_Sierksma_WitnessSign_prefix_202212 (4.0s)
✔ [10197/12392] Built SierksmaLean.Theorems.Thm_Sierksma_WitnessSign_prefix_202221 (5.1s)
✔ [10198/12392] Built SierksmaLean.Theorems.Thm_Sierksma_WitnessSign_prefix_202021 (4.2s)
✔ [10199/12392] Built SierksmaLean.Theorems.Thm_Sierksma_WitnessSign_prefix_202200 (5.3s)
✔ [10200/12392] Built SierksmaLean.Theorems.Thm_Sierksma_WitnessSign_prefix_201120 (5.3s)
✔ [10201/12392] Built SierksmaLean.Theorems.Thm_Sierksma_WitnessSign_prefix_201201 (5.3s)
✔ [10202/12392] Built SierksmaLean.Theorems.Thm_Sierksma_WitnessSign_prefix_201210 (5.3s)
✔ [10203/12392] Built SierksmaLean.Theorems.Thm_Sierksma_WitnessSign_prefix_202010 (5.5s)
✔ [10204/12392] Built SierksmaLean.Theorems.Thm_Sierksma_WitnessSign_prefix_202011 (5.1s)
✔ [10205/12392] Built SierksmaLean.Theorems.Thm_Sierksma_WitnessSign_prefix_202012 (6.2s)
✔ [10206/12392] Built SierksmaLean.Theorems.Thm_Sierksma_WitnessSign_prefix_202100 (5.3s)
✔ [10207/12392] Built SierksmaLean.Theorems.Thm_Sierksma_WitnessSign_prefix_202102 (5.3s)
✔ [10208/12392] Built SierksmaLean.Theorems.Thm_Sierksma_WitnessSign_prefix_202111 (5.3s)
✔ [10209/12392] Built SierksmaLean.Theorems.Thm_Sierksma_WitnessSign_prefix_202112 (5.3s)
✔ [10210/12392] Built SierksmaLean.Theorems.Thm_Sierksma_WitnessSign_prefix_202201 (5.1s)
✔ [10211/12392] Built SierksmaLean.Theorems.Thm_Sierksma_WitnessSign_prefix_210000 (6.2s)
✔ [10212/12392] Built SierksmaLean.Theorems.Thm_Sierksma_WitnessSign_prefix_210111 (5.2s)
✔ [10213/12392] Built SierksmaLean.Theorems.Thm_Sierksma_WitnessSign_prefix_202120 (5.5s)
✔ [10214/12392] Built SierksmaLean.Theorems.Thm_Sierksma_WitnessSign_prefix_202121 (5.5s)
✔ [10215/12392] Built SierksmaLean.Theorems.Thm_Sierksma_WitnessSign_prefix_202210 (5.2s)
✔ [10216/12392] Built SierksmaLean.Theorems.Thm_Sierksma_WitnessSign_prefix_202101 (5.4s)
✔ [10217/12392] Built SierksmaLean.Theorems.Thm_Sierksma_WitnessSign_prefix_202110 (5.4s)
✔ [10218/12392] Built SierksmaLean.Theorems.Thm_Sierksma_WitnessSign_prefix_210222 (5.4s)
✔ [10219/12392] Built SierksmaLean.Theorems.Thm_Sierksma_WitnessSign_prefix_202211 (5.4s)
✔ [10220/12392] Built SierksmaLean.Theorems.Thm_Sierksma_WitnessSign_prefix_210010 (4.8s)
✔ [10221/12392] Built SierksmaLean.Theorems.Thm_Sierksma_WitnessSign_prefix_211011 (5.6s)
✔ [10222/12392] Built SierksmaLean.Theorems.Thm_Sierksma_WitnessSign_prefix_211110 (4.8s)
✔ [10223/12392] Built SierksmaLean.Theorems.Thm_Sierksma_WitnessSign_prefix_210001 (5.8s)
✔ [10224/12392] Built SierksmaLean.Theorems.Thm_Sierksma_WitnessSign_prefix_210002 (6.3s)
✔ [10225/12392] Built SierksmaLean.Theorems.Thm_Sierksma_WitnessSign_prefix_210011 (5.8s)
✔ [10226/12392] Built SierksmaLean.Theorems.Thm_Sierksma_WitnessSign_prefix_210020 (5.8s)
✔ [10227/12392] Built SierksmaLean.Theorems.Thm_Sierksma_WitnessSign_prefix_210022 (5.8s)
✔ [10228/12392] Built SierksmaLean.Theorems.Thm_Sierksma_WitnessSign_prefix_210100 (5.8s)
✔ [10229/12392] Built SierksmaLean.Theorems.Thm_Sierksma_WitnessSign_prefix_211101 (5.8s)
✔ [10230/12392] Built SierksmaLean.Theorems.Thm_Sierksma_WitnessSign_prefix_211111 (7.2s)
✔ [10231/12392] Built SierksmaLean.Theorems.Thm_Sierksma_WitnessSign_prefix_211112 (5.8s)
✔ [10232/12392] Built SierksmaLean.Theorems.Thm_Sierksma_WitnessSign_prefix_211121 (5.8s)
✔ [10233/12392] Built SierksmaLean.Theorems.Thm_Sierksma_WitnessSign_prefix_211211 (5.8s)
✔ [10234/12392] Built SierksmaLean.Theorems.Thm_Sierksma_WitnessSign_prefix_210112 (5.4s)
✔ [10235/12392] Built SierksmaLean.Theorems.Thm_Sierksma_WitnessSign_prefix_210200 (4.9s)
✔ [10236/12392] Built SierksmaLean.Theorems.Thm_Sierksma_WitnessSign_prefix_210012 (5.3s)
✔ [10237/12392] Built SierksmaLean.Theorems.Thm_Sierksma_WitnessSign_prefix_210021 (5.2s)
✔ [10238/12392] Built SierksmaLean.Theorems.Thm_Sierksma_WitnessSign_prefix_210101 (6.3s)
✔ [10239/12392] Built SierksmaLean.Theorems.Thm_Sierksma_WitnessSign_prefix_210202 (5.4s)
✔ [10240/12392] Built SierksmaLean.Theorems.Thm_Sierksma_WitnessSign_prefix_210211 (5.3s)
✔ [10241/12392] Built SierksmaLean.Theorems.Thm_Sierksma_WitnessSign_prefix_210212 (5.4s)
✔ [10242/12392] Built SierksmaLean.Theorems.Thm_Sierksma_WitnessSign_prefix_210220 (5.2s)
✔ [10243/12392] Built SierksmaLean.Theorems.Thm_Sierksma_WitnessSign_prefix_210221 (5.2s)
✔ [10244/12392] Built SierksmaLean.Theorems.Thm_Sierksma_WitnessSign_prefix_211000 (5.2s)
✔ [10245/12392] Built SierksmaLean.Theorems.Thm_Sierksma_WitnessSign_prefix_211001 (5.1s)
✔ [10246/12392] Built SierksmaLean.Theorems.Thm_Sierksma_WitnessSign_prefix_210110 (6.5s)
✔ [10247/12392] Built SierksmaLean.Theorems.Thm_Sierksma_WitnessSign_prefix_210121 (6.5s)
✔ [10248/12392] Built SierksmaLean.Theorems.Thm_Sierksma_WitnessSign_prefix_210122 (5.9s)
✔ [10249/12392] Built SierksmaLean.Theorems.Thm_Sierksma_WitnessSign_prefix_211122 (5.9s)
✔ [10250/12392] Built SierksmaLean.Theorems.Thm_Sierksma_WitnessSign_prefix_211222 (6.5s)
✔ [10251/12392] Built SierksmaLean.Theorems.Thm_Sierksma_WitnessSign_prefix_211012 (4.9s)
✔ [10252/12392] Built SierksmaLean.Theorems.Thm_Sierksma_WitnessSign_prefix_210120 (5.1s)
✔ [10253/12392] Built SierksmaLean.Theorems.Thm_Sierksma_WitnessSign_prefix_212022 (5.6s)
✔ [10254/12392] Built SierksmaLean.Theorems.Thm_Sierksma_WitnessSign_prefix_210102 (6.0s)
✔ [10255/12392] Built SierksmaLean.Theorems.Thm_Sierksma_WitnessSign_prefix_210201 (5.6s)
✔ [10256/12392] Built SierksmaLean.Theorems.Thm_Sierksma_WitnessSign_prefix_211010 (6.1s)
✔ [10257/12392] Built SierksmaLean.Theorems.Thm_Sierksma_WitnessSign_prefix_211021 (5.9s)
✔ [10258/12392] Built SierksmaLean.Theorems.Thm_Sierksma_WitnessSign_prefix_211022 (5.8s)
✔ [10259/12392] Built SierksmaLean.Theorems.Thm_Sierksma_WitnessSign_prefix_211212 (6.1s)
✔ [10260/12392] Built SierksmaLean.Theorems.Thm_Sierksma_WitnessSign_prefix_211221 (6.1s)
✔ [10261/12392] Built SierksmaLean.Theorems.Thm_Sierksma_WitnessSign_prefix_212111 (5.9s)
✔ [10262/12392] Built SierksmaLean.Theorems.Thm_Sierksma_WitnessSign_prefix_212222 (6.1s)
✔ [10263/12392] Built SierksmaLean.Theorems.Thm_Sierksma_WitnessSign_prefix_210210 (4.8s)
✔ [10264/12392] Built SierksmaLean.Theorems.Thm_Sierksma_WitnessSign_prefix_211002 (4.8s)
✔ [10265/12392] Built SierksmaLean.Theorems.Thm_Sierksma_WitnessSign_prefix_211102 (5.2s)
✔ [10266/12392] Built SierksmaLean.Theorems.Thm_Sierksma_WitnessSign_prefix_211201 (4.8s)
✔ [10267/12392] Built SierksmaLean.Theorems.Thm_Sierksma_WitnessSign_prefix_211210 (4.8s)
✔ [10268/12392] Built SierksmaLean.Theorems.Thm_Sierksma_WitnessSign_prefix_211220 (4.8s)
✔ [10269/12392] Built SierksmaLean.Theorems.Thm_Sierksma_WitnessSign_prefix_212202 (4.8s)
✔ [10270/12392] Built SierksmaLean.Theorems.Thm_Sierksma_WitnessSign_prefix_211020 (4.8s)
✔ [10271/12392] Built SierksmaLean.Theorems.Thm_Sierksma_WitnessSign_prefix_211120 (4.8s)
✔ [10272/12392] Built SierksmaLean.Theorems.Thm_Sierksma_WitnessSign_prefix_211100 (6.3s)
✔ [10273/12392] Built SierksmaLean.Theorems.Thm_Sierksma_WitnessSign_prefix_212212 (5.2s)
✔ [10274/12392] Built SierksmaLean.Theorems.Thm_Sierksma_WitnessSign_prefix_211202 (5.2s)
✔ [10275/12392] Built SierksmaLean.Theorems.Thm_Sierksma_WitnessSign_prefix_212011 (4.8s)
✔ [10276/12392] Built SierksmaLean.Theorems.Thm_Sierksma_WitnessSign_prefix_212122 (5.6s)
✔ [10277/12392] Built SierksmaLean.Theorems.Thm_Sierksma_WitnessSign_prefix_212221 (5.5s)
✔ [10278/12392] Built SierksmaLean.Theorems.Thm_Sierksma_WitnessSign_prefix_212220 (5.4s)
✔ [10279/12392] Built SierksmaLean.Theorems.Thm_Sierksma_WitnessSign_prefix_220222 (4.8s)
✔ [10280/12392] Built SierksmaLean.Theorems.Thm_Sierksma_WitnessSign_prefix_212000 (4.0s)
✔ [10281/12392] Built SierksmaLean.Theorems.Thm_Sierksma_WitnessSign_prefix_212002 (5.2s)
✔ [10282/12392] Built SierksmaLean.Theorems.Thm_Sierksma_WitnessSign_prefix_220000 (5.5s)
✔ [10283/12392] Built SierksmaLean.Theorems.Thm_Sierksma_WitnessSign_prefix_211200 (5.7s)
✔ [10284/12392] Built SierksmaLean.Theorems.Thm_Sierksma_WitnessSign_prefix_212001 (4.7s)
✔ [10285/12392] Built SierksmaLean.Theorems.Thm_Sierksma_WitnessSign_prefix_212012 (5.7s)
✔ [10286/12392] Built SierksmaLean.Theorems.Thm_Sierksma_WitnessSign_prefix_212021 (5.7s)
✔ [10287/12392] Built SierksmaLean.Theorems.Thm_Sierksma_WitnessSign_prefix_212101 (4.7s)
✔ [10288/12392] Built SierksmaLean.Theorems.Thm_Sierksma_WitnessSign_prefix_212112 (5.9s)
✔ [10289/12392] Built SierksmaLean.Theorems.Thm_Sierksma_WitnessSign_prefix_220122 (4.7s)
✔ [10290/12392] Built SierksmaLean.Theorems.Thm_Sierksma_WitnessSign_prefix_212010 (4.7s)
✔ [10291/12392] Built SierksmaLean.Theorems.Thm_Sierksma_WitnessSign_prefix_212102 (5.0s)
✔ [10292/12392] Built SierksmaLean.Theorems.Thm_Sierksma_WitnessSign_prefix_212110 (5.0s)
✔ [10293/12392] Built SierksmaLean.Theorems.Thm_Sierksma_WitnessSign_prefix_220220 (4.0s)
✔ [10294/12392] Built SierksmaLean.Theorems.Thm_Sierksma_WitnessSign_prefix_220221 (4.5s)
✔ [10295/12392] Built SierksmaLean.Theorems.Thm_Sierksma_WitnessSign_prefix_212020 (5.7s)
✔ [10296/12392] Built SierksmaLean.Theorems.Thm_Sierksma_WitnessSign_prefix_212100 (5.1s)
✔ [10297/12392] Built SierksmaLean.Theorems.Thm_Sierksma_WitnessSign_prefix_212120 (5.2s)
✔ [10298/12392] Built SierksmaLean.Theorems.Thm_Sierksma_WitnessSign_prefix_212121 (5.7s)
✔ [10299/12392] Built SierksmaLean.Theorems.Thm_Sierksma_WitnessSign_prefix_212200 (5.2s)
✔ [10300/12392] Built SierksmaLean.Theorems.Thm_Sierksma_WitnessSign_prefix_212211 (5.7s)
✔ [10301/12392] Built SierksmaLean.Theorems.Thm_Sierksma_WitnessSign_prefix_220020 (5.2s)
✔ [10302/12392] Built SierksmaLean.Theorems.Thm_Sierksma_WitnessSign_prefix_220022 (5.7s)
✔ [10303/12392] Built SierksmaLean.Theorems.Thm_Sierksma_WitnessSign_prefix_220202 (5.7s)
✔ [10304/12392] Built SierksmaLean.Theorems.Thm_Sierksma_WitnessSign_prefix_220002 (5.9s)
✔ [10305/12392] Built SierksmaLean.Theorems.Thm_Sierksma_WitnessSign_prefix_212210 (5.0s)
✔ [10306/12392] Built SierksmaLean.Theorems.Thm_Sierksma_WitnessSign_prefix_220010 (5.4s)
✔ [10307/12392] Built SierksmaLean.Theorems.Thm_Sierksma_WitnessSign_prefix_221022 (5.0s)
✔ [10308/12392] Built SierksmaLean.Theorems.Thm_Sierksma_WitnessSign_prefix_221111 (5.5s)
✔ [10309/12392] Built SierksmaLean.Theorems.Thm_Sierksma_WitnessSign_prefix_221122 (5.5s)
✔ [10310/12392] Built SierksmaLean.Theorems.Thm_Sierksma_WitnessSign_prefix_221222 (6.0s)
✔ [10311/12392] Built SierksmaLean.Theorems.Thm_Sierksma_WitnessSign_prefix_222022 (5.5s)
✔ [10312/12392] Built SierksmaLean.Theorems.Thm_Sierksma_WitnessSign_prefix_220200 (5.5s)
✔ [10313/12392] Built SierksmaLean.Theorems.Thm_Sierksma_WitnessSign_prefix_212201 (6.2s)
✔ [10314/12392] Built SierksmaLean.Theorems.Thm_Sierksma_WitnessSign_prefix_220001 (5.7s)
✔ [10315/12392] Built SierksmaLean.Theorems.Thm_Sierksma_WitnessSign_prefix_220212 (6.2s)
✔ [10316/12392] Built SierksmaLean.Theorems.Thm_Sierksma_WitnessSign_prefix_220012 (6.1s)
✔ [10317/12392] Built SierksmaLean.Theorems.Thm_Sierksma_WitnessSign_prefix_220021 (5.1s)
✔ [10318/12392] Built SierksmaLean.Theorems.Thm_Sierksma_WitnessSign_prefix_220102 (5.1s)
✔ [10319/12392] Built SierksmaLean.Theorems.Thm_Sierksma_WitnessSign_prefix_220120 (4.9s)
✔ [10320/12392] Built SierksmaLean.Theorems.Thm_Sierksma_WitnessSign_prefix_220211 (4.9s)
✔ [10321/12392] Built SierksmaLean.Theorems.Thm_Sierksma_WitnessSign_prefix_221212 (5.1s)
✔ [10322/12392] Built SierksmaLean.Theorems.Thm_Sierksma_WitnessSign_prefix_221221 (5.1s)
✔ [10323/12392] Built SierksmaLean.Theorems.Thm_Sierksma_WitnessSign_prefix_220100 (5.4s)
✔ [10324/12392] Built SierksmaLean.Theorems.Thm_Sierksma_WitnessSign_prefix_220121 (5.1s)
✔ [10325/12392] Built SierksmaLean.Theorems.Thm_Sierksma_WitnessSign_prefix_221202 (5.4s)
✔ [10326/12392] Built SierksmaLean.Theorems.Thm_Sierksma_WitnessSign_prefix_222122 (5.4s)
✔ [10327/12392] Built SierksmaLean.Theorems.Thm_Sierksma_WitnessSign_prefix_220111 (5.5s)
✔ [10328/12392] Built SierksmaLean.Theorems.Thm_Sierksma_WitnessSign_prefix_220112 (5.5s)
✔ [10329/12392] Built SierksmaLean.Theorems.Thm_Sierksma_WitnessSign_prefix_221220 (5.5s)
✔ [10330/12392] Built SierksmaLean.Theorems.Thm_Sierksma_WitnessSign_prefix_222002 (5.2s)
✔ [10331/12392] Built SierksmaLean.Theorems.Thm_Sierksma_WitnessSign_prefix_222202 (5.2s)
✔ [10332/12392] Built SierksmaLean.Theorems.Thm_Sierksma_WitnessSign_prefix_220011 (5.9s)
✔ [10333/12392] Built SierksmaLean.Theorems.Thm_Sierksma_WitnessSign_prefix_220201 (5.8s)
✔ [10334/12392] Built SierksmaLean.Theorems.Thm_Sierksma_WitnessSign_prefix_220210 (5.8s)
✔ [10335/12392] Built SierksmaLean.Theorems.Thm_Sierksma_WitnessSign_prefix_221112 (5.8s)
✔ [10336/12392] Built SierksmaLean.Theorems.Thm_Sierksma_WitnessSign_prefix_222020 (5.4s)
✔ [10337/12392] Built SierksmaLean.Theorems.Thm_Sierksma_WitnessSign_prefix_222212 (5.7s)
✔ [10338/12392] Built SierksmaLean.Theorems.Thm_Sierksma_WitnessSign_prefix_222222 (4.9s)
✔ [10339/12392] Built SierksmaLean.Theorems.Thm_Sierksma_WitnessSign_prefix_221002 (5.2s)
✔ [10340/12392] Built SierksmaLean.Theorems.Thm_Sierksma_WitnessSign_prefix_221121 (5.8s)
✔ [10341/12392] Built SierksmaLean.Theorems.Thm_Sierksma_WitnessSign_prefix_222221 (5.4s)
✔ [10342/12392] Built SierksmaLean.Theorems.Thm_Sierksma_WitnessSign_prefix_220101 (5.2s)
✔ [10343/12392] Built SierksmaLean.Theorems.Thm_Sierksma_WitnessSign_prefix_220110 (5.2s)
✔ [10344/12392] Built SierksmaLean.Theorems.Thm_Sierksma_WitnessSign_prefix_221000 (5.5s)
✔ [10345/12392] Built SierksmaLean.Theorems.Thm_Sierksma_WitnessSign_prefix_221011 (6.1s)
✔ [10346/12392] Built SierksmaLean.Theorems.Thm_Sierksma_WitnessSign_prefix_221012 (5.2s)
✔ [10347/12392] Built SierksmaLean.Theorems.Thm_Sierksma_WitnessSign_prefix_221021 (5.2s)
✔ [10348/12392] Built SierksmaLean.Theorems.Thm_Sierksma_WitnessSign_prefix_221211 (6.1s)
✔ [10349/12392] Built SierksmaLean.Theorems.Thm_Sierksma_WitnessSign_prefix_222012 (6.3s)
✔ [10350/12392] Built SierksmaLean.Theorems.Thm_Sierksma_WitnessSign_prefix_222021 (6.1s)
✔ [10351/12392] Built SierksmaLean.Theorems.Thm_Sierksma_WitnessSign_prefix_222112 (5.2s)
✔ [10352/12392] Built SierksmaLean.Theorems.Thm_Sierksma_WitnessSign_prefix_222121 (5.1s)
✔ [10353/12392] Built SierksmaLean.Theorems.Thm_Sierksma_WitnessSign_prefix_222220 (6.4s)
✔ [10354/12392] Built SierksmaLean.Theorems.Thm_Sierksma_WitnessSign_prefix_221010 (4.4s)
✔ [10355/12392] Built SierksmaLean.Theorems.Thm_Sierksma_WitnessSign_prefix_222102 (5.5s)
✔ [10356/12392] Built SierksmaLean.Theorems.Thm_Sierksma_WitnessSign_prefix_222200 (5.1s)
✔ [10357/12392] Built SierksmaLean.Theorems.Thm_Sierksma_WitnessSign_prefix_221110 (4.4s)
✔ [10358/12392] Built SierksmaLean.Theorems.Thm_Sierksma_WitnessSign_prefix_221020 (5.9s)
✔ [10359/12392] Built SierksmaLean.Theorems.Thm_Sierksma_WitnessSign_prefix_221101 (5.9s)
✔ [10360/12392] Built SierksmaLean.Theorems.Thm_Sierksma_WitnessSign_prefix_221102 (5.2s)
✔ [10361/12392] Built SierksmaLean.Theorems.Thm_Sierksma_WitnessSign_prefix_221120 (5.2s)
✔ [10362/12392] Built SierksmaLean.Theorems.Thm_Sierksma_WitnessSign_prefix_222000 (5.9s)
✔ [10363/12392] Built SierksmaLean.Theorems.Thm_Sierksma_WitnessSign_prefix_222120 (5.6s)
✔ [10364/12392] Built SierksmaLean.Theorems.Thm_Sierksma_WitnessSign_prefix_222201 (5.2s)
✔ [10365/12392] Built SierksmaLean.Theorems.Thm_Sierksma_WitnessSign_prefix_222210 (5.2s)
✔ [10366/12392] Built SierksmaLean.Theorems.Thm_Sierksma_WitnessSign_prefix_222211 (5.2s)
⚠ [10367/12392] Built SierksmaLean.Theorems.Thm_Sierksma_g4_sorted_triples_suffice (4.8s)
warning: SierksmaLean/Theorems/Thm_Sierksma_g4_sorted_triples_suffice.lean:7:22: Variable name `h` is not explicitly referenced.

Hint: The binding can be removed (if unused) or named `_` (if used implicitly). Alternatively, prefix the name with `_` to silence this warning:
  [apply] _h

Note: This linter can be disabled with `set_option linter.unusedVariables false`
✔ [10368/12392] Built SierksmaLean.Theorems.Thm_Sierksma_WitnessG4_edge_01 (4.8s)
✔ [10369/12392] Built SierksmaLean.Theorems.Thm_Sierksma_WitnessSign_prefix_221001 (5.7s)
✔ [10370/12392] Built SierksmaLean.Theorems.Thm_Sierksma_WitnessSign_prefix_221201 (5.1s)
✔ [10371/12392] Built SierksmaLean.Theorems.Thm_Sierksma_WitnessSign_prefix_221210 (5.5s)
✔ [10372/12392] Built SierksmaLean.Theorems.Thm_Sierksma_WitnessSign_prefix_222001 (4.8s)
✔ [10373/12392] Built SierksmaLean.Theorems.Thm_Sierksma_WitnessSign_prefix_222111 (4.8s)
✔ [10374/12392] Built SierksmaLean.Theorems.Thm_Sierksma_WitnessG4_edge_12 (4.6s)
✔ [10375/12392] Built SierksmaLean.Theorems.Thm_Sierksma_WitnessSign_prefix_221100 (5.6s)
✔ [10376/12392] Built SierksmaLean.Theorems.Thm_Sierksma_WitnessSign_prefix_221200 (5.6s)
✔ [10377/12392] Built SierksmaLean.Theorems.Thm_Sierksma_WitnessSign_prefix_222010 (5.5s)
⚠ [10378/12392] Built SierksmaLean.Theorems.Thm_Sierksma_engine_generic_dense_of_witness (5.6s)
warning: SierksmaLean/Theorems/Thm_Sierksma_engine_generic_dense_of_witness.lean:7:26: Variable name `hw` is not explicitly referenced.

Hint: The binding can be removed (if unused) or named `_` (if used implicitly). Alternatively, prefix the name with `_` to silence this warning:
  [apply] _hw

Note: This linter can be disabled with `set_option linter.unusedVariables false`
✔ [10379/12392] Built SierksmaLean.Theorems.Thm_Sierksma_FB_k_enormtab (4.6s)
✔ [10380/12392] Built SierksmaLean.Theorems.Thm_Sierksma_WitnessG4_edge_05 (4.8s)
✔ [10381/12392] Built SierksmaLean.Theorems.Thm_Sierksma_WitnessG4_edge_07 (4.8s)
✔ [10382/12392] Built SierksmaLean.Theorems.Thm_Sierksma_WitnessSign_prefix_222011 (5.5s)
✔ [10383/12392] Built SierksmaLean.Theorems.Thm_Sierksma_FB_k_normtab2_0 (4.5s)
✔ [10384/12392] Built SierksmaLean.Theorems.Thm_Sierksma_WitnessG4_edge_03 (5.0s)
✔ [10385/12392] Built SierksmaLean.Theorems.Thm_Sierksma_WitnessG4_edge_08 (4.0s)
✔ [10386/12392] Built SierksmaLean.Theorems.Thm_Sierksma_WitnessG4_edge_02 (6.8s)
✔ [10387/12392] Built SierksmaLean.Theorems.Thm_Sierksma_WitnessG4_edge_04 (5.8s)
✔ [10388/12392] Built SierksmaLean.Theorems.Thm_Sierksma_WitnessG4_edge_06 (5.0s)
✔ [10389/12392] Built SierksmaLean.Theorems.Thm_Sierksma_WitnessG4_edge_13 (5.8s)
✔ [10390/12392] Built SierksmaLean.Theorems.Thm_Sierksma_WitnessG4_edge_14 (5.7s)
✔ [10391/12392] Built SierksmaLean.Theorems.Thm_Sierksma_WitnessG4_edge_18 (5.1s)
✔ [10392/12392] Built SierksmaLean.Theorems.Thm_Sierksma_WitnessG4_edge_25 (5.1s)
✔ [10393/12392] Built SierksmaLean.Theorems.Thm_Sierksma_WitnessSign_prefix_112212 (5.1s)
✔ [10394/12392] Built SierksmaLean.Theorems.Thm_Sierksma_WitnessSign_prefix_222100 (5.7s)
✔ [10395/12392] Built SierksmaLean.Theorems.Thm_Sierksma_WitnessSign_prefix_222110 (5.7s)
⚠ [10396/12392] Built SierksmaLean.Theorems.Thm_Sierksma_engine_generic_prefix_auxiliary (5.0s)
warning: SierksmaLean/Theorems/Thm_Sierksma_engine_generic_prefix_auxiliary.lean:8:5: Variable name `hx` is not explicitly referenced.

Hint: The binding can be removed (if unused) or named `_` (if used implicitly). Alternatively, prefix the name with `_` to silence this warning:
  [apply] _hx

Note: This linter can be disabled with `set_option linter.unusedVariables false`
warning: SierksmaLean/Theorems/Thm_Sierksma_engine_generic_prefix_auxiliary.lean:8:28: Variable name `hy` is not explicitly referenced.

Hint: The binding can be removed (if unused) or named `_` (if used implicitly). Alternatively, prefix the name with `_` to silence this warning:
  [apply] _hy

Note: This linter can be disabled with `set_option linter.unusedVariables false`
✔ [10397/12392] Built SierksmaLean.Theorems.Thm_Sierksma_WitnessG4_edge_16 (5.3s)
✔ [10398/12392] Built SierksmaLean.Theorems.Thm_Sierksma_WitnessG4_edge_17 (5.4s)
✔ [10399/12392] Built SierksmaLean.Theorems.Thm_Sierksma_WitnessG4_edge_24 (5.3s)
✔ [10400/12392] Built SierksmaLean.Theorems.Thm_Sierksma_FB_k_c4lo (5.3s)
✔ [10401/12392] Built SierksmaLean.Theorems.Thm_Sierksma_WitnessG4_edge_15 (6.6s)
✔ [10402/12392] Built SierksmaLean.Theorems.Thm_Sierksma_WitnessG4_edge_23 (5.7s)
✔ [10403/12392] Built SierksmaLean.Theorems.Thm_Sierksma_WitnessSign_prefix_222101 (6.6s)
✔ [10404/12392] Built SierksmaLean.Theorems.Thm_Sierksma_generic_locus_strong_gp (6.7s)
✔ [10405/12392] Built SierksmaLean.Theorems.Thm_Sierksma_WitnessG4_edge_26 (5.2s)
✔ [10406/12392] Built SierksmaLean.Proofs.Proof_Sierksma_ModelFacet_prefix_551 (13s)
✔ [10407/12392] Built SierksmaLean.Proofs.Proof_Sierksma_ModelFacet_prefix_552 (13s)
✔ [10408/12392] Built SierksmaLean.Proofs.Proof_Sierksma_ModelFacet_prefix_541 (13s)
✔ [10409/12392] Built SierksmaLean.Proofs.Proof_Sierksma_ModelFacet_prefix_540 (13s)
✔ [10410/12392] Built SierksmaLean.Proofs.Proof_Sierksma_ModelFacet_prefix_553 (13s)
✔ [10411/12392] Built SierksmaLean.Proofs.Proof_Sierksma_ModelFacet_prefix_554 (14s)
✔ [10412/12392] Built SierksmaLean.Proofs.Proof_Sierksma_ModelFacet_prefix_532 (13s)
✔ [10413/12392] Built SierksmaLean.Proofs.Proof_Sierksma_ModelFacet_prefix_543 (14s)
✔ [10414/12392] Built SierksmaLean.Proofs.Proof_Sierksma_ModelFacet_prefix_544 (14s)
✔ [10415/12392] Built SierksmaLean.Proofs.Proof_Sierksma_ModelFacet_prefix_545 (14s)
✔ [10416/12392] Built SierksmaLean.Proofs.Proof_Sierksma_ModelFacet_prefix_550 (14s)
✔ [10417/12392] Built SierksmaLean.Proofs.Proof_Sierksma_ModelFacet_prefix_542 (14s)
✔ [10418/12392] Built SierksmaLean.Proofs.Proof_Sierksma_ModelFacet_prefix_555 (15s)
✔ [10419/12392] Built SierksmaLean.Proofs.Proof_Sierksma_ModelFacet_prefix_521 (13s)
✔ [10420/12392] Built SierksmaLean.Proofs.Proof_Sierksma_ModelFacet_prefix_533 (14s)
✔ [10421/12392] Built SierksmaLean.Proofs.Proof_Sierksma_ModelFacet_prefix_535 (14s)
✔ [10422/12392] Built SierksmaLean.Proofs.Proof_Sierksma_ModelFacet_prefix_513 (13s)
✔ [10423/12392] Built SierksmaLean.Proofs.Proof_Sierksma_ModelFacet_prefix_515 (14s)
✔ [10424/12392] Built SierksmaLean.Proofs.Proof_Sierksma_ModelFacet_prefix_523 (14s)
✔ [10425/12392] Built SierksmaLean.Proofs.Proof_Sierksma_ModelFacet_prefix_524 (14s)
✔ [10426/12392] Built SierksmaLean.Proofs.Proof_Sierksma_ModelFacet_prefix_512 (13s)
✔ [10427/12392] Built SierksmaLean.Proofs.Proof_Sierksma_ModelFacet_prefix_522 (14s)
✔ [10428/12392] Built SierksmaLean.Proofs.Proof_Sierksma_ModelFacet_prefix_525 (14s)
✔ [10429/12392] Built SierksmaLean.Proofs.Proof_Sierksma_ModelFacet_prefix_530 (14s)
✔ [10430/12392] Built SierksmaLean.Proofs.Proof_Sierksma_ModelFacet_prefix_531 (15s)
✔ [10431/12392] Built SierksmaLean.Proofs.Proof_Sierksma_ModelFacet_prefix_534 (15s)
✔ [10432/12392] Built SierksmaLean.Proofs.Proof_Sierksma_ModelFacet_prefix_505 (14s)
✔ [10433/12392] Built SierksmaLean.Proofs.Proof_Sierksma_ModelFacet_prefix_510 (14s)
✔ [10434/12392] Built SierksmaLean.Proofs.Proof_Sierksma_ModelFacet_prefix_511 (14s)
✔ [10435/12392] Built SierksmaLean.Proofs.Proof_Sierksma_ModelFacet_prefix_514 (14s)
✔ [10436/12392] Built SierksmaLean.Proofs.Proof_Sierksma_ModelFacet_prefix_520 (15s)
✔ [10437/12392] Built SierksmaLean.Proofs.Proof_Sierksma_ModelFacet_prefix_504 (14s)
✔ [10438/12392] Built SierksmaLean.Proofs.Proof_Sierksma_ModelFacet_prefix_451 (14s)
✔ [10439/12392] Built SierksmaLean.Proofs.Proof_Sierksma_ModelFacet_prefix_452 (14s)
✔ [10440/12392] Built SierksmaLean.Proofs.Proof_Sierksma_ModelFacet_prefix_453 (14s)
✔ [10441/12392] Built SierksmaLean.Proofs.Proof_Sierksma_ModelFacet_prefix_454 (14s)
✔ [10442/12392] Built SierksmaLean.Proofs.Proof_Sierksma_ModelFacet_prefix_455 (14s)
✔ [10443/12392] Built SierksmaLean.Proofs.Proof_Sierksma_ModelFacet_prefix_500 (14s)
✔ [10444/12392] Built SierksmaLean.Proofs.Proof_Sierksma_ModelFacet_prefix_501 (14s)
✔ [10445/12392] Built SierksmaLean.Proofs.Proof_Sierksma_ModelFacet_prefix_502 (14s)
✔ [10446/12392] Built SierksmaLean.Proofs.Proof_Sierksma_ModelFacet_prefix_440 (13s)
✔ [10447/12392] Built SierksmaLean.Proofs.Proof_Sierksma_ModelFacet_prefix_442 (13s)
✔ [10448/12392] Built SierksmaLean.Proofs.Proof_Sierksma_ModelFacet_prefix_443 (13s)
✔ [10449/12392] Built SierksmaLean.Proofs.Proof_Sierksma_ModelFacet_prefix_445 (14s)
✔ [10450/12392] Built SierksmaLean.Proofs.Proof_Sierksma_ModelFacet_prefix_503 (14s)
✔ [10451/12392] Built SierksmaLean.Proofs.Proof_Sierksma_ModelFacet_prefix_424 (13s)
✔ [10452/12392] Built SierksmaLean.Proofs.Proof_Sierksma_ModelFacet_prefix_444 (14s)
✔ [10453/12392] Built SierksmaLean.Proofs.Proof_Sierksma_ModelFacet_prefix_450 (14s)
✔ [10454/12392] Built SierksmaLean.Proofs.Proof_Sierksma_ModelFacet_prefix_432 (13s)
✔ [10455/12392] Built SierksmaLean.Proofs.Proof_Sierksma_ModelFacet_prefix_433 (13s)
✔ [10456/12392] Built SierksmaLean.Proofs.Proof_Sierksma_ModelFacet_prefix_441 (13s)
✔ [10457/12392] Built SierksmaLean.Proofs.Proof_Sierksma_ModelFacet_prefix_430 (13s)
✔ [10458/12392] Built SierksmaLean.Proofs.Proof_Sierksma_ModelFacet_prefix_414 (13s)
✔ [10459/12392] Built SierksmaLean.Proofs.Proof_Sierksma_ModelFacet_prefix_415 (13s)
✔ [10460/12392] Built SierksmaLean.Proofs.Proof_Sierksma_ModelFacet_prefix_420 (13s)
✔ [10461/12392] Built SierksmaLean.Proofs.Proof_Sierksma_ModelFacet_prefix_421 (14s)
✔ [10462/12392] Built SierksmaLean.Proofs.Proof_Sierksma_ModelFacet_prefix_422 (14s)
✔ [10463/12392] Built SierksmaLean.Proofs.Proof_Sierksma_ModelFacet_prefix_423 (14s)
✔ [10464/12392] Built SierksmaLean.Proofs.Proof_Sierksma_ModelFacet_prefix_425 (14s)
✔ [10465/12392] Built SierksmaLean.Proofs.Proof_Sierksma_ModelFacet_prefix_431 (14s)
✔ [10466/12392] Built SierksmaLean.Proofs.Proof_Sierksma_ModelFacet_prefix_434 (14s)
✔ [10467/12392] Built SierksmaLean.Proofs.Proof_Sierksma_ModelFacet_prefix_435 (14s)
✔ [10468/12392] Built SierksmaLean.Proofs.Proof_Sierksma_ModelFacet_prefix_413 (13s)
✔ [10469/12392] Built SierksmaLean.Proofs.Proof_Sierksma_ModelFacet_prefix_412 (12s)
✔ [10470/12392] Built SierksmaLean.Proofs.Proof_Sierksma_ModelFacet_prefix_410 (12s)
✔ [10471/12392] Built SierksmaLean.Proofs.Proof_Sierksma_ModelFacet_prefix_411 (12s)
✔ [10472/12392] Built SierksmaLean.Proofs.Proof_Sierksma_ModelFacet_prefix_403 (12s)
✔ [10473/12392] Built SierksmaLean.Proofs.Proof_Sierksma_ModelFacet_prefix_405 (12s)
✔ [10474/12392] Built SierksmaLean.Proofs.Proof_Sierksma_ModelFacet_prefix_402 (12s)
✔ [10475/12392] Built SierksmaLean.Proofs.Proof_Sierksma_ModelFacet_prefix_404 (12s)
✔ [10476/12392] Built SierksmaLean.Proofs.Proof_Sierksma_ModelFacet_prefix_401 (12s)
✔ [10477/12392] Built SierksmaLean.Proofs.Proof_Sierksma_ModelFacet_prefix_354 (12s)
✔ [10478/12392] Built SierksmaLean.Proofs.Proof_Sierksma_ModelFacet_prefix_353 (13s)
✔ [10479/12392] Built SierksmaLean.Proofs.Proof_Sierksma_ModelFacet_prefix_355 (13s)
✔ [10480/12392] Built SierksmaLean.Proofs.Proof_Sierksma_ModelFacet_prefix_400 (13s)
✔ [10481/12392] Built SierksmaLean.Proofs.Proof_Sierksma_ModelFacet_prefix_352 (13s)
✔ [10482/12392] Built SierksmaLean.Proofs.Proof_Sierksma_ModelFacet_prefix_344 (12s)
✔ [10483/12392] Built SierksmaLean.Proofs.Proof_Sierksma_ModelFacet_prefix_350 (12s)
✔ [10484/12392] Built SierksmaLean.Proofs.Proof_Sierksma_ModelFacet_prefix_351 (13s)
✔ [10485/12392] Built SierksmaLean.Proofs.Proof_Sierksma_ModelFacet_prefix_345 (13s)
✔ [10486/12392] Built SierksmaLean.Proofs.Proof_Sierksma_ModelFacet_prefix_340 (13s)
✔ [10487/12392] Built SierksmaLean.Proofs.Proof_Sierksma_ModelFacet_prefix_341 (13s)
✔ [10488/12392] Built SierksmaLean.Proofs.Proof_Sierksma_ModelFacet_prefix_342 (13s)
✔ [10489/12392] Built SierksmaLean.Proofs.Proof_Sierksma_ModelFacet_prefix_343 (13s)
✔ [10490/12392] Built SierksmaLean.Proofs.Proof_Sierksma_ModelFacet_prefix_334 (13s)
✔ [10491/12392] Built SierksmaLean.Proofs.Proof_Sierksma_ModelFacet_prefix_335 (13s)
✔ [10492/12392] Built SierksmaLean.Proofs.Proof_Sierksma_ModelFacet_prefix_332 (13s)
✔ [10493/12392] Built SierksmaLean.Proofs.Proof_Sierksma_ModelFacet_prefix_321 (13s)
✔ [10494/12392] Built SierksmaLean.Proofs.Proof_Sierksma_ModelFacet_prefix_323 (13s)
✔ [10495/12392] Built SierksmaLean.Proofs.Proof_Sierksma_ModelFacet_prefix_330 (13s)
✔ [10496/12392] Built SierksmaLean.Proofs.Proof_Sierksma_ModelFacet_prefix_331 (13s)
✔ [10497/12392] Built SierksmaLean.Proofs.Proof_Sierksma_ModelFacet_prefix_333 (13s)
✔ [10498/12392] Built SierksmaLean.Proofs.Proof_Sierksma_ModelFacet_prefix_322 (13s)
✔ [10499/12392] Built SierksmaLean.Proofs.Proof_Sierksma_ModelFacet_prefix_324 (13s)
✔ [10500/12392] Built SierksmaLean.Proofs.Proof_Sierksma_ModelFacet_prefix_325 (13s)
✔ [10501/12392] Built SierksmaLean.Proofs.Proof_Sierksma_ModelFacet_prefix_320 (13s)
✔ [10502/12392] Built SierksmaLean.Proofs.Proof_Sierksma_ModelFacet_prefix_310 (13s)
✔ [10503/12392] Built SierksmaLean.Proofs.Proof_Sierksma_ModelFacet_prefix_311 (13s)
✔ [10504/12392] Built SierksmaLean.Proofs.Proof_Sierksma_ModelFacet_prefix_314 (13s)
✔ [10505/12392] Built SierksmaLean.Proofs.Proof_Sierksma_ModelFacet_prefix_315 (13s)
✔ [10506/12392] Built SierksmaLean.Proofs.Proof_Sierksma_ModelFacet_prefix_304 (13s)
✔ [10507/12392] Built SierksmaLean.Proofs.Proof_Sierksma_ModelFacet_prefix_313 (13s)
✔ [10508/12392] Built SierksmaLean.Proofs.Proof_Sierksma_ModelFacet_prefix_301 (13s)
✔ [10509/12392] Built SierksmaLean.Proofs.Proof_Sierksma_ModelFacet_prefix_302 (13s)
✔ [10510/12392] Built SierksmaLean.Proofs.Proof_Sierksma_ModelFacet_prefix_305 (13s)
✔ [10511/12392] Built SierksmaLean.Proofs.Proof_Sierksma_ModelFacet_prefix_312 (13s)
✔ [10512/12392] Built SierksmaLean.Proofs.Proof_Sierksma_ModelFacet_prefix_254 (13s)
✔ [10513/12392] Built SierksmaLean.Proofs.Proof_Sierksma_ModelFacet_prefix_255 (13s)
✔ [10514/12392] Built SierksmaLean.Proofs.Proof_Sierksma_ModelFacet_prefix_300 (13s)
✔ [10515/12392] Built SierksmaLean.Proofs.Proof_Sierksma_ModelFacet_prefix_303 (13s)
✔ [10516/12392] Built SierksmaLean.Proofs.Proof_Sierksma_ModelFacet_prefix_245 (14s)
✔ [10517/12392] Built SierksmaLean.Proofs.Proof_Sierksma_ModelFacet_prefix_250 (14s)
✔ [10518/12392] Built SierksmaLean.Proofs.Proof_Sierksma_ModelFacet_prefix_251 (14s)
✔ [10519/12392] Built SierksmaLean.Proofs.Proof_Sierksma_ModelFacet_prefix_252 (14s)
✔ [10520/12392] Built SierksmaLean.Proofs.Proof_Sierksma_ModelFacet_prefix_253 (14s)
✔ [10521/12392] Built SierksmaLean.Proofs.Proof_Sierksma_ModelFacet_prefix_241 (13s)
✔ [10522/12392] Built SierksmaLean.Proofs.Proof_Sierksma_ModelFacet_prefix_244 (14s)
✔ [10523/12392] Built SierksmaLean.Proofs.Proof_Sierksma_ModelFacet_prefix_231 (13s)
✔ [10524/12392] Built SierksmaLean.Proofs.Proof_Sierksma_ModelFacet_prefix_233 (13s)
✔ [10525/12392] Built SierksmaLean.Proofs.Proof_Sierksma_ModelFacet_prefix_235 (13s)
✔ [10526/12392] Built SierksmaLean.Proofs.Proof_Sierksma_ModelFacet_prefix_240 (13s)
✔ [10527/12392] Built SierksmaLean.Proofs.Proof_Sierksma_ModelFacet_prefix_242 (13s)
✔ [10528/12392] Built SierksmaLean.Proofs.Proof_Sierksma_ModelFacet_prefix_243 (13s)
✔ [10529/12392] Built SierksmaLean.Proofs.Proof_Sierksma_ModelFacet_prefix_230 (14s)
✔ [10530/12392] Built SierksmaLean.Proofs.Proof_Sierksma_ModelFacet_prefix_234 (14s)
✔ [10531/12392] Built SierksmaLean.Proofs.Proof_Sierksma_ModelFacet_prefix_232 (14s)
✔ [10532/12392] Built SierksmaLean.Proofs.Proof_Sierksma_ModelFacet_prefix_225 (14s)
✔ [10533/12392] Built SierksmaLean.Proofs.Proof_Sierksma_ModelFacet_prefix_224 (14s)
✔ [10534/12392] Built SierksmaLean.Proofs.Proof_Sierksma_ModelFacet_prefix_222 (12s)
✔ [10535/12392] Built SierksmaLean.Proofs.Proof_Sierksma_ModelFacet_prefix_223 (12s)
✔ [10536/12392] Built SierksmaLean.Proofs.Proof_Sierksma_ModelFacet_prefix_215 (12s)
✔ [10537/12392] Built SierksmaLean.Proofs.Proof_Sierksma_ModelFacet_prefix_220 (12s)
✔ [10538/12392] Built SierksmaLean.Proofs.Proof_Sierksma_ModelFacet_prefix_221 (13s)
✔ [10539/12392] Built SierksmaLean.Proofs.Proof_Sierksma_ModelFacet_prefix_214 (12s)
✔ [10540/12392] Built SierksmaLean.Proofs.Proof_Sierksma_ModelFacet_prefix_213 (12s)
✔ [10541/12392] Built SierksmaLean.Proofs.Proof_Sierksma_ModelFacet_prefix_212 (13s)
✔ [10542/12392] Built SierksmaLean.Proofs.Proof_Sierksma_ModelFacet_prefix_205 (13s)
✔ [10543/12392] Built SierksmaLean.Proofs.Proof_Sierksma_ModelFacet_prefix_210 (13s)
✔ [10544/12392] Built SierksmaLean.Proofs.Proof_Sierksma_ModelFacet_prefix_211 (13s)
✔ [10545/12392] Built SierksmaLean.Proofs.Proof_Sierksma_ModelFacet_prefix_202 (12s)
✔ [10546/12392] Built SierksmaLean.Proofs.Proof_Sierksma_ModelFacet_prefix_204 (13s)
✔ [10547/12392] Built SierksmaLean.Proofs.Proof_Sierksma_ModelFacet_prefix_200 (13s)
✔ [10548/12392] Built SierksmaLean.Proofs.Proof_Sierksma_ModelFacet_prefix_201 (13s)
✔ [10549/12392] Built SierksmaLean.Proofs.Proof_Sierksma_ModelFacet_prefix_203 (13s)
✔ [10550/12392] Built SierksmaLean.Proofs.Proof_Sierksma_ModelFacet_prefix_151 (12s)
✔ [10551/12392] Built SierksmaLean.Proofs.Proof_Sierksma_ModelFacet_prefix_153 (13s)
✔ [10552/12392] Built SierksmaLean.Proofs.Proof_Sierksma_ModelFacet_prefix_154 (13s)
✔ [10553/12392] Built SierksmaLean.Proofs.Proof_Sierksma_ModelFacet_prefix_155 (13s)
✔ [10554/12392] Built SierksmaLean.Proofs.Proof_Sierksma_ModelFacet_prefix_150 (13s)
✔ [10555/12392] Built SierksmaLean.Proofs.Proof_Sierksma_ModelFacet_prefix_152 (13s)
✔ [10556/12392] Built SierksmaLean.Proofs.Proof_Sierksma_ModelFacet_prefix_142 (13s)
✔ [10557/12392] Built SierksmaLean.Proofs.Proof_Sierksma_ModelFacet_prefix_144 (13s)
✔ [10558/12392] Built SierksmaLean.Proofs.Proof_Sierksma_ModelFacet_prefix_145 (13s)
✔ [10559/12392] Built SierksmaLean.Proofs.Proof_Sierksma_ModelFacet_prefix_140 (13s)
✔ [10560/12392] Built SierksmaLean.Proofs.Proof_Sierksma_ModelFacet_prefix_141 (13s)
✔ [10561/12392] Built SierksmaLean.Proofs.Proof_Sierksma_ModelFacet_prefix_143 (13s)
✔ [10562/12392] Built SierksmaLean.Proofs.Proof_Sierksma_ModelFacet_prefix_135 (13s)
✔ [10563/12392] Built SierksmaLean.Proofs.Proof_Sierksma_ModelFacet_prefix_124 (13s)
✔ [10564/12392] Built SierksmaLean.Proofs.Proof_Sierksma_ModelFacet_prefix_125 (13s)
✔ [10565/12392] Built SierksmaLean.Proofs.Proof_Sierksma_ModelFacet_prefix_130 (13s)
✔ [10566/12392] Built SierksmaLean.Proofs.Proof_Sierksma_ModelFacet_prefix_131 (13s)
✔ [10567/12392] Built SierksmaLean.Proofs.Proof_Sierksma_ModelFacet_prefix_132 (13s)
✔ [10568/12392] Built SierksmaLean.Proofs.Proof_Sierksma_ModelFacet_prefix_133 (13s)
✔ [10569/12392] Built SierksmaLean.Proofs.Proof_Sierksma_ModelFacet_prefix_134 (13s)
✔ [10570/12392] Built SierksmaLean.Proofs.Proof_Sierksma_ModelFacet_prefix_112 (13s)
✔ [10571/12392] Built SierksmaLean.Proofs.Proof_Sierksma_ModelFacet_prefix_113 (13s)
✔ [10572/12392] Built SierksmaLean.Proofs.Proof_Sierksma_ModelFacet_prefix_114 (13s)
✔ [10573/12392] Built SierksmaLean.Proofs.Proof_Sierksma_ModelFacet_prefix_115 (13s)
✔ [10574/12392] Built SierksmaLean.Proofs.Proof_Sierksma_ModelFacet_prefix_120 (13s)
✔ [10575/12392] Built SierksmaLean.Proofs.Proof_Sierksma_ModelFacet_prefix_121 (13s)
✔ [10576/12392] Built SierksmaLean.Proofs.Proof_Sierksma_ModelFacet_prefix_122 (13s)
✔ [10577/12392] Built SierksmaLean.Proofs.Proof_Sierksma_ModelFacet_prefix_123 (13s)
✔ [10578/12392] Built SierksmaLean.Proofs.Proof_Sierksma_ModelFacet_prefix_100 (13s)
✔ [10579/12392] Built SierksmaLean.Proofs.Proof_Sierksma_ModelFacet_prefix_101 (13s)
✔ [10580/12392] Built SierksmaLean.Proofs.Proof_Sierksma_ModelFacet_prefix_102 (13s)
✔ [10581/12392] Built SierksmaLean.Proofs.Proof_Sierksma_ModelFacet_prefix_103 (13s)
✔ [10582/12392] Built SierksmaLean.Proofs.Proof_Sierksma_ModelFacet_prefix_104 (13s)
✔ [10583/12392] Built SierksmaLean.Proofs.Proof_Sierksma_ModelFacet_prefix_105 (13s)
✔ [10584/12392] Built SierksmaLean.Proofs.Proof_Sierksma_ModelFacet_prefix_110 (14s)
✔ [10585/12392] Built SierksmaLean.Proofs.Proof_Sierksma_ModelFacet_prefix_111 (14s)
✔ [10586/12392] Built SierksmaLean.Proofs.Proof_Sierksma_ModelFacet_prefix_043 (13s)
✔ [10587/12392] Built SierksmaLean.Proofs.Proof_Sierksma_ModelFacet_prefix_044 (13s)
✔ [10588/12392] Built SierksmaLean.Proofs.Proof_Sierksma_ModelFacet_prefix_045 (13s)
✔ [10589/12392] Built SierksmaLean.Proofs.Proof_Sierksma_ModelFacet_prefix_050 (13s)
✔ [10590/12392] Built SierksmaLean.Proofs.Proof_Sierksma_ModelFacet_prefix_051 (13s)
✔ [10591/12392] Built SierksmaLean.Proofs.Proof_Sierksma_ModelFacet_prefix_052 (13s)
✔ [10592/12392] Built SierksmaLean.Proofs.Proof_Sierksma_ModelFacet_prefix_053 (13s)
✔ [10593/12392] Built SierksmaLean.Proofs.Proof_Sierksma_ModelFacet_prefix_054 (13s)
✔ [10594/12392] Built SierksmaLean.Proofs.Proof_Sierksma_ModelFacet_prefix_055 (13s)
✔ [10595/12392] Built SierksmaLean.Theorems.Thm_Sierksma_WitnessG4_edge_27 (4.4s)
✔ [10596/12392] Built SierksmaLean.Theorems.Thm_Sierksma_WitnessG4_edge_28 (4.5s)
✔ [10597/12392] Built SierksmaLean.Theorems.Thm_Sierksma_WitnessG4_edge_34 (4.7s)
✔ [10598/12392] Built SierksmaLean.Theorems.Thm_Sierksma_WitnessG4_edge_37 (4.4s)
✔ [10599/12392] Built SierksmaLean.Proofs.Proof_Sierksma_ModelFacet_prefix_041 (13s)
✔ [10600/12392] Built SierksmaLean.Proofs.Proof_Sierksma_ModelFacet_prefix_042 (14s)
✔ [10601/12392] Built SierksmaLean.Theorems.Thm_Sierksma_WitnessG4_edge_35 (3.7s)
✔ [10602/12392] Built SierksmaLean.Proofs.Proof_Sierksma_ModelFacet_prefix_040 (13s)
✔ [10603/12392] Built SierksmaLean.Theorems.Thm_Sierksma_WitnessG4_edge_36 (3.8s)
✔ [10604/12392] Built SierksmaLean.Theorems.Thm_Sierksma_WitnessG4_edge_38 (4.4s)
✔ [10605/12392] Built SierksmaLean.Theorems.Thm_Sierksma_WitnessG4_edge_45 (4.5s)
✔ [10606/12392] Built SierksmaLean.Theorems.Thm_Sierksma_WitnessG4_edge_46 (4.4s)
✔ [10607/12392] Built SierksmaLean.Theorems.Thm_Sierksma_WitnessG4_edge_56 (4.4s)
✔ [10608/12392] Built SierksmaLean.Theorems.Thm_Sierksma_WitnessG4_edge_68 (3.5s)
✔ [10609/12392] Built SierksmaLean.Theorems.Thm_Sierksma_FB_k_normtab2_1 (4.9s)
✔ [10610/12392] Built SierksmaLean.Theorems.Thm_Sierksma_FB_k_rootlink (4.4s)
✔ [10611/12392] Built SierksmaLean.Theorems.Thm_Sierksma_WitnessG4_edge_48 (3.9s)
✔ [10612/12392] Built SierksmaLean.Theorems.Thm_Sierksma_WitnessG4_edge_67 (3.6s)
✔ [10613/12392] Built SierksmaLean.Proofs.Proof_Sierksma_generic_witness_g1 (4.3s)
✔ [10614/12392] Built SierksmaLean.Theorems.Thm_Sierksma_WitnessG4_edge_47 (4.4s)
✔ [10615/12392] Built SierksmaLean.Theorems.Thm_Sierksma_WitnessG4_edge_57 (4.4s)
✔ [10616/12392] Built SierksmaLean.Theorems.Thm_Sierksma_WitnessG4_edge_58 (4.3s)
✔ [10617/12392] Built SierksmaLean.Theorems.Thm_Sierksma_WitnessG4_edge_78 (4.3s)
✔ [10618/12392] Built SierksmaLean.Theorems.Thm_Sierksma_FB_k_tab_intt (3.9s)
✔ [10619/12392] Built SierksmaLean.Theorems.Thm_Sierksma_FB_k_normtab2_2 (3.9s)
✔ [10620/12392] Built SierksmaLean.Proofs.Proof_Sierksma_FB_tab_col (4.6s)
✔ [10621/12392] Built SierksmaLean.Proofs.Proof_Sierksma_FB_edge_count (4.4s)
✔ [10622/12392] Built SierksmaLean.Theorems.Thm_Sierksma_FB_k_normtab2_3 (4.4s)
✔ [10623/12392] Built SierksmaLean.Proofs.Proof_Sierksma_ModelFacet_prefix_034 (12s)
✔ [10624/12392] Built SierksmaLean.Proofs.Proof_Sierksma_ModelFacet_prefix_035 (12s)
✔ [10625/12392] Built SierksmaLean.Proofs.Proof_Sierksma_ModelFacet_prefix_032 (12s)
✔ [10626/12392] Built SierksmaLean.Proofs.Proof_Sierksma_ModelFacet_prefix_033 (12s)
✔ [10627/12392] Built SierksmaLean.Proofs.Proof_Sierksma_ModelFacet_prefix_031 (12s)
✔ [10628/12392] Built SierksmaLean.Proofs.Proof_Sierksma_ModelFacet_prefix_030 (13s)
✔ [10629/12392] Built SierksmaLean.Proofs.Proof_Sierksma_ModelFacet_prefix_024 (12s)
✔ [10630/12392] Built SierksmaLean.Proofs.Proof_Sierksma_ModelFacet_prefix_025 (13s)
✔ [10631/12392] Built SierksmaLean.Proofs.Proof_Sierksma_ModelFacet_prefix_021 (13s)
✔ [10632/12392] Built SierksmaLean.Proofs.Proof_Sierksma_ModelFacet_prefix_022 (13s)
✔ [10633/12392] Built SierksmaLean.Proofs.Proof_Sierksma_ModelFacet_prefix_023 (13s)
✔ [10634/12392] Built SierksmaLean.Proofs.Proof_Sierksma_ModelFacet_prefix_020 (13s)
✔ [10635/12392] Built SierksmaLean.Proofs.Proof_Sierksma_ModelFacet_prefix_013 (12s)
✔ [10636/12392] Built SierksmaLean.Proofs.Proof_Sierksma_ModelFacet_prefix_015 (13s)
✔ [10637/12392] Built SierksmaLean.Proofs.Proof_Sierksma_ModelFacet_prefix_012 (13s)
✔ [10638/12392] Built SierksmaLean.Proofs.Proof_Sierksma_ModelFacet_prefix_014 (13s)
✔ [10639/12392] Built SierksmaLean.Proofs.Proof_Sierksma_ModelFacet_prefix_010 (13s)
✔ [10640/12392] Built SierksmaLean.Proofs.Proof_Sierksma_ModelFacet_prefix_011 (13s)
✔ [10641/12392] Built SierksmaLean.Proofs.Proof_Sierksma_ModelFacet_prefix_003 (12s)
✔ [10642/12392] Built SierksmaLean.Proofs.Proof_Sierksma_ModelFacet_prefix_004 (13s)
✔ [10643/12392] Built SierksmaLean.Proofs.Proof_Sierksma_ModelFacet_prefix_005 (13s)
✔ [10644/12392] Built SierksmaLean.Proofs.Proof_Sierksma_ModelFacet_prefix_002 (13s)
✔ [10645/12392] Built SierksmaLean.Proofs.Proof_Sierksma_ModelFacet_prefix_000 (13s)
✔ [10646/12392] Built SierksmaLean.Proofs.Proof_Sierksma_ModelFacet_prefix_001 (13s)
✔ [10647/12392] Built SierksmaLean.Proofs.Proof_Sierksma_FB_cAS_26 (12s)
✔ [10648/12392] Built SierksmaLean.Proofs.Proof_Sierksma_FB_cAS_23 (14s)
✔ [10649/12392] Built SierksmaLean.Proofs.Proof_Sierksma_FB_cAS_24 (16s)
✔ [10650/12392] Built SierksmaLean.Proofs.Proof_Sierksma_FB_cAS_19 (18s)
✔ [10651/12392] Built SierksmaLean.Proofs.Proof_Sierksma_FB_cAS_27 (18s)
✔ [10652/12392] Built SierksmaLean.Proofs.Proof_Sierksma_FB_cAS_63 (12s)
✔ [10653/12392] Built SierksmaLean.Proofs.Proof_Sierksma_FB_cAS_3 (22s)
✔ [10654/12392] Built SierksmaLean.Proofs.Proof_Sierksma_FB_cAS_5 (22s)
✔ [10655/12392] Built SierksmaLean.Proofs.Proof_Sierksma_FB_cAS_12 (22s)
✔ [10656/12392] Built SierksmaLean.Proofs.Proof_Sierksma_FB_cAS_7 (23s)
✔ [10657/12392] Built SierksmaLean.Proofs.Proof_Sierksma_FB_cAS_13 (23s)
✔ [10658/12392] Built SierksmaLean.Proofs.Proof_Sierksma_FB_cAS_10 (23s)
✔ [10659/12392] Built SierksmaLean.Proofs.Proof_Sierksma_FB_cAS_8 (23s)
✔ [10660/12392] Built SierksmaLean.Proofs.Proof_Sierksma_FB_cAS_15 (23s)
✔ [10661/12392] Built SierksmaLean.Proofs.Proof_Sierksma_FB_cAS_25 (22s)
✔ [10662/12392] Built SierksmaLean.Proofs.Proof_Sierksma_FB_cAS_20 (23s)
✔ [10663/12392] Built SierksmaLean.Proofs.Proof_Sierksma_FB_cAS_36 (22s)
✔ [10664/12392] Built SierksmaLean.Proofs.Proof_Sierksma_FB_cAS_18 (23s)
✔ [10665/12392] Built SierksmaLean.Proofs.Proof_Sierksma_FB_cAS_16 (24s)
✔ [10666/12392] Built SierksmaLean.Proofs.Proof_Sierksma_FB_cAS_6 (25s)
✔ [10667/12392] Built SierksmaLean.Proofs.Proof_Sierksma_FB_cAS_32 (23s)
✔ [10668/12392] Built SierksmaLean.Proofs.Proof_Sierksma_FB_cAS_11 (24s)
✔ [10669/12392] Built SierksmaLean.Proofs.Proof_Sierksma_FB_cAS_9 (25s)
✔ [10670/12392] Built SierksmaLean.Proofs.Proof_Sierksma_FB_cAS_29 (23s)
✔ [10671/12392] Built SierksmaLean.Proofs.Proof_Sierksma_FB_cAS_68 (15s)
✔ [10672/12392] Built SierksmaLean.Proofs.Proof_Sierksma_FB_cAS_17 (24s)
✔ [10673/12392] Built SierksmaLean.Proofs.Proof_Sierksma_FB_cAS_69 (16s)
✔ [10674/12392] Built SierksmaLean.Proofs.Proof_Sierksma_FB_cAS_67 (17s)
✔ [10675/12392] Built SierksmaLean.Proofs.Proof_Sierksma_FB_cAS_39 (23s)
✔ [10676/12392] Built SierksmaLean.Proofs.Proof_Sierksma_FB_cAS_31 (24s)
✔ [10677/12392] Built SierksmaLean.Proofs.Proof_Sierksma_FB_cAS_4 (25s)
✔ [10678/12392] Built SierksmaLean.Proofs.Proof_Sierksma_FB_cAS_14 (25s)
✔ [10679/12392] Built SierksmaLean.Proofs.Proof_Sierksma_FB_cAS_66 (17s)
✔ [10680/12392] Built SierksmaLean.Proofs.Proof_Sierksma_FB_cAS_35 (23s)
✔ [10681/12392] Built SierksmaLean.Proofs.Proof_Sierksma_FB_cAS_28 (24s)
✔ [10682/12392] Built SierksmaLean.Proofs.Proof_Sierksma_FB_cAS_42 (23s)
✔ [10683/12392] Built SierksmaLean.Proofs.Proof_Sierksma_FB_cAS_2 (26s)
✔ [10684/12392] Built SierksmaLean.Proofs.Proof_Sierksma_FB_cAS_38 (24s)
✔ [10685/12392] Built SierksmaLean.Proofs.Proof_Sierksma_FB_cAS_65 (18s)
✔ [10686/12392] Built SierksmaLean.Proofs.Proof_Sierksma_FB_cAS_43 (24s)
✔ [10687/12392] Built SierksmaLean.Proofs.Proof_Sierksma_FB_cAS_40 (24s)
✔ [10688/12392] Built SierksmaLean.Proofs.Proof_Sierksma_FB_cAS_44 (24s)
✔ [10689/12392] Built SierksmaLean.Proofs.Proof_Sierksma_FB_cAS_70 (19s)
✔ [10690/12392] Built SierksmaLean.Proofs.Proof_Sierksma_FB_cAS_1 (29s)
✔ [10691/12392] Built SierksmaLean.Proofs.Proof_Sierksma_FB_cAS_48 (23s)
✔ [10692/12392] Built SierksmaLean.Proofs.Proof_Sierksma_FB_cAS_49 (23s)
✔ [10693/12392] Built SierksmaLean.Proofs.Proof_Sierksma_FB_cAS_47 (24s)
✔ [10694/12392] Built SierksmaLean.Proofs.Proof_Sierksma_FB_cAS_55 (23s)
✔ [10695/12392] Built SierksmaLean.Proofs.Proof_Sierksma_FB_cAS_59 (23s)
✔ [10696/12392] Built SierksmaLean.Proofs.Proof_Sierksma_FB_cAS_56 (23s)
✔ [10697/12392] Built SierksmaLean.Proofs.Proof_Sierksma_FB_cAS_46 (24s)
✔ [10698/12392] Built SierksmaLean.Proofs.Proof_Sierksma_FB_cAS_58 (23s)
✔ [10699/12392] Built SierksmaLean.Proofs.Proof_Sierksma_FB_cAS_64 (23s)
✔ [10700/12392] Built SierksmaLean.Proofs.Proof_Sierksma_FB_cAS_30 (31s)
✔ [10701/12392] Built SierksmaLean.Proofs.Proof_Sierksma_FB_cAS_50 (27s)
✔ [10702/12392] Built SierksmaLean.Proofs.Proof_Sierksma_FB_cAS_52 (26s)
✔ [10703/12392] Built SierksmaLean.Proofs.Proof_Sierksma_FB_cAS_93 (9.2s)
✔ [10704/12392] Built SierksmaLean.Proofs.Proof_Sierksma_FB_cAS_71 (18s)
✔ [10705/12392] Built SierksmaLean.Proofs.Proof_Sierksma_FB_cAS_33 (32s)
✔ [10706/12392] Built SierksmaLean.Proofs.Proof_Sierksma_FB_cAS_51 (27s)
✔ [10707/12392] Built SierksmaLean.Proofs.Proof_Sierksma_FB_cAS_104 (9.7s)
✔ [10708/12392] Built SierksmaLean.Proofs.Proof_Sierksma_FB_cAS_37 (33s)
✔ [10709/12392] Built SierksmaLean.Proofs.Proof_Sierksma_FB_cAS_98 (9.7s)
✔ [10710/12392] Built SierksmaLean.Proofs.Proof_Sierksma_FB_cAS_75 (18s)
✔ [10711/12392] Built SierksmaLean.Proofs.Proof_Sierksma_FB_cAS_72 (22s)
✔ [10712/12392] Built SierksmaLean.Proofs.Proof_Sierksma_FB_cAS_79 (16s)
✔ [10713/12392] Built SierksmaLean.Proofs.Proof_Sierksma_FB_cAS_74 (18s)
✔ [10714/12392] Built SierksmaLean.Proofs.Proof_Sierksma_FB_cAS_76 (17s)
✔ [10715/12392] Built SierksmaLean.Proofs.Proof_Sierksma_FB_cAS_73 (14s)
✔ [10716/12392] Built SierksmaLean.Proofs.Proof_Sierksma_FB_cAS_81 (15s)
✔ [10717/12392] Built SierksmaLean.Proofs.Proof_Sierksma_FB_cAS_57 (30s)
✔ [10718/12392] Built SierksmaLean.Proofs.Proof_Sierksma_FB_cAS_77 (17s)
✔ [10719/12392] Built SierksmaLean.Proofs.Proof_Sierksma_FB_cAS_80 (16s)
✔ [10720/12392] Built SierksmaLean.Proofs.Proof_Sierksma_FB_cAS_45 (32s)
✔ [10721/12392] Built SierksmaLean.Proofs.Proof_Sierksma_FB_cAS_96 (15s)
✔ [10722/12392] Built SierksmaLean.Proofs.Proof_Sierksma_FB_cAS_131 (6.7s)
✔ [10723/12392] Built SierksmaLean.Proofs.Proof_Sierksma_FB_cAS_101 (15s)
✔ [10724/12392] Built SierksmaLean.Proofs.Proof_Sierksma_FB_cAS_82 (17s)
✔ [10725/12392] Built SierksmaLean.Proofs.Proof_Sierksma_FB_cAS_60 (33s)
✔ [10726/12392] Built SierksmaLean.Proofs.Proof_Sierksma_FB_cAS_62 (17s)
✔ [10727/12392] Built SierksmaLean.Proofs.Proof_Sierksma_FB_cAS_41 (36s)
✔ [10728/12392] Built SierksmaLean.Proofs.Proof_Sierksma_FB_cAS_78 (22s)
✔ [10729/12392] Built SierksmaLean.Proofs.Proof_Sierksma_FB_cAS_84 (18s)
✔ [10730/12392] Built SierksmaLean.Proofs.Proof_Sierksma_FB_cAS_85 (19s)
✔ [10731/12392] Built SierksmaLean.Proofs.Proof_Sierksma_FB_cAS_83 (22s)
✔ [10732/12392] Built SierksmaLean.Proofs.Proof_Sierksma_FB_cAS_90 (20s)
✔ [10733/12392] Built SierksmaLean.Proofs.Proof_Sierksma_FB_cAS_103 (20s)
✔ [10734/12392] Built SierksmaLean.Proofs.Proof_Sierksma_FB_cAS_89 (23s)
✔ [10735/12392] Built SierksmaLean.Proofs.Proof_Sierksma_FB_cAS_86 (23s)
✔ [10736/12392] Built SierksmaLean.Proofs.Proof_Sierksma_FB_cAS_94 (22s)
✔ [10737/12392] Built SierksmaLean.Proofs.Proof_Sierksma_FB_cAS_92 (22s)
✔ [10738/12392] Built SierksmaLean.Proofs.Proof_Sierksma_FB_cAS_88 (23s)
✔ [10739/12392] Built SierksmaLean.Proofs.Proof_Sierksma_FB_cAS_111 (20s)
✔ [10740/12392] Built SierksmaLean.Proofs.Proof_Sierksma_FB_cAS_99 (22s)
✔ [10741/12392] Built SierksmaLean.Proofs.Proof_Sierksma_FB_cAS_95 (23s)
✔ [10742/12392] Built SierksmaLean.Proofs.Proof_Sierksma_FB_cAS_102 (22s)
✔ [10743/12392] Built SierksmaLean.Proofs.Proof_Sierksma_FB_cAS_100 (22s)
✔ [10744/12392] Built SierksmaLean.Proofs.Proof_Sierksma_FB_cAS_91 (23s)
✔ [10745/12392] Built SierksmaLean.Proofs.Proof_Sierksma_FB_cAS_87 (24s)
✔ [10746/12392] Built SierksmaLean.Proofs.Proof_Sierksma_FB_cAS_53 (42s)
✔ [10747/12392] Built SierksmaLean.Proofs.Proof_Sierksma_FB_cAS_137 (14s)
✔ [10748/12392] Built SierksmaLean.Proofs.Proof_Sierksma_FB_cAS_134 (14s)
✔ [10749/12392] Built SierksmaLean.Proofs.Proof_Sierksma_FB_cAS_106 (23s)
✔ [10750/12392] Built SierksmaLean.Proofs.Proof_Sierksma_FB_cAS_107 (24s)
✔ [10751/12392] Built SierksmaLean.Proofs.Proof_Sierksma_FB_cAS_130 (17s)
✔ [10752/12392] Built SierksmaLean.Proofs.Proof_Sierksma_FB_cAS_113 (23s)
✔ [10753/12392] Built SierksmaLean.Proofs.Proof_Sierksma_FB_cAS_117 (23s)
✔ [10754/12392] Built SierksmaLean.Proofs.Proof_Sierksma_FB_cAS_116 (23s)
✔ [10755/12392] Built SierksmaLean.Proofs.Proof_Sierksma_FB_cAS_121 (23s)
✔ [10756/12392] Built SierksmaLean.Proofs.Proof_Sierksma_FB_cAS_112 (26s)
✔ [10757/12392] Built SierksmaLean.Proofs.Proof_Sierksma_FB_cAS_135 (19s)
✔ [10758/12392] Built SierksmaLean.Proofs.Proof_Sierksma_FB_cAS_122 (24s)
✔ [10759/12392] Built SierksmaLean.Proofs.Proof_Sierksma_FB_cAS_136 (18s)
✔ [10760/12392] Built SierksmaLean.Proofs.Proof_Sierksma_FB_cAS_115 (26s)
✔ [10761/12392] Built SierksmaLean.Proofs.Proof_Sierksma_FB_cAS_128 (21s)
✔ [10762/12392] Built SierksmaLean.Proofs.Proof_Sierksma_FB_cAS_119 (23s)
✔ [10763/12392] Built SierksmaLean.Proofs.Proof_Sierksma_FB_cAS_110 (23s)
✔ [10764/12392] Built SierksmaLean.Proofs.Proof_Sierksma_FB_cAS_129 (22s)
✔ [10765/12392] Built SierksmaLean.Proofs.Proof_Sierksma_FB_cAS_141 (19s)
✔ [10766/12392] Built SierksmaLean.Proofs.Proof_Sierksma_FB_cAS_139 (20s)
✔ [10767/12392] Built SierksmaLean.Proofs.Proof_Sierksma_FB_cAS_120 (25s)
✔ [10768/12392] Built SierksmaLean.Proofs.Proof_Sierksma_FB_cAS_124 (26s)
✔ [10769/12392] Built SierksmaLean.Proofs.Proof_Sierksma_FB_cAS_127 (23s)
✔ [10770/12392] Built SierksmaLean.Proofs.Proof_Sierksma_FB_cAS_152 (17s)
✔ [10771/12392] Built SierksmaLean.Proofs.Proof_Sierksma_FB_cAS_132 (26s)
✔ [10772/12392] Built SierksmaLean.Proofs.Proof_Sierksma_FB_cAS_123 (30s)
✔ [10773/12392] Built SierksmaLean.Proofs.Proof_Sierksma_FB_cAS_138 (25s)
✔ [10774/12392] Built SierksmaLean.Proofs.Proof_Sierksma_FB_cAS_145 (23s)
✔ [10775/12392] Built SierksmaLean.Proofs.Proof_Sierksma_FB_cAS_144 (23s)
✔ [10776/12392] Built SierksmaLean.Proofs.Proof_Sierksma_FB_cAS_142 (23s)
✔ [10777/12392] Built SierksmaLean.Proofs.Proof_Sierksma_FB_cAS_155 (20s)
✔ [10778/12392] Built SierksmaLean.Proofs.Proof_Sierksma_FB_cAS_148 (23s)
✔ [10779/12392] Built SierksmaLean.Proofs.Proof_Sierksma_FB_cAS_186 (8.7s)
✔ [10780/12392] Built SierksmaLean.Proofs.Proof_Sierksma_FB_cAS_149 (23s)
✔ [10781/12392] Built SierksmaLean.Proofs.Proof_Sierksma_FB_cAS_143 (24s)
✔ [10782/12392] Built SierksmaLean.Proofs.Proof_Sierksma_FB_cAS_190 (9.0s)
✔ [10783/12392] Built SierksmaLean.Proofs.Proof_Sierksma_FB_cAS_150 (24s)
✔ [10784/12392] Built SierksmaLean.Proofs.Proof_Sierksma_FB_cAS_193 (9.3s)
✔ [10785/12392] Built SierksmaLean.Proofs.Proof_Sierksma_FB_cAS_125 (32s)
✔ [10786/12392] Built SierksmaLean.Proofs.Proof_Sierksma_FB_cAS_151 (23s)
✔ [10787/12392] Built SierksmaLean.Proofs.Proof_Sierksma_FB_cAS_114 (36s)
✔ [10788/12392] Built SierksmaLean.Proofs.Proof_Sierksma_FB_cAS_118 (34s)
✔ [10789/12392] Built SierksmaLean.Proofs.Proof_Sierksma_FB_cAS_108 (39s)
✔ [10790/12392] Built SierksmaLean.Proofs.Proof_Sierksma_FB_cAS_154 (24s)
✔ [10791/12392] Built SierksmaLean.Proofs.Proof_Sierksma_FB_cAS_159 (23s)
✔ [10792/12392] Built SierksmaLean.Proofs.Proof_Sierksma_FB_cAS_146 (29s)
✔ [10793/12392] Built SierksmaLean.Proofs.Proof_Sierksma_FB_cAS_158 (23s)
✔ [10794/12392] Built SierksmaLean.Proofs.Proof_Sierksma_FB_cAS_147 (27s)
✔ [10795/12392] Built SierksmaLean.Proofs.Proof_Sierksma_FB_cAS_162 (23s)
✔ [10796/12392] Built SierksmaLean.Proofs.Proof_Sierksma_FB_cAS_173 (21s)
✔ [10797/12392] Built SierksmaLean.Proofs.Proof_Sierksma_FB_cAS_156 (29s)
✔ [10798/12392] Built SierksmaLean.Proofs.Proof_Sierksma_FB_cAS_164 (22s)
✔ [10799/12392] Built SierksmaLean.Proofs.Proof_Sierksma_FB_cAS_199 (14s)
✔ [10800/12392] Built SierksmaLean.Proofs.Proof_Sierksma_FB_cAS_195 (15s)
✔ [10801/12392] Built SierksmaLean.Proofs.Proof_Sierksma_FB_cAS_171 (22s)
✔ [10802/12392] Built SierksmaLean.Proofs.Proof_Sierksma_FB_cAS_196 (14s)
✔ [10803/12392] Built SierksmaLean.Proofs.Proof_Sierksma_FB_cAS_167 (24s)
✔ [10804/12392] Built SierksmaLean.Proofs.Proof_Sierksma_FB_cAS_166 (23s)
✔ [10805/12392] Built SierksmaLean.Proofs.Proof_Sierksma_FB_cAS_174 (23s)
✔ [10806/12392] Built SierksmaLean.Proofs.Proof_Sierksma_FB_cAS_157 (25s)
✔ [10807/12392] Built SierksmaLean.Proofs.Proof_Sierksma_FB_cAS_153 (30s)
✔ [10808/12392] Built SierksmaLean.Proofs.Proof_Sierksma_FB_cAS_165 (24s)
✔ [10809/12392] Built SierksmaLean.Proofs.Proof_Sierksma_FB_cAS_176 (23s)
✔ [10810/12392] Built SierksmaLean.Proofs.Proof_Sierksma_FB_cAS_177 (23s)
✔ [10811/12392] Built SierksmaLean.Proofs.Proof_Sierksma_FB_cAS_160 (27s)
✔ [10812/12392] Built SierksmaLean.Proofs.Proof_Sierksma_FB_cAS_185 (21s)
✔ [10813/12392] Built SierksmaLean.Proofs.Proof_Sierksma_FB_cAS_180 (23s)
✔ [10814/12392] Built SierksmaLean.Proofs.Proof_Sierksma_FB_cAS_182 (23s)
✔ [10815/12392] Built SierksmaLean.Proofs.Proof_Sierksma_FB_cAS_163 (28s)
✔ [10816/12392] Built SierksmaLean.Proofs.Proof_Sierksma_FB_cAS_172 (26s)
✔ [10817/12392] Built SierksmaLean.Proofs.Proof_Sierksma_FB_cAS_179 (24s)
✔ [10818/12392] Built SierksmaLean.Proofs.Proof_Sierksma_FB_cAS_184 (23s)
✔ [10819/12392] Built SierksmaLean.Proofs.Proof_Sierksma_FB_cAS_189 (23s)
✔ [10820/12392] Built SierksmaLean.Proofs.Proof_Sierksma_FB_cAS_175 (25s)
✔ [10821/12392] Built SierksmaLean.Proofs.Proof_Sierksma_FB_cAS_161 (28s)
✔ [10822/12392] Built SierksmaLean.Proofs.Proof_Sierksma_FB_cAS_194 (20s)
✔ [10823/12392] Built SierksmaLean.Proofs.Proof_Sierksma_FB_cAS_178 (25s)
✔ [10824/12392] Built SierksmaLean.Proofs.Proof_Sierksma_FB_cAS_181 (25s)
✔ [10825/12392] Built SierksmaLean.Proofs.Proof_Sierksma_FB_cAS_188 (23s)
✔ [10826/12392] Built SierksmaLean.Proofs.Proof_Sierksma_FB_cAS_197 (21s)
✔ [10827/12392] Built SierksmaLean.Proofs.Proof_Sierksma_FB_cAS_192 (22s)
✔ [10828/12392] Built SierksmaLean.Proofs.Proof_Sierksma_FB_cAS_187 (23s)
✔ [10829/12392] Built SierksmaLean.Proofs.Proof_Sierksma_FB_cAS_201 (20s)
✔ [10830/12392] Built SierksmaLean.Proofs.Proof_Sierksma_FB_cAS_191 (22s)
✔ [10831/12392] Built SierksmaLean.Proofs.Proof_Sierksma_FB_cAS_198 (23s)
✔ [10832/12392] Built SierksmaLean.Proofs.Proof_Sierksma_FB_cAS_224 (13s)
✔ [10833/12392] Built SierksmaLean.Proofs.Proof_Sierksma_FB_cAS_183 (23s)
✔ [10834/12392] Built SierksmaLean.Proofs.Proof_Sierksma_FB_cAS_203 (23s)
✔ [10835/12392] Built SierksmaLean.Proofs.Proof_Sierksma_FB_cAS_237 (6.3s)
✔ [10836/12392] Built SierksmaLean.Proofs.Proof_Sierksma_FB_cAS_211 (19s)
✔ [10837/12392] Built SierksmaLean.Proofs.Proof_Sierksma_FB_cAS_235 (11s)
✔ [10838/12392] Built SierksmaLean.Proofs.Proof_Sierksma_FB_cAS_206 (23s)
✔ [10839/12392] Built SierksmaLean.Proofs.Proof_Sierksma_FB_cAS_208 (23s)
✔ [10840/12392] Built SierksmaLean.Proofs.Proof_Sierksma_FB_cAS_204 (24s)
✔ [10841/12392] Built SierksmaLean.Proofs.Proof_Sierksma_FB_cAS_205 (24s)
✔ [10842/12392] Built SierksmaLean.Proofs.Proof_Sierksma_FB_cAS_244 (13s)
✔ [10843/12392] Built SierksmaLean.Proofs.Proof_Sierksma_FB_cAS_209 (24s)
✔ [10844/12392] Built SierksmaLean.Proofs.Proof_Sierksma_FB_cAS_216 (23s)
✔ [10845/12392] Built SierksmaLean.Proofs.Proof_Sierksma_FB_cAS_213 (23s)
✔ [10846/12392] Built SierksmaLean.Proofs.Proof_Sierksma_FB_cAS_214 (23s)
✔ [10847/12392] Built SierksmaLean.Proofs.Proof_Sierksma_FB_cAS_168 (38s)
✔ [10848/12392] Built SierksmaLean.Proofs.Proof_Sierksma_FB_cAS_250 (13s)
✔ [10849/12392] Built SierksmaLean.Proofs.Proof_Sierksma_FB_cAS_218 (22s)
✔ [10850/12392] Built SierksmaLean.Proofs.Proof_Sierksma_FB_cAS_220 (23s)
✔ [10851/12392] Built SierksmaLean.Proofs.Proof_Sierksma_FB_cAS_207 (25s)
✔ [10852/12392] Built SierksmaLean.Proofs.Proof_Sierksma_FB_cAS_221 (24s)
✔ [10853/12392] Built SierksmaLean.Proofs.Proof_Sierksma_FB_cAS_219 (23s)
✔ [10854/12392] Built SierksmaLean.Proofs.Proof_Sierksma_FB_cAS_217 (25s)
✔ [10855/12392] Built SierksmaLean.Proofs.Proof_Sierksma_FB_cAS_215 (25s)
✔ [10856/12392] Built SierksmaLean.Proofs.Proof_Sierksma_FB_cAS_248 (15s)
✔ [10857/12392] Built SierksmaLean.Proofs.Proof_Sierksma_FB_cAS_210 (26s)
✔ [10858/12392] Built SierksmaLean.Proofs.Proof_Sierksma_FB_cAS_225 (21s)
✔ [10859/12392] Built SierksmaLean.Proofs.Proof_Sierksma_FB_cAS_230 (21s)
✔ [10860/12392] Built SierksmaLean.Proofs.Proof_Sierksma_FB_cAS_212 (24s)
✔ [10861/12392] Built SierksmaLean.Proofs.Proof_Sierksma_FB_cAS_227 (24s)
✔ [10862/12392] Built SierksmaLean.Proofs.Proof_Sierksma_FB_cAS_243 (18s)
✔ [10863/12392] Built SierksmaLean.Proofs.Proof_Sierksma_FB_cAS_226 (23s)
✔ [10864/12392] Built SierksmaLean.Proofs.Proof_Sierksma_FB_cAS_228 (23s)
✔ [10865/12392] Built SierksmaLean.Proofs.Proof_Sierksma_FB_cAS_229 (24s)
✔ [10866/12392] Built SierksmaLean.Proofs.Proof_Sierksma_FB_cAS_234 (23s)
✔ [10867/12392] Built SierksmaLean.Proofs.Proof_Sierksma_FB_cAS_253 (19s)
✔ [10868/12392] Built SierksmaLean.Proofs.Proof_Sierksma_FB_cAS_232 (23s)
✔ [10869/12392] Built SierksmaLean.Proofs.Proof_Sierksma_FB_cAS_252 (20s)
✔ [10870/12392] Built SierksmaLean.Proofs.Proof_Sierksma_FB_cAS_240 (23s)
✔ [10871/12392] Built SierksmaLean.Proofs.Proof_Sierksma_FB_cAS_249 (21s)
✔ [10872/12392] Built SierksmaLean.Proofs.Proof_Sierksma_FB_cAS_233 (24s)
✔ [10873/12392] Built SierksmaLean.Proofs.Proof_Sierksma_FB_cAS_245 (23s)
✔ [10874/12392] Built SierksmaLean.Proofs.Proof_Sierksma_FB_cAS_241 (24s)
✔ [10875/12392] Built SierksmaLean.Proofs.Proof_Sierksma_FB_cAS_231 (25s)
✔ [10876/12392] Built SierksmaLean.Proofs.Proof_Sierksma_FB_cAS_222 (25s)
✔ [10877/12392] Built SierksmaLean.Proofs.Proof_Sierksma_FB_cAS_246 (23s)
✔ [10878/12392] Built SierksmaLean.Proofs.Proof_Sierksma_FB_cAS_242 (24s)
✔ [10879/12392] Built SierksmaLean.Proofs.Proof_Sierksma_FB_cAS_238 (26s)
✔ [10880/12392] Built SierksmaLean.Proofs.Proof_Sierksma_FB_cAS_247 (23s)
✔ [10881/12392] Built SierksmaLean.Proofs.Proof_Sierksma_FB_cAS_269 (20s)
✔ [10882/12392] Built SierksmaLean.Proofs.Proof_Sierksma_FB_cAS_239 (25s)
✔ [10883/12392] Built SierksmaLean.Proofs.Proof_Sierksma_FB_cAS_258 (23s)
✔ [10884/12392] Built SierksmaLean.Proofs.Proof_Sierksma_FB_cAS_236 (27s)
✔ [10885/12392] Built SierksmaLean.Proofs.Proof_Sierksma_FB_cAS_263 (23s)
✔ [10886/12392] Built SierksmaLean.Proofs.Proof_Sierksma_FB_cAS_259 (24s)
✔ [10887/12392] Built SierksmaLean.Proofs.Proof_Sierksma_FB_cAS_257 (23s)
✔ [10888/12392] Built SierksmaLean.Proofs.Proof_Sierksma_FB_cAS_264 (23s)
✔ [10889/12392] Built SierksmaLean.Proofs.Proof_Sierksma_FB_cAS_262 (22s)
✔ [10890/12392] Built SierksmaLean.Proofs.Proof_Sierksma_FB_cAS_255 (25s)
✔ [10891/12392] Built SierksmaLean.Proofs.Proof_Sierksma_FB_cAS_266 (23s)
✔ [10892/12392] Built SierksmaLean.Proofs.Proof_Sierksma_FB_cAS_267 (23s)
✔ [10893/12392] Built SierksmaLean.Proofs.Proof_Sierksma_FB_cAS_261 (24s)
✔ [10894/12392] Built SierksmaLean.Proofs.Proof_Sierksma_FB_cAS_271 (21s)
✔ [10895/12392] Built SierksmaLean.Proofs.Proof_Sierksma_FB_cAS_268 (24s)
✔ [10896/12392] Built SierksmaLean.Proofs.Proof_Sierksma_FB_cAS_273 (23s)
✔ [10897/12392] Built SierksmaLean.Proofs.Proof_Sierksma_FB_cAS_272 (23s)
✔ [10898/12392] Built SierksmaLean.Proofs.Proof_Sierksma_FB_cAS_276 (23s)
✔ [10899/12392] Built SierksmaLean.Proofs.Proof_Sierksma_FB_cAS_279 (22s)
✔ [10900/12392] Built SierksmaLean.Proofs.Proof_Sierksma_FB_cAS_275 (24s)
✔ [10901/12392] Built SierksmaLean.Proofs.Proof_Sierksma_FB_cAS_256 (26s)
✔ [10902/12392] Built SierksmaLean.Proofs.Proof_Sierksma_FB_cAS_260 (24s)
✔ [10903/12392] Built SierksmaLean.Proofs.Proof_Sierksma_FB_cAS_287 (22s)
✔ [10904/12392] Built SierksmaLean.Proofs.Proof_Sierksma_FB_cAS_285 (23s)
✔ [10905/12392] Built SierksmaLean.Proofs.Proof_Sierksma_FB_cAS_283 (23s)
✔ [10906/12392] Built SierksmaLean.Proofs.Proof_Sierksma_FB_cAS_282 (23s)
✔ [10907/12392] Built SierksmaLean.Proofs.Proof_Sierksma_FB_cAS_284 (23s)
✔ [10908/12392] Built SierksmaLean.Proofs.Proof_Sierksma_FB_cAS_290 (23s)
✔ [10909/12392] Built SierksmaLean.Proofs.Proof_Sierksma_FB_cAS_286 (24s)
✔ [10910/12392] Built SierksmaLean.Proofs.Proof_Sierksma_FB_cAS_298 (21s)
✔ [10911/12392] Built SierksmaLean.Proofs.Proof_Sierksma_FB_cAS_280 (23s)
✔ [10912/12392] Built SierksmaLean.Proofs.Proof_Sierksma_FB_cAS_294 (21s)
✔ [10913/12392] Built SierksmaLean.Proofs.Proof_Sierksma_FB_cAS_281 (24s)
✔ [10914/12392] Built SierksmaLean.Proofs.Proof_Sierksma_FB_cAS_291 (22s)
✔ [10915/12392] Built SierksmaLean.Proofs.Proof_Sierksma_FB_cAS_274 (23s)
✔ [10916/12392] Built SierksmaLean.Proofs.Proof_Sierksma_FB_cAS_295 (23s)
✔ [10917/12392] Built SierksmaLean.Proofs.Proof_Sierksma_FB_cAS_265 (25s)
✔ [10918/12392] Built SierksmaLean.Proofs.Proof_Sierksma_FB_cAS_292 (23s)
✔ [10919/12392] Built SierksmaLean.Proofs.Proof_Sierksma_FB_cAS_288 (24s)
✔ [10920/12392] Built SierksmaLean.Proofs.Proof_Sierksma_FB_cAS_299 (23s)
✔ [10921/12392] Built SierksmaLean.Proofs.Proof_Sierksma_FB_cAS_302 (17s)
✔ [10922/12392] Built SierksmaLean.Proofs.Proof_Sierksma_FB_cAS_297 (24s)
✔ [10923/12392] Built SierksmaLean.Proofs.Proof_Sierksma_FB_cAS_293 (24s)
✔ [10924/12392] Built SierksmaLean.Proofs.Proof_Sierksma_FB_cAS_303 (21s)
✔ [10925/12392] Built SierksmaLean.Proofs.Proof_Sierksma_FB_cAS_289 (24s)
✔ [10926/12392] Built SierksmaLean.Proofs.Proof_Sierksma_FB_cAS_277 (23s)
✔ [10927/12392] Built SierksmaLean.Proofs.Proof_Sierksma_FB_cAS_278 (23s)
✔ [10928/12392] Built SierksmaLean.Proofs.Proof_Sierksma_FB_cAS_296 (25s)
✔ [10929/12392] Built SierksmaLean.Proofs.Proof_Sierksma_FB_cAS_270 (22s)
✔ [10930/12392] Built SierksmaLean.Proofs.Proof_Sierksma_FB_cAS_333 (14s)
✔ [10931/12392] Built SierksmaLean.Proofs.Proof_Sierksma_FB_cAS_304 (26s)
✔ [10932/12392] Built SierksmaLean.Proofs.Proof_Sierksma_FB_cAS_326 (19s)
✔ [10933/12392] Built SierksmaLean.Proofs.Proof_Sierksma_FB_cAS_335 (16s)
✔ [10934/12392] Built SierksmaLean.Proofs.Proof_Sierksma_FB_cAS_334 (17s)
✔ [10935/12392] Built SierksmaLean.Proofs.Proof_Sierksma_FB_cAS_311 (24s)
✔ [10936/12392] Built SierksmaLean.Proofs.Proof_Sierksma_FB_cAS_321 (20s)
✔ [10937/12392] Built SierksmaLean.Proofs.Proof_Sierksma_FB_cAS_312 (23s)
✔ [10938/12392] Built SierksmaLean.Proofs.Proof_Sierksma_FB_cAS_313 (23s)
✔ [10939/12392] Built SierksmaLean.Proofs.Proof_Sierksma_FB_cAS_305 (25s)
✔ [10940/12392] Built SierksmaLean.Proofs.Proof_Sierksma_FB_cAS_343 (13s)
✔ [10941/12392] Built SierksmaLean.Proofs.Proof_Sierksma_FB_cAS_341 (13s)
✔ [10942/12392] Built SierksmaLean.Proofs.Proof_Sierksma_FB_cAS_332 (18s)
✔ [10943/12392] Built SierksmaLean.Proofs.Proof_Sierksma_FB_cAS_310 (24s)
✔ [10944/12392] Built SierksmaLean.Proofs.Proof_Sierksma_FB_cAS_314 (24s)
✔ [10945/12392] Built SierksmaLean.Proofs.Proof_Sierksma_FB_cAS_307 (23s)
✔ [10946/12392] Built SierksmaLean.Proofs.Proof_Sierksma_FB_cAS_317 (23s)
✔ [10947/12392] Built SierksmaLean.Proofs.Proof_Sierksma_FB_cAS_300 (24s)
✔ [10948/12392] Built SierksmaLean.Proofs.Proof_Sierksma_FB_cAS_318 (24s)
✔ [10949/12392] Built SierksmaLean.Proofs.Proof_Sierksma_FB_cAS_308 (24s)
✔ [10950/12392] Built SierksmaLean.Proofs.Proof_Sierksma_FB_cAS_320 (23s)
✔ [10951/12392] Built SierksmaLean.Proofs.Proof_Sierksma_FB_cAS_346 (15s)
✔ [10952/12392] Built SierksmaLean.Proofs.Proof_Sierksma_FB_cAS_339 (12s)
✔ [10953/12392] Built SierksmaLean.Proofs.Proof_Sierksma_FB_cAS_325 (23s)
✔ [10954/12392] Built SierksmaLean.Proofs.Proof_Sierksma_FB_cAS_342 (20s)
✔ [10955/12392] Built SierksmaLean.Proofs.Proof_Sierksma_FB_cAS_315 (26s)
✔ [10956/12392] Built SierksmaLean.Proofs.Proof_Sierksma_FB_cAS_306 (23s)
✔ [10957/12392] Built SierksmaLean.Proofs.Proof_Sierksma_FB_cAS_354 (13s)
✔ [10958/12392] Built SierksmaLean.Proofs.Proof_Sierksma_FB_cAS_329 (25s)
✔ [10959/12392] Built SierksmaLean.Proofs.Proof_Sierksma_FB_cAS_330 (25s)
✔ [10960/12392] Built SierksmaLean.Proofs.Proof_Sierksma_FB_cAS_323 (23s)
✔ [10961/12392] Built SierksmaLean.Proofs.Proof_Sierksma_FB_cAS_319 (25s)
✔ [10962/12392] Built SierksmaLean.Proofs.Proof_Sierksma_FB_cAS_327 (24s)
✔ [10963/12392] Built SierksmaLean.Proofs.Proof_Sierksma_FB_cAS_352 (15s)
✔ [10964/12392] Built SierksmaLean.Proofs.Proof_Sierksma_FB_cAS_344 (18s)
✔ [10965/12392] Built SierksmaLean.Proofs.Proof_Sierksma_FB_cAS_349 (19s)
✔ [10966/12392] Built SierksmaLean.Proofs.Proof_Sierksma_FB_cAS_351 (15s)
✔ [10967/12392] Built SierksmaLean.Proofs.Proof_Sierksma_FB_cAS_309 (26s)
✔ [10968/12392] Built SierksmaLean.Proofs.Proof_Sierksma_FB_cAS_324 (23s)
✔ [10969/12392] Built SierksmaLean.Proofs.Proof_Sierksma_FB_cAS_338 (23s)
✔ [10970/12392] Built SierksmaLean.Proofs.Proof_Sierksma_FB_cAS_348 (18s)
✔ [10971/12392] Built SierksmaLean.Proofs.Proof_Sierksma_FB_cAS_357 (18s)
✔ [10972/12392] Built SierksmaLean.Proofs.Proof_Sierksma_FB_cAS_350 (18s)
✔ [10973/12392] Built SierksmaLean.Proofs.Proof_Sierksma_FB_cAS_322 (24s)
✔ [10974/12392] Built SierksmaLean.Proofs.Proof_Sierksma_FB_cAS_336 (11s)
✔ [10975/12392] Built SierksmaLean.Proofs.Proof_Sierksma_FB_cAS_360 (20s)
✔ [10976/12392] Built SierksmaLean.Proofs.Proof_Sierksma_FB_cAS_347 (22s)
✔ [10977/12392] Built SierksmaLean.Proofs.Proof_Sierksma_FB_cAS_337 (18s)
✔ [10978/12392] Built SierksmaLean.Proofs.Proof_Sierksma_FB_cAS_340 (18s)
✔ [10979/12392] Built SierksmaLean.Proofs.Proof_Sierksma_FB_cAS_380 (13s)
✔ [10980/12392] Built SierksmaLean.Proofs.Proof_Sierksma_FB_cAS_356 (23s)
✔ [10981/12392] Built SierksmaLean.Proofs.Proof_Sierksma_FB_cAS_375 (17s)
✔ [10982/12392] Built SierksmaLean.Proofs.Proof_Sierksma_FB_cAS_359 (22s)
✔ [10983/12392] Built SierksmaLean.Proofs.Proof_Sierksma_FB_cAS_353 (23s)
✔ [10984/12392] Built SierksmaLean.Proofs.Proof_Sierksma_FB_cAS_355 (23s)
✔ [10985/12392] Built SierksmaLean.Proofs.Proof_Sierksma_FB_cAS_364 (22s)
✔ [10986/12392] Built SierksmaLean.Proofs.Proof_Sierksma_FB_cAS_97 (12s)
✔ [10987/12392] Built SierksmaLean.Proofs.Proof_Sierksma_FB_cAS_369 (20s)
✔ [10988/12392] Built SierksmaLean.Proofs.Proof_Sierksma_FB_cAS_363 (23s)
✔ [10989/12392] Built SierksmaLean.Proofs.Proof_Sierksma_FB_cAS_362 (20s)
✔ [10990/12392] Built SierksmaLean.Proofs.Proof_Sierksma_FB_cAS_373 (23s)
✔ [10991/12392] Built SierksmaLean.Proofs.Proof_Sierksma_FB_cAS_372 (23s)
✔ [10992/12392] Built SierksmaLean.Proofs.Proof_Sierksma_FB_cAS_370 (22s)
✔ [10993/12392] Built SierksmaLean.Proofs.Proof_Sierksma_FB_cAS_374 (24s)
✔ [10994/12392] Built SierksmaLean.Proofs.Proof_Sierksma_FB_cBS_7 (13s)
✔ [10995/12392] Built SierksmaLean.Proofs.Proof_Sierksma_FB_cAS_365 (25s)
✔ [10996/12392] Built SierksmaLean.Proofs.Proof_Sierksma_FB_cAS_361 (20s)
✔ [10997/12392] Built SierksmaLean.Proofs.Proof_Sierksma_FB_cAS_368 (22s)
✔ [10998/12392] Built SierksmaLean.Proofs.Proof_Sierksma_FB_cAS_376 (21s)
✔ [10999/12392] Built SierksmaLean.Proofs.Proof_Sierksma_FB_cAS_358 (27s)
✔ [11000/12392] Built SierksmaLean.Proofs.Proof_Sierksma_FB_cAS_378 (20s)
✔ [11001/12392] Built SierksmaLean.Proofs.Proof_Sierksma_FB_cAS_200 (19s)
✔ [11002/12392] Built SierksmaLean.Proofs.Proof_Sierksma_FB_cAS_371 (26s)
✔ [11003/12392] Built SierksmaLean.Proofs.Proof_Sierksma_FB_cAS_366 (23s)
✔ [11004/12392] Built SierksmaLean.Proofs.Proof_Sierksma_FB_cAS_254 (22s)
✔ [11005/12392] Built SierksmaLean.Proofs.Proof_Sierksma_FB_cAS_379 (24s)
✔ [11006/12392] Built SierksmaLean.Proofs.Proof_Sierksma_FB_cAS_367 (23s)
✔ [11007/12392] Built SierksmaLean.Theorems.Thm_Sierksma_FB_k_normtab2_4 (3.8s)
✔ [11008/12392] Built SierksmaLean.Theorems.Thm_Sierksma_FB_k_normtab1 (3.7s)
✔ [11009/12392] Built SierksmaLean.Theorems.Thm_Sierksma_FB_k_normtab2_5 (3.7s)
✔ [11010/12392] Built SierksmaLean.Proofs.Proof_Sierksma_FB_cAS_251 (25s)
✔ [11011/12392] Built SierksmaLean.Proofs.Proof_Sierksma_FB_cAS_377 (27s)
✔ [11012/12392] Built SierksmaLean.Proofs.Proof_Sierksma_FB_cAS_202 (25s)
✔ [11013/12392] Built SierksmaLean.Proofs.Proof_Sierksma_FB_cAS_328 (23s)
✔ [11014/12392] Built SierksmaLean.Proofs.Proof_Sierksma_FB_cBS_6 (21s)
✔ [11015/12392] Built SierksmaLean.Proofs.Proof_Sierksma_FB_cBS_17 (21s)
✔ [11016/12392] Built SierksmaLean.Proofs.Proof_Sierksma_FB_cBS_16 (20s)
✔ [11017/12392] Built SierksmaLean.Theorems.Thm_Sierksma_FB_k_labtab (3.9s)
✔ [11018/12392] Built SierksmaLean.Proofs.Proof_Sierksma_FB_cAS_105 (24s)
✔ [11019/12392] Built SierksmaLean.Proofs.Proof_Sierksma_FB_cBS_4 (21s)
✔ [11020/12392] Built SierksmaLean.Proofs.Proof_Sierksma_FB_enormtab (3.8s)
✔ [11021/12392] Built SierksmaLean.Proofs.Proof_Sierksma_FB_cAS_126 (26s)
✔ [11022/12392] Built SierksmaLean.Proofs.Proof_Sierksma_FB_cBS_13 (21s)
✔ [11023/12392] Built SierksmaLean.Proofs.Proof_Sierksma_FB_c4lo (3.9s)
✔ [11024/12392] Built SierksmaLean.Theorems.Thm_Sierksma_ModelFacet_prefix_551 (3.0s)
✔ [11025/12392] Built SierksmaLean.Proofs.Proof_Sierksma_FB_cAS_331 (28s)
✔ [11026/12392] Built SierksmaLean.Theorems.Thm_Sierksma_ModelFacet_prefix_552 (3.8s)
✔ [11027/12392] Built SierksmaLean.Proofs.Proof_Sierksma_FB_cAS_0 (24s)
✔ [11028/12392] Built SierksmaLean.Proofs.Proof_Sierksma_FB_cBS_19 (21s)
✔ [11029/12392] Built SierksmaLean.Proofs.Proof_Sierksma_FB_cBS_21 (22s)
✔ [11030/12392] Built SierksmaLean.Theorems.Thm_Sierksma_ModelFacet_prefix_541 (3.0s)
✔ [11031/12392] Built SierksmaLean.Proofs.Proof_Sierksma_FB_cAS_170 (29s)
✔ [11032/12392] Built SierksmaLean.Theorems.Thm_Sierksma_ModelFacet_prefix_554 (3.8s)
✔ [11033/12392] Built SierksmaLean.Proofs.Proof_Sierksma_FB_cBS_36 (18s)
✔ [11034/12392] Built SierksmaLean.Proofs.Proof_Sierksma_FB_cBS_20 (21s)
✔ [11035/12392] Built SierksmaLean.Theorems.Thm_Sierksma_ModelFacet_prefix_540 (4.0s)
✔ [11036/12392] Built SierksmaLean.Theorems.Thm_Sierksma_ModelFacet_prefix_553 (4.1s)
✔ [11037/12392] Built SierksmaLean.Proofs.Proof_Sierksma_FB_cBS_18 (20s)
✔ [11038/12392] Built SierksmaLean.Theorems.Thm_Sierksma_ModelFacet_prefix_545 (3.8s)
✔ [11039/12392] Built SierksmaLean.Theorems.Thm_Sierksma_ModelFacet_prefix_532 (3.0s)
✔ [11040/12392] Built SierksmaLean.Proofs.Proof_Sierksma_FB_cBS_22 (20s)
✔ [11041/12392] Built SierksmaLean.Theorems.Thm_Sierksma_ModelFacet_prefix_543 (3.9s)
✔ [11042/12392] Built SierksmaLean.Theorems.Thm_Sierksma_ModelFacet_prefix_544 (3.9s)
✔ [11043/12392] Built SierksmaLean.Proofs.Proof_Sierksma_FB_cAS_140 (30s)
✔ [11044/12392] Built SierksmaLean.Theorems.Thm_Sierksma_ModelFacet_prefix_542 (3.0s)
✔ [11045/12392] Built SierksmaLean.Theorems.Thm_Sierksma_ModelFacet_prefix_550 (4.2s)
✔ [11046/12392] Built SierksmaLean.Theorems.Thm_Sierksma_ModelFacet_prefix_555 (3.8s)
✔ [11047/12392] Built SierksmaLean.Proofs.Proof_Sierksma_FB_cBS_23 (20s)
✔ [11048/12392] Built SierksmaLean.Theorems.Thm_Sierksma_ModelFacet_prefix_535 (3.8s)
✔ [11049/12392] Built SierksmaLean.Theorems.Thm_Sierksma_ModelFacet_prefix_533 (3.9s)
✔ [11050/12392] Built SierksmaLean.Theorems.Thm_Sierksma_ModelFacet_prefix_521 (3.0s)
✔ [11051/12392] Built SierksmaLean.Theorems.Thm_Sierksma_ModelFacet_prefix_523 (3.9s)
✔ [11052/12392] Built SierksmaLean.Proofs.Proof_Sierksma_FB_cBS_24 (20s)
✔ [11053/12392] Built SierksmaLean.Theorems.Thm_Sierksma_ModelFacet_prefix_524 (3.0s)
✔ [11054/12392] Built SierksmaLean.Proofs.Proof_Sierksma_FB_cAS_316 (33s)
✔ [11055/12392] Built SierksmaLean.Proofs.Proof_Sierksma_FB_cBS_14 (16s)
✔ [11056/12392] Built SierksmaLean.Theorems.Thm_Sierksma_ModelFacet_prefix_515 (3.8s)
✔ [11057/12392] Built SierksmaLean.Theorems.Thm_Sierksma_ModelFacet_prefix_512 (3.9s)
✔ [11058/12392] Built SierksmaLean.Theorems.Thm_Sierksma_ModelFacet_prefix_513 (4.1s)
✔ [11059/12392] Built SierksmaLean.Theorems.Thm_Sierksma_ModelFacet_prefix_530 (4.0s)
✔ [11060/12392] Built SierksmaLean.Theorems.Thm_Sierksma_ModelFacet_prefix_531 (4.3s)
✔ [11061/12392] Built SierksmaLean.Theorems.Thm_Sierksma_ModelFacet_prefix_534 (3.0s)
✔ [11062/12392] Built SierksmaLean.Proofs.Proof_Sierksma_FB_cAS_22 (29s)
✔ [11063/12392] Built SierksmaLean.Proofs.Proof_Sierksma_FB_cAS_133 (25s)
✔ [11064/12392] Built SierksmaLean.Theorems.Thm_Sierksma_ModelFacet_prefix_505 (3.8s)
✔ [11065/12392] Built SierksmaLean.Theorems.Thm_Sierksma_ModelFacet_prefix_522 (4.1s)
✔ [11066/12392] Built SierksmaLean.Theorems.Thm_Sierksma_ModelFacet_prefix_525 (4.1s)
✔ [11067/12392] Built SierksmaLean.Theorems.Thm_Sierksma_ModelFacet_prefix_510 (4.1s)
✔ [11068/12392] Built SierksmaLean.Theorems.Thm_Sierksma_ModelFacet_prefix_511 (3.0s)
✔ [11069/12392] Built SierksmaLean.Theorems.Thm_Sierksma_ModelFacet_prefix_520 (4.3s)
✔ [11070/12392] Built SierksmaLean.Proofs.Proof_Sierksma_FB_cBS_28 (20s)
✔ [11071/12392] Built SierksmaLean.Proofs.Proof_Sierksma_FB_cBS_35 (22s)
✔ [11072/12392] Built SierksmaLean.Theorems.Thm_Sierksma_ModelFacet_prefix_514 (3.0s)
✔ [11073/12392] Built SierksmaLean.Theorems.Thm_Sierksma_ModelFacet_prefix_504 (4.1s)
✔ [11074/12392] Built SierksmaLean.Proofs.Proof_Sierksma_FB_cAS_223 (30s)
✔ [11075/12392] Built SierksmaLean.Proofs.Proof_Sierksma_FB_cBS_33 (22s)
✔ [11076/12392] Built SierksmaLean.Theorems.Thm_Sierksma_ModelFacet_prefix_500 (3.8s)
✔ [11077/12392] Built SierksmaLean.Theorems.Thm_Sierksma_ModelFacet_prefix_451 (3.9s)
✔ [11078/12392] Built SierksmaLean.Theorems.Thm_Sierksma_ModelFacet_prefix_453 (4.3s)
✔ [11079/12392] Built SierksmaLean.Theorems.Thm_Sierksma_ModelFacet_prefix_454 (4.4s)
✔ [11080/12392] Built SierksmaLean.Theorems.Thm_Sierksma_ModelFacet_prefix_502 (3.7s)
✔ [11081/12392] Built SierksmaLean.Theorems.Thm_Sierksma_ModelFacet_prefix_452 (4.1s)
✔ [11082/12392] Built SierksmaLean.Theorems.Thm_Sierksma_ModelFacet_prefix_455 (4.1s)
✔ [11083/12392] Built SierksmaLean.Proofs.Proof_Sierksma_FB_cBS_29 (22s)
✔ [11084/12392] Built SierksmaLean.Proofs.Proof_Sierksma_FB_cBS_30 (22s)
✔ [11085/12392] Built SierksmaLean.Theorems.Thm_Sierksma_ModelFacet_prefix_440 (4.5s)
✔ [11086/12392] Built SierksmaLean.Theorems.Thm_Sierksma_ModelFacet_prefix_442 (4.1s)
✔ [11087/12392] Built SierksmaLean.Theorems.Thm_Sierksma_ModelFacet_prefix_443 (4.2s)
✔ [11088/12392] Built SierksmaLean.Theorems.Thm_Sierksma_ModelFacet_prefix_445 (4.1s)
✔ [11089/12392] Built SierksmaLean.Theorems.Thm_Sierksma_ModelFacet_prefix_501 (4.6s)
✔ [11090/12392] Built SierksmaLean.Proofs.Proof_Sierksma_FB_cBS_26 (22s)
✔ [11091/12392] Built SierksmaLean.Proofs.Proof_Sierksma_FB_cBS_32 (23s)
✔ [11092/12392] Built SierksmaLean.Proofs.Proof_Sierksma_FB_cBS_34 (23s)
✔ [11093/12392] Built SierksmaLean.Theorems.Thm_Sierksma_ModelFacet_prefix_444 (3.0s)
✔ [11094/12392] Built SierksmaLean.Theorems.Thm_Sierksma_ModelFacet_prefix_503 (3.9s)
✔ [11095/12392] Built SierksmaLean.Proofs.Proof_Sierksma_FB_cBS_25 (21s)
✔ [11096/12392] Built SierksmaLean.Theorems.Thm_Sierksma_ModelFacet_prefix_424 (4.0s)
✔ [11097/12392] Built SierksmaLean.Proofs.Proof_Sierksma_FB_cBS_15 (21s)
✔ [11098/12392] Built SierksmaLean.Proofs.Proof_Sierksma_FB_cBS_31 (23s)
✔ [11099/12392] Built SierksmaLean.Theorems.Thm_Sierksma_ModelFacet_prefix_415 (4.0s)
✔ [11100/12392] Built SierksmaLean.Theorems.Thm_Sierksma_ModelFacet_prefix_425 (4.0s)
✔ [11101/12392] Built SierksmaLean.Theorems.Thm_Sierksma_ModelFacet_prefix_430 (4.1s)
✔ [11102/12392] Built SierksmaLean.Theorems.Thm_Sierksma_ModelFacet_prefix_432 (4.1s)
✔ [11103/12392] Built SierksmaLean.Theorems.Thm_Sierksma_ModelFacet_prefix_433 (4.8s)
✔ [11104/12392] Built SierksmaLean.Theorems.Thm_Sierksma_ModelFacet_prefix_434 (4.0s)
✔ [11105/12392] Built SierksmaLean.Theorems.Thm_Sierksma_ModelFacet_prefix_441 (4.6s)
✔ [11106/12392] Built SierksmaLean.Theorems.Thm_Sierksma_ModelFacet_prefix_450 (4.9s)
✔ [11107/12392] Built SierksmaLean.Theorems.Thm_Sierksma_ModelFacet_prefix_431 (4.0s)
✔ [11108/12392] Built SierksmaLean.Theorems.Thm_Sierksma_ModelFacet_prefix_420 (4.1s)
✔ [11109/12392] Built SierksmaLean.Theorems.Thm_Sierksma_ModelFacet_prefix_421 (4.1s)
✔ [11110/12392] Built SierksmaLean.Theorems.Thm_Sierksma_ModelFacet_prefix_412 (4.3s)
✔ [11111/12392] Built SierksmaLean.Theorems.Thm_Sierksma_ModelFacet_prefix_413 (4.4s)
✔ [11112/12392] Built SierksmaLean.Theorems.Thm_Sierksma_ModelFacet_prefix_414 (4.4s)
✔ [11113/12392] Built SierksmaLean.Theorems.Thm_Sierksma_ModelFacet_prefix_422 (4.4s)
✔ [11114/12392] Built SierksmaLean.Theorems.Thm_Sierksma_ModelFacet_prefix_423 (4.4s)
✔ [11115/12392] Built SierksmaLean.Theorems.Thm_Sierksma_ModelFacet_prefix_435 (4.4s)
✔ [11116/12392] Built SierksmaLean.Proofs.Proof_Sierksma_FB_cBS_8 (21s)
✔ [11117/12392] Built SierksmaLean.Theorems.Thm_Sierksma_ModelFacet_prefix_405 (4.4s)
✔ [11118/12392] Built SierksmaLean.Theorems.Thm_Sierksma_ModelFacet_prefix_410 (4.4s)
✔ [11119/12392] Built SierksmaLean.Theorems.Thm_Sierksma_ModelFacet_prefix_411 (4.4s)
✔ [11120/12392] Built SierksmaLean.Theorems.Thm_Sierksma_ModelFacet_prefix_403 (4.4s)
✔ [11121/12392] Built SierksmaLean.Proofs.Proof_Sierksma_FB_cAS_21 (35s)
✔ [11122/12392] Built SierksmaLean.Theorems.Thm_Sierksma_ModelFacet_prefix_353 (4.2s)
✔ [11123/12392] Built SierksmaLean.Theorems.Thm_Sierksma_ModelFacet_prefix_354 (4.5s)
✔ [11124/12392] Built SierksmaLean.Theorems.Thm_Sierksma_ModelFacet_prefix_355 (4.1s)
✔ [11125/12392] Built SierksmaLean.Theorems.Thm_Sierksma_ModelFacet_prefix_400 (4.1s)
✔ [11126/12392] Built SierksmaLean.Theorems.Thm_Sierksma_ModelFacet_prefix_401 (4.5s)
✔ [11127/12392] Built SierksmaLean.Theorems.Thm_Sierksma_ModelFacet_prefix_402 (4.5s)
✔ [11128/12392] Built SierksmaLean.Theorems.Thm_Sierksma_ModelFacet_prefix_404 (4.5s)
✔ [11129/12392] Built SierksmaLean.Theorems.Thm_Sierksma_ModelFacet_prefix_334 (3.8s)
✔ [11130/12392] Built SierksmaLean.Theorems.Thm_Sierksma_ModelFacet_prefix_342 (4.0s)
✔ [11131/12392] Built SierksmaLean.Theorems.Thm_Sierksma_ModelFacet_prefix_344 (4.0s)
✔ [11132/12392] Built SierksmaLean.Theorems.Thm_Sierksma_ModelFacet_prefix_345 (4.0s)
✔ [11133/12392] Built SierksmaLean.Theorems.Thm_Sierksma_ModelFacet_prefix_351 (4.3s)
✔ [11134/12392] Built SierksmaLean.Theorems.Thm_Sierksma_ModelFacet_prefix_352 (4.6s)
✔ [11135/12392] Built SierksmaLean.Theorems.Thm_Sierksma_ModelFacet_prefix_340 (4.5s)
✔ [11136/12392] Built SierksmaLean.Theorems.Thm_Sierksma_ModelFacet_prefix_341 (4.5s)
✔ [11137/12392] Built SierksmaLean.Theorems.Thm_Sierksma_ModelFacet_prefix_343 (4.5s)
✔ [11138/12392] Built SierksmaLean.Theorems.Thm_Sierksma_ModelFacet_prefix_350 (4.5s)
✔ [11139/12392] Built SierksmaLean.Proofs.Proof_Sierksma_FB_cAS_61 (37s)
✔ [11140/12392] Built SierksmaLean.Theorems.Thm_Sierksma_ModelFacet_prefix_335 (4.6s)
✔ [11141/12392] Built SierksmaLean.Theorems.Thm_Sierksma_ModelFacet_prefix_311 (4.3s)
✔ [11142/12392] Built SierksmaLean.Theorems.Thm_Sierksma_ModelFacet_prefix_322 (4.3s)
✔ [11143/12392] Built SierksmaLean.Theorems.Thm_Sierksma_ModelFacet_prefix_325 (4.3s)
✔ [11144/12392] Built SierksmaLean.Theorems.Thm_Sierksma_ModelFacet_prefix_330 (4.3s)
✔ [11145/12392] Built SierksmaLean.Theorems.Thm_Sierksma_ModelFacet_prefix_331 (5.2s)
✔ [11146/12392] Built SierksmaLean.Theorems.Thm_Sierksma_ModelFacet_prefix_332 (5.2s)
✔ [11147/12392] Built SierksmaLean.Proofs.Proof_Sierksma_FB_cBS_5 (22s)
✔ [11148/12392] Built SierksmaLean.Theorems.Thm_Sierksma_ModelFacet_prefix_333 (4.4s)
✔ [11149/12392] Built SierksmaLean.Theorems.Thm_Sierksma_ModelFacet_prefix_314 (4.5s)
✔ [11150/12392] Built SierksmaLean.Theorems.Thm_Sierksma_ModelFacet_prefix_320 (4.5s)
✔ [11151/12392] Built SierksmaLean.Theorems.Thm_Sierksma_ModelFacet_prefix_321 (4.5s)
✔ [11152/12392] Built SierksmaLean.Theorems.Thm_Sierksma_ModelFacet_prefix_323 (4.5s)
✔ [11153/12392] Built SierksmaLean.Theorems.Thm_Sierksma_ModelFacet_prefix_324 (4.5s)
✔ [11154/12392] Built SierksmaLean.Theorems.Thm_Sierksma_ModelFacet_prefix_310 (4.6s)
✔ [11155/12392] Built SierksmaLean.Proofs.Proof_Sierksma_FB_cBS_27 (22s)
✔ [11156/12392] Built SierksmaLean.Theorems.Thm_Sierksma_ModelFacet_prefix_255 (4.6s)
✔ [11157/12392] Built SierksmaLean.Theorems.Thm_Sierksma_ModelFacet_prefix_301 (4.6s)
✔ [11158/12392] Built SierksmaLean.Theorems.Thm_Sierksma_ModelFacet_prefix_302 (4.6s)
✔ [11159/12392] Built SierksmaLean.Theorems.Thm_Sierksma_ModelFacet_prefix_304 (5.5s)
✔ [11160/12392] Built SierksmaLean.Theorems.Thm_Sierksma_ModelFacet_prefix_312 (4.6s)
✔ [11161/12392] Built SierksmaLean.Theorems.Thm_Sierksma_ModelFacet_prefix_313 (4.9s)
✔ [11162/12392] Built SierksmaLean.Theorems.Thm_Sierksma_ModelFacet_prefix_315 (5.6s)
✔ [11163/12392] Built SierksmaLean.Proofs.Proof_Sierksma_FB_cAS_301 (43s)
✔ [11164/12392] Built SierksmaLean.Proofs.Proof_Sierksma_FB_cBS_10 (21s)
✔ [11165/12392] Built SierksmaLean.Proofs.Proof_Sierksma_generic_witness_sign (19s)
✔ [11166/12392] Built SierksmaLean.Theorems.Thm_Sierksma_ModelFacet_prefix_245 (4.3s)
✔ [11167/12392] Built SierksmaLean.Theorems.Thm_Sierksma_ModelFacet_prefix_251 (4.2s)
✔ [11168/12392] Built SierksmaLean.Theorems.Thm_Sierksma_ModelFacet_prefix_254 (4.4s)
✔ [11169/12392] Built SierksmaLean.Theorems.Thm_Sierksma_ModelFacet_prefix_303 (4.6s)
✔ [11170/12392] Built SierksmaLean.Theorems.Thm_Sierksma_ModelFacet_prefix_305 (4.6s)
✔ [11171/12392] Built SierksmaLean.Theorems.Thm_Sierksma_ModelFacet_prefix_300 (4.5s)
✔ [11172/12392] Built SierksmaLean.Theorems.Thm_Sierksma_ModelFacet_prefix_231 (4.9s)
✔ [11173/12392] Built SierksmaLean.Theorems.Thm_Sierksma_ModelFacet_prefix_232 (4.4s)
✔ [11174/12392] Built SierksmaLean.Theorems.Thm_Sierksma_ModelFacet_prefix_233 (4.4s)
✔ [11175/12392] Built SierksmaLean.Theorems.Thm_Sierksma_ModelFacet_prefix_235 (4.4s)
✔ [11176/12392] Built SierksmaLean.Theorems.Thm_Sierksma_ModelFacet_prefix_240 (4.9s)
✔ [11177/12392] Built SierksmaLean.Theorems.Thm_Sierksma_ModelFacet_prefix_241 (4.9s)
✔ [11178/12392] Built SierksmaLean.Theorems.Thm_Sierksma_ModelFacet_prefix_242 (4.9s)
✔ [11179/12392] Built SierksmaLean.Theorems.Thm_Sierksma_ModelFacet_prefix_243 (4.4s)
✔ [11180/12392] Built SierksmaLean.Theorems.Thm_Sierksma_ModelFacet_prefix_244 (4.9s)
✔ [11181/12392] Built SierksmaLean.Theorems.Thm_Sierksma_ModelFacet_prefix_250 (5.3s)
✔ [11182/12392] Built SierksmaLean.Theorems.Thm_Sierksma_ModelFacet_prefix_252 (4.9s)
✔ [11183/12392] Built SierksmaLean.Theorems.Thm_Sierksma_ModelFacet_prefix_253 (5.5s)
✔ [11184/12392] Built SierksmaLean.Proofs.Proof_Sierksma_FB_cAS_34 (40s)
✔ [11185/12392] Built SierksmaLean.Proofs.Proof_Sierksma_FB_cAS_54 (29s)
✔ [11186/12392] Built SierksmaLean.Proofs.Proof_Sierksma_FB_cAS_345 (23s)
✔ [11187/12392] Built SierksmaLean.Theorems.Thm_Sierksma_ModelFacet_prefix_225 (4.1s)
✔ [11188/12392] Built SierksmaLean.Theorems.Thm_Sierksma_ModelFacet_prefix_230 (4.6s)
✔ [11189/12392] Built SierksmaLean.Theorems.Thm_Sierksma_ModelFacet_prefix_234 (4.6s)
✔ [11190/12392] Built SierksmaLean.Theorems.Thm_Sierksma_ModelFacet_prefix_220 (4.2s)
✔ [11191/12392] Built SierksmaLean.Theorems.Thm_Sierksma_ModelFacet_prefix_222 (4.2s)
✔ [11192/12392] Built SierksmaLean.Proofs.Proof_Sierksma_FB_cBS_12 (29s)
✔ [11193/12392] Built SierksmaLean.Theorems.Thm_Sierksma_ModelFacet_prefix_223 (4.4s)
✔ [11194/12392] Built SierksmaLean.Theorems.Thm_Sierksma_ModelFacet_prefix_204 (4.3s)
✔ [11195/12392] Built SierksmaLean.Theorems.Thm_Sierksma_ModelFacet_prefix_205 (4.4s)
✔ [11196/12392] Built SierksmaLean.Theorems.Thm_Sierksma_ModelFacet_prefix_210 (4.5s)
✔ [11197/12392] Built SierksmaLean.Theorems.Thm_Sierksma_ModelFacet_prefix_211 (4.4s)
✔ [11198/12392] Built SierksmaLean.Theorems.Thm_Sierksma_ModelFacet_prefix_212 (4.5s)
✔ [11199/12392] Built SierksmaLean.Theorems.Thm_Sierksma_ModelFacet_prefix_213 (4.5s)
✔ [11200/12392] Built SierksmaLean.Theorems.Thm_Sierksma_ModelFacet_prefix_215 (4.5s)
✔ [11201/12392] Built SierksmaLean.Theorems.Thm_Sierksma_ModelFacet_prefix_221 (5.2s)
✔ [11202/12392] Built SierksmaLean.Theorems.Thm_Sierksma_ModelFacet_prefix_224 (5.4s)
✔ [11203/12392] Built SierksmaLean.Theorems.Thm_Sierksma_ModelFacet_prefix_200 (4.3s)
✔ [11204/12392] Built SierksmaLean.Theorems.Thm_Sierksma_ModelFacet_prefix_201 (4.3s)
✔ [11205/12392] Built SierksmaLean.Theorems.Thm_Sierksma_ModelFacet_prefix_214 (4.5s)
✔ [11206/12392] Built SierksmaLean.Theorems.Thm_Sierksma_ModelFacet_prefix_202 (4.6s)
✔ [11207/12392] Built SierksmaLean.Theorems.Thm_Sierksma_ModelFacet_prefix_203 (4.5s)
✔ [11208/12392] Built SierksmaLean.Theorems.Thm_Sierksma_ModelFacet_prefix_141 (3.8s)
✔ [11209/12392] Built SierksmaLean.Theorems.Thm_Sierksma_ModelFacet_prefix_143 (3.7s)
✔ [11210/12392] Built SierksmaLean.Theorems.Thm_Sierksma_ModelFacet_prefix_151 (4.0s)
✔ [11211/12392] Built SierksmaLean.Theorems.Thm_Sierksma_ModelFacet_prefix_152 (3.7s)
✔ [11212/12392] Built SierksmaLean.Theorems.Thm_Sierksma_ModelFacet_prefix_153 (4.8s)
✔ [11213/12392] Built SierksmaLean.Theorems.Thm_Sierksma_ModelFacet_prefix_125 (4.7s)
✔ [11214/12392] Built SierksmaLean.Theorems.Thm_Sierksma_ModelFacet_prefix_133 (4.6s)
✔ [11215/12392] Built SierksmaLean.Theorems.Thm_Sierksma_ModelFacet_prefix_134 (4.6s)
✔ [11216/12392] Built SierksmaLean.Theorems.Thm_Sierksma_ModelFacet_prefix_140 (4.7s)
✔ [11217/12392] Built SierksmaLean.Theorems.Thm_Sierksma_ModelFacet_prefix_142 (4.7s)
✔ [11218/12392] Built SierksmaLean.Theorems.Thm_Sierksma_ModelFacet_prefix_144 (4.7s)
✔ [11219/12392] Built SierksmaLean.Theorems.Thm_Sierksma_ModelFacet_prefix_145 (4.7s)
✔ [11220/12392] Built SierksmaLean.Theorems.Thm_Sierksma_ModelFacet_prefix_150 (4.7s)
✔ [11221/12392] Built SierksmaLean.Theorems.Thm_Sierksma_ModelFacet_prefix_154 (5.6s)
✔ [11222/12392] Built SierksmaLean.Theorems.Thm_Sierksma_ModelFacet_prefix_155 (4.7s)
✔ [11223/12392] Built SierksmaLean.Theorems.Thm_Sierksma_ModelFacet_prefix_130 (5.1s)
✔ [11224/12392] Built SierksmaLean.Theorems.Thm_Sierksma_ModelFacet_prefix_131 (5.1s)
✔ [11225/12392] Built SierksmaLean.Theorems.Thm_Sierksma_ModelFacet_prefix_135 (5.1s)
✔ [11226/12392] Built SierksmaLean.Theorems.Thm_Sierksma_ModelFacet_prefix_101 (4.0s)
✔ [11227/12392] Built SierksmaLean.Theorems.Thm_Sierksma_ModelFacet_prefix_132 (5.3s)
✔ [11228/12392] Built SierksmaLean.Proofs.Proof_Sierksma_FB_cBS_11 (30s)
✔ [11229/12392] Built SierksmaLean.Theorems.Thm_Sierksma_ModelFacet_prefix_100 (4.9s)
✔ [11230/12392] Built SierksmaLean.Theorems.Thm_Sierksma_ModelFacet_prefix_102 (4.9s)
✔ [11231/12392] Built SierksmaLean.Theorems.Thm_Sierksma_ModelFacet_prefix_103 (4.9s)
✔ [11232/12392] Built SierksmaLean.Theorems.Thm_Sierksma_ModelFacet_prefix_104 (4.9s)
✔ [11233/12392] Built SierksmaLean.Theorems.Thm_Sierksma_ModelFacet_prefix_111 (4.9s)
✔ [11234/12392] Built SierksmaLean.Theorems.Thm_Sierksma_ModelFacet_prefix_112 (4.9s)
✔ [11235/12392] Built SierksmaLean.Theorems.Thm_Sierksma_ModelFacet_prefix_113 (4.9s)
✔ [11236/12392] Built SierksmaLean.Theorems.Thm_Sierksma_ModelFacet_prefix_114 (4.9s)
✔ [11237/12392] Built SierksmaLean.Theorems.Thm_Sierksma_ModelFacet_prefix_115 (4.9s)
✔ [11238/12392] Built SierksmaLean.Theorems.Thm_Sierksma_ModelFacet_prefix_120 (4.9s)
✔ [11239/12392] Built SierksmaLean.Theorems.Thm_Sierksma_ModelFacet_prefix_121 (4.9s)
✔ [11240/12392] Built SierksmaLean.Theorems.Thm_Sierksma_ModelFacet_prefix_122 (4.9s)
✔ [11241/12392] Built SierksmaLean.Theorems.Thm_Sierksma_ModelFacet_prefix_123 (4.9s)
✔ [11242/12392] Built SierksmaLean.Proofs.Proof_Sierksma_FB_cAS_109 (48s)
✔ [11243/12392] Built SierksmaLean.Theorems.Thm_Sierksma_ModelFacet_prefix_124 (5.7s)
✔ [11244/12392] Built SierksmaLean.Theorems.Thm_Sierksma_ModelFacet_prefix_043 (4.9s)
✔ [11245/12392] Built SierksmaLean.Theorems.Thm_Sierksma_ModelFacet_prefix_055 (4.0s)
✔ [11246/12392] Built SierksmaLean.Theorems.Thm_Sierksma_ModelFacet_prefix_110 (4.0s)
✔ [11247/12392] Built SierksmaLean.Theorems.Thm_Sierksma_generic_witness_g1 (4.4s)
✔ [11248/12392] Built SierksmaLean.Theorems.Thm_Sierksma_ModelFacet_prefix_040 (4.4s)
✔ [11249/12392] Built SierksmaLean.Theorems.Thm_Sierksma_ModelFacet_prefix_045 (5.4s)
✔ [11250/12392] Built SierksmaLean.Theorems.Thm_Sierksma_ModelFacet_prefix_050 (4.4s)
✔ [11251/12392] Built SierksmaLean.Theorems.Thm_Sierksma_ModelFacet_prefix_051 (5.6s)
✔ [11252/12392] Built SierksmaLean.Theorems.Thm_Sierksma_ModelFacet_prefix_052 (5.6s)
✔ [11253/12392] Built SierksmaLean.Theorems.Thm_Sierksma_ModelFacet_prefix_054 (4.4s)
✔ [11254/12392] Built SierksmaLean.Theorems.Thm_Sierksma_ModelFacet_prefix_105 (5.8s)
✔ [11255/12392] Built SierksmaLean.Proofs.Proof_Sierksma_FB_tab_intt (4.4s)
✔ [11256/12392] Built SierksmaLean.Proofs.Proof_Sierksma_generic_witness_g4_sorted (5.2s)
✔ [11257/12392] Built SierksmaLean.Theorems.Thm_Sierksma_ModelFacet_prefix_031 (4.4s)
✔ [11258/12392] Built SierksmaLean.Theorems.Thm_Sierksma_ModelFacet_prefix_034 (4.9s)
✔ [11259/12392] Built SierksmaLean.Theorems.Thm_Sierksma_ModelFacet_prefix_035 (4.9s)
✔ [11260/12392] Built SierksmaLean.Theorems.Thm_Sierksma_ModelFacet_prefix_041 (5.1s)
✔ [11261/12392] Built SierksmaLean.Theorems.Thm_Sierksma_ModelFacet_prefix_042 (5.1s)
✔ [11262/12392] Built SierksmaLean.Theorems.Thm_Sierksma_ModelFacet_prefix_044 (5.1s)
✔ [11263/12392] Built SierksmaLean.Theorems.Thm_Sierksma_ModelFacet_prefix_053 (5.4s)
✔ [11264/12392] Built SierksmaLean.Theorems.Thm_Sierksma_FB_tab_col (5.1s)
⚠ [11265/12392] Built SierksmaLean.Theorems.Thm_Sierksma_FB_edge_count (5.1s)
warning: SierksmaLean/Theorems/Thm_Sierksma_FB_edge_count.lean:6:22: Variable name `hS` is not explicitly referenced.

Hint: The binding can be removed (if unused) or named `_` (if used implicitly). Alternatively, prefix the name with `_` to silence this warning:
  [apply] _hS

Note: This linter can be disabled with `set_option linter.unusedVariables false`
✔ [11266/12392] Built SierksmaLean.Proofs.Proof_Sierksma_FB_cAS_169 (47s)
✔ [11267/12392] Built SierksmaLean.Theorems.Thm_Sierksma_ModelFacet_prefix_033 (4.4s)
✔ [11268/12392] Built SierksmaLean.Theorems.Thm_Sierksma_ModelFacet_prefix_012 (4.9s)
✔ [11269/12392] Built SierksmaLean.Theorems.Thm_Sierksma_ModelFacet_prefix_013 (4.8s)
✔ [11270/12392] Built SierksmaLean.Theorems.Thm_Sierksma_ModelFacet_prefix_014 (4.8s)
✔ [11271/12392] Built SierksmaLean.Theorems.Thm_Sierksma_ModelFacet_prefix_015 (4.8s)
✔ [11272/12392] Built SierksmaLean.Theorems.Thm_Sierksma_ModelFacet_prefix_020 (4.8s)
✔ [11273/12392] Built SierksmaLean.Theorems.Thm_Sierksma_ModelFacet_prefix_021 (4.8s)
✔ [11274/12392] Built SierksmaLean.Theorems.Thm_Sierksma_ModelFacet_prefix_022 (4.8s)
✔ [11275/12392] Built SierksmaLean.Theorems.Thm_Sierksma_ModelFacet_prefix_023 (4.8s)
✔ [11276/12392] Built SierksmaLean.Theorems.Thm_Sierksma_ModelFacet_prefix_024 (4.8s)
✔ [11277/12392] Built SierksmaLean.Theorems.Thm_Sierksma_ModelFacet_prefix_025 (5.7s)
✔ [11278/12392] Built SierksmaLean.Theorems.Thm_Sierksma_ModelFacet_prefix_030 (5.7s)
✔ [11279/12392] Built SierksmaLean.Theorems.Thm_Sierksma_ModelFacet_prefix_032 (5.7s)
✔ [11280/12392] Built SierksmaLean.Theorems.Thm_Sierksma_ModelFacet_prefix_000 (4.7s)
✔ [11281/12392] Built SierksmaLean.Theorems.Thm_Sierksma_ModelFacet_prefix_002 (4.8s)
✔ [11282/12392] Built SierksmaLean.Theorems.Thm_Sierksma_ModelFacet_prefix_003 (5.1s)
✔ [11283/12392] Built SierksmaLean.Theorems.Thm_Sierksma_ModelFacet_prefix_004 (5.1s)
✔ [11284/12392] Built SierksmaLean.Theorems.Thm_Sierksma_ModelFacet_prefix_005 (4.8s)
✔ [11285/12392] Built SierksmaLean.Theorems.Thm_Sierksma_ModelFacet_prefix_010 (5.1s)
✔ [11286/12392] Built SierksmaLean.Theorems.Thm_Sierksma_ModelFacet_prefix_011 (5.6s)
✔ [11287/12392] Built SierksmaLean.Theorems.Thm_Sierksma_FB_cAS_63 (4.1s)
✔ [11288/12392] Built SierksmaLean.Theorems.Thm_Sierksma_ModelFacet_prefix_001 (6.1s)
✔ [11289/12392] Built SierksmaLean.Theorems.Thm_Sierksma_FB_cAS_24 (5.3s)
✔ [11290/12392] Built SierksmaLean.Theorems.Thm_Sierksma_FB_cAS_26 (5.3s)
✔ [11291/12392] Built SierksmaLean.Theorems.Thm_Sierksma_FB_cAS_23 (5.3s)
✔ [11292/12392] Built SierksmaLean.Theorems.Thm_Sierksma_FB_cAS_13 (5.3s)
✔ [11293/12392] Built SierksmaLean.Theorems.Thm_Sierksma_FB_cAS_5 (5.3s)
✔ [11294/12392] Built SierksmaLean.Theorems.Thm_Sierksma_FB_cAS_3 (5.3s)
✔ [11295/12392] Built SierksmaLean.Theorems.Thm_Sierksma_FB_cAS_10 (5.5s)
✔ [11296/12392] Built SierksmaLean.Theorems.Thm_Sierksma_FB_cAS_25 (5.4s)
✔ [11297/12392] Built SierksmaLean.Theorems.Thm_Sierksma_FB_cAS_12 (5.8s)
✔ [11298/12392] Built SierksmaLean.Theorems.Thm_Sierksma_FB_cAS_7 (5.8s)
✔ [11299/12392] Built SierksmaLean.Theorems.Thm_Sierksma_FB_cAS_8 (5.8s)
✔ [11300/12392] Built SierksmaLean.Theorems.Thm_Sierksma_FB_cAS_68 (5.1s)
✔ [11301/12392] Built SierksmaLean.Theorems.Thm_Sierksma_FB_cAS_27 (6.3s)
✔ [11302/12392] Built SierksmaLean.Theorems.Thm_Sierksma_FB_cAS_19 (6.3s)
✔ [11303/12392] Built SierksmaLean.Theorems.Thm_Sierksma_FB_cAS_20 (5.9s)
✔ [11304/12392] Built SierksmaLean.Theorems.Thm_Sierksma_FB_cAS_15 (6.1s)
✔ [11305/12392] Built SierksmaLean.Theorems.Thm_Sierksma_FB_cAS_36 (6.3s)
✔ [11306/12392] Built SierksmaLean.Theorems.Thm_Sierksma_FB_cAS_29 (5.6s)
✔ [11307/12392] Built SierksmaLean.Theorems.Thm_Sierksma_FB_cAS_66 (5.5s)
✔ [11308/12392] Built SierksmaLean.Theorems.Thm_Sierksma_FB_cAS_67 (6.1s)
✔ [11309/12392] Built SierksmaLean.Theorems.Thm_Sierksma_FB_cAS_42 (5.5s)
✔ [11310/12392] Built SierksmaLean.Theorems.Thm_Sierksma_FB_cAS_32 (6.2s)
✔ [11311/12392] Built SierksmaLean.Theorems.Thm_Sierksma_FB_cAS_11 (6.2s)
✔ [11312/12392] Built SierksmaLean.Theorems.Thm_Sierksma_FB_cAS_18 (6.2s)
✔ [11313/12392] Built SierksmaLean.Theorems.Thm_Sierksma_FB_cAS_16 (6.2s)
✔ [11314/12392] Built SierksmaLean.Theorems.Thm_Sierksma_FB_cAS_69 (5.5s)
✔ [11315/12392] Built SierksmaLean.Theorems.Thm_Sierksma_FB_cAS_17 (6.2s)
✔ [11316/12392] Built SierksmaLean.Theorems.Thm_Sierksma_FB_cAS_9 (6.2s)
✔ [11317/12392] Built SierksmaLean.Theorems.Thm_Sierksma_FB_cAS_6 (6.2s)
✔ [11318/12392] Built SierksmaLean.Theorems.Thm_Sierksma_FB_cAS_2 (6.1s)
✔ [11319/12392] Built SierksmaLean.Theorems.Thm_Sierksma_FB_cAS_39 (6.2s)
✔ [11320/12392] Built SierksmaLean.Theorems.Thm_Sierksma_FB_cAS_31 (6.2s)
✔ [11321/12392] Built SierksmaLean.Theorems.Thm_Sierksma_FB_cAS_70 (5.6s)
✔ [11322/12392] Built SierksmaLean.Theorems.Thm_Sierksma_FB_cAS_65 (6.1s)
✔ [11323/12392] Built SierksmaLean.Theorems.Thm_Sierksma_FB_cAS_64 (4.9s)
✔ [11324/12392] Built SierksmaLean.Theorems.Thm_Sierksma_FB_cAS_58 (4.9s)
✔ [11325/12392] Built SierksmaLean.Theorems.Thm_Sierksma_FB_cAS_47 (5.6s)
✔ [11326/12392] Built SierksmaLean.Theorems.Thm_Sierksma_FB_cAS_43 (5.6s)
✔ [11327/12392] Built SierksmaLean.Theorems.Thm_Sierksma_FB_cAS_44 (5.6s)
✔ [11328/12392] Built SierksmaLean.Theorems.Thm_Sierksma_FB_cAS_38 (6.9s)
✔ [11329/12392] Built SierksmaLean.Theorems.Thm_Sierksma_FB_cAS_40 (5.6s)
✔ [11330/12392] Built SierksmaLean.Theorems.Thm_Sierksma_FB_cAS_35 (7.0s)
✔ [11331/12392] Built SierksmaLean.Theorems.Thm_Sierksma_FB_cAS_28 (7.0s)
✔ [11332/12392] Built SierksmaLean.Theorems.Thm_Sierksma_FB_cAS_14 (7.0s)
✔ [11333/12392] Built SierksmaLean.Theorems.Thm_Sierksma_FB_cAS_4 (7.0s)
✔ [11334/12392] Built SierksmaLean.Proofs.Proof_Sierksma_FB_cBS_3 (40s)
✔ [11335/12392] Built SierksmaLean.Theorems.Thm_Sierksma_FB_cAS_46 (5.8s)
✔ [11336/12392] Built SierksmaLean.Theorems.Thm_Sierksma_FB_cAS_49 (5.8s)
✔ [11337/12392] Built SierksmaLean.Theorems.Thm_Sierksma_FB_cAS_59 (5.9s)
✔ [11338/12392] Built SierksmaLean.Theorems.Thm_Sierksma_FB_cAS_98 (5.1s)
✔ [11339/12392] Built SierksmaLean.Theorems.Thm_Sierksma_FB_cAS_93 (6.4s)
✔ [11340/12392] Built SierksmaLean.Theorems.Thm_Sierksma_FB_cAS_75 (5.1s)
✔ [11341/12392] Built SierksmaLean.Theorems.Thm_Sierksma_FB_cAS_71 (6.2s)
✔ [11342/12392] Built SierksmaLean.Theorems.Thm_Sierksma_FB_cAS_72 (5.0s)
✔ [11343/12392] Built SierksmaLean.Theorems.Thm_Sierksma_FB_cAS_56 (6.4s)
✔ [11344/12392] Built SierksmaLean.Theorems.Thm_Sierksma_FB_cAS_55 (7.2s)
✔ [11345/12392] Built SierksmaLean.Theorems.Thm_Sierksma_FB_cAS_52 (6.4s)
✔ [11346/12392] Built SierksmaLean.Theorems.Thm_Sierksma_FB_cAS_50 (6.4s)
✔ [11347/12392] Built SierksmaLean.Theorems.Thm_Sierksma_FB_cAS_48 (7.2s)
✔ [11348/12392] Built SierksmaLean.Theorems.Thm_Sierksma_FB_cAS_1 (7.2s)
✔ [11349/12392] Built SierksmaLean.Proofs.Proof_Sierksma_FB_cBS_2 (41s)
✔ [11350/12392] Built SierksmaLean.Theorems.Thm_Sierksma_FB_cAS_104 (5.3s)
✔ [11351/12392] Built SierksmaLean.Theorems.Thm_Sierksma_FB_cAS_76 (4.8s)
✔ [11352/12392] Built SierksmaLean.Theorems.Thm_Sierksma_FB_cAS_81 (4.4s)
✔ [11353/12392] Built SierksmaLean.Theorems.Thm_Sierksma_FB_cAS_74 (4.9s)
✔ [11354/12392] Built SierksmaLean.Theorems.Thm_Sierksma_FB_cAS_96 (5.4s)
✔ [11355/12392] Built SierksmaLean.Theorems.Thm_Sierksma_FB_cAS_73 (5.8s)
✔ [11356/12392] Built SierksmaLean.Theorems.Thm_Sierksma_FB_cAS_83 (4.3s)
✔ [11357/12392] Built SierksmaLean.Theorems.Thm_Sierksma_FB_cAS_80 (5.4s)
✔ [11358/12392] Built SierksmaLean.Theorems.Thm_Sierksma_FB_cAS_77 (5.4s)
✔ [11359/12392] Built SierksmaLean.Theorems.Thm_Sierksma_FB_cAS_79 (6.1s)
✔ [11360/12392] Built SierksmaLean.Theorems.Thm_Sierksma_FB_cAS_51 (6.4s)
✔ [11361/12392] Built SierksmaLean.Theorems.Thm_Sierksma_FB_cAS_37 (6.4s)
✔ [11362/12392] Built SierksmaLean.Theorems.Thm_Sierksma_FB_cAS_30 (7.7s)
✔ [11363/12392] Built SierksmaLean.Theorems.Thm_Sierksma_FB_cAS_131 (5.1s)
✔ [11364/12392] Built SierksmaLean.Theorems.Thm_Sierksma_FB_cAS_101 (5.5s)
✔ [11365/12392] Built SierksmaLean.Theorems.Thm_Sierksma_FB_cAS_84 (4.9s)
✔ [11366/12392] Built SierksmaLean.Theorems.Thm_Sierksma_FB_cAS_82 (5.3s)
✔ [11367/12392] Built SierksmaLean.Theorems.Thm_Sierksma_FB_cAS_33 (6.0s)
✔ [11368/12392] Built SierksmaLean.Theorems.Thm_Sierksma_FB_cAS_103 (5.4s)
✔ [11369/12392] Built SierksmaLean.Theorems.Thm_Sierksma_FB_cAS_90 (5.4s)
✔ [11370/12392] Built SierksmaLean.Theorems.Thm_Sierksma_FB_cAS_89 (5.4s)
✔ [11371/12392] Built SierksmaLean.Theorems.Thm_Sierksma_FB_cAS_62 (5.4s)
✔ [11372/12392] Built SierksmaLean.Theorems.Thm_Sierksma_FB_cAS_78 (5.4s)
✔ [11373/12392] Built SierksmaLean.Theorems.Thm_Sierksma_FB_cAS_57 (6.0s)
✔ [11374/12392] Built SierksmaLean.Theorems.Thm_Sierksma_FB_cAS_134 (4.3s)
✔ [11375/12392] Built SierksmaLean.Theorems.Thm_Sierksma_FB_cAS_85 (5.9s)
✔ [11376/12392] Built SierksmaLean.Theorems.Thm_Sierksma_FB_cAS_45 (6.9s)
✔ [11377/12392] Built SierksmaLean.Theorems.Thm_Sierksma_FB_cAS_94 (5.4s)
✔ [11378/12392] Built SierksmaLean.Theorems.Thm_Sierksma_FB_cAS_130 (5.3s)
✔ [11379/12392] Built SierksmaLean.Theorems.Thm_Sierksma_FB_cAS_102 (5.3s)
✔ [11380/12392] Built SierksmaLean.Theorems.Thm_Sierksma_FB_cAS_86 (6.2s)
✔ [11381/12392] Built SierksmaLean.Theorems.Thm_Sierksma_FB_cAS_137 (5.4s)
✔ [11382/12392] Built SierksmaLean.Theorems.Thm_Sierksma_FB_cAS_100 (5.4s)
✔ [11383/12392] Built SierksmaLean.Theorems.Thm_Sierksma_FB_cAS_95 (5.5s)
✔ [11384/12392] Built SierksmaLean.Theorems.Thm_Sierksma_FB_cAS_92 (5.5s)
✔ [11385/12392] Built SierksmaLean.Theorems.Thm_Sierksma_FB_cAS_91 (5.5s)
✔ [11386/12392] Built SierksmaLean.Theorems.Thm_Sierksma_FB_cAS_87 (5.5s)
✔ [11387/12392] Built SierksmaLean.Theorems.Thm_Sierksma_FB_cAS_88 (6.3s)
✔ [11388/12392] Built SierksmaLean.Theorems.Thm_Sierksma_FB_cAS_60 (7.0s)
✔ [11389/12392] Built SierksmaLean.Theorems.Thm_Sierksma_FB_cAS_107 (5.7s)
✔ [11390/12392] Built SierksmaLean.Theorems.Thm_Sierksma_FB_cAS_136 (4.2s)
✔ [11391/12392] Built SierksmaLean.Theorems.Thm_Sierksma_FB_cAS_112 (4.2s)
✔ [11392/12392] Built SierksmaLean.Theorems.Thm_Sierksma_FB_cAS_99 (5.7s)
✔ [11393/12392] Built SierksmaLean.Theorems.Thm_Sierksma_FB_cAS_115 (4.4s)
✔ [11394/12392] Built SierksmaLean.Theorems.Thm_Sierksma_FB_cAS_111 (5.9s)
✔ [11395/12392] Built SierksmaLean.Theorems.Thm_Sierksma_FB_cAS_106 (5.8s)
✔ [11396/12392] Built SierksmaLean.Theorems.Thm_Sierksma_FB_cAS_41 (7.4s)
✔ [11397/12392] Built SierksmaLean.Theorems.Thm_Sierksma_FB_cAS_141 (5.2s)
✔ [11398/12392] Built SierksmaLean.Theorems.Thm_Sierksma_FB_cAS_138 (3.0s)
✔ [11399/12392] Built SierksmaLean.Theorems.Thm_Sierksma_FB_cAS_135 (5.2s)
✔ [11400/12392] Built SierksmaLean.Theorems.Thm_Sierksma_FB_cAS_129 (5.2s)
✔ [11401/12392] Built SierksmaLean.Theorems.Thm_Sierksma_FB_cAS_128 (5.2s)
✔ [11402/12392] Built SierksmaLean.Theorems.Thm_Sierksma_FB_cAS_119 (5.2s)
✔ [11403/12392] Built SierksmaLean.Theorems.Thm_Sierksma_FB_cAS_120 (5.2s)
✔ [11404/12392] Built SierksmaLean.Theorems.Thm_Sierksma_FB_cAS_122 (5.3s)
✔ [11405/12392] Built SierksmaLean.Theorems.Thm_Sierksma_FB_cAS_117 (6.6s)
✔ [11406/12392] Built SierksmaLean.Theorems.Thm_Sierksma_FB_cAS_113 (6.6s)
✔ [11407/12392] Built SierksmaLean.Theorems.Thm_Sierksma_FB_cAS_127 (5.6s)
✔ [11408/12392] Built SierksmaLean.Theorems.Thm_Sierksma_FB_cAS_110 (5.8s)
✔ [11409/12392] Built SierksmaLean.Theorems.Thm_Sierksma_FB_cAS_116 (6.0s)
✔ [11410/12392] Built SierksmaLean.Theorems.Thm_Sierksma_FB_cAS_152 (5.6s)
✔ [11411/12392] Built SierksmaLean.Theorems.Thm_Sierksma_FB_cAS_139 (5.8s)
✔ [11412/12392] Built SierksmaLean.Theorems.Thm_Sierksma_FB_cAS_121 (5.9s)
✔ [11413/12392] Built SierksmaLean.Theorems.Thm_Sierksma_FB_cAS_155 (5.5s)
✔ [11414/12392] Built SierksmaLean.Theorems.Thm_Sierksma_FB_cAS_142 (5.5s)
✔ [11415/12392] Built SierksmaLean.Theorems.Thm_Sierksma_FB_cAS_143 (5.3s)
✔ [11416/12392] Built SierksmaLean.Theorems.Thm_Sierksma_FB_cAS_145 (5.5s)
✔ [11417/12392] Built SierksmaLean.Theorems.Thm_Sierksma_FB_cAS_144 (5.5s)
✔ [11418/12392] Built SierksmaLean.Theorems.Thm_Sierksma_FB_cAS_132 (5.5s)
✔ [11419/12392] Built SierksmaLean.Theorems.Thm_Sierksma_FB_cAS_124 (6.6s)
✔ [11420/12392] Built SierksmaLean.Theorems.Thm_Sierksma_FB_cAS_53 (8.3s)
✔ [11421/12392] Built SierksmaLean.Theorems.Thm_Sierksma_FB_cAS_186 (5.9s)
✔ [11422/12392] Built SierksmaLean.Theorems.Thm_Sierksma_FB_cAS_150 (5.4s)
✔ [11423/12392] Built SierksmaLean.Theorems.Thm_Sierksma_FB_cAS_148 (5.0s)
✔ [11424/12392] Built SierksmaLean.Proofs.Proof_Sierksma_FB_cBS_9 (48s)
✔ [11425/12392] Built SierksmaLean.Theorems.Thm_Sierksma_FB_cAS_193 (5.5s)
✔ [11426/12392] Built SierksmaLean.Theorems.Thm_Sierksma_FB_cAS_123 (6.1s)
✔ [11427/12392] Built SierksmaLean.Theorems.Thm_Sierksma_FB_cAS_190 (6.2s)
✔ [11428/12392] Built SierksmaLean.Theorems.Thm_Sierksma_FB_cAS_149 (6.2s)
✔ [11429/12392] Built SierksmaLean.Theorems.Thm_Sierksma_FB_cAS_158 (5.4s)
✔ [11430/12392] Built SierksmaLean.Theorems.Thm_Sierksma_FB_cAS_154 (5.8s)
✔ [11431/12392] Built SierksmaLean.Theorems.Thm_Sierksma_FB_cAS_151 (5.8s)
✔ [11432/12392] Built SierksmaLean.Theorems.Thm_Sierksma_FB_cAS_159 (5.4s)
✔ [11433/12392] Built SierksmaLean.Theorems.Thm_Sierksma_FB_cAS_196 (5.2s)
✔ [11434/12392] Built SierksmaLean.Theorems.Thm_Sierksma_FB_cAS_199 (5.2s)
✔ [11435/12392] Built SierksmaLean.Theorems.Thm_Sierksma_FB_cAS_173 (5.4s)
✔ [11436/12392] Built SierksmaLean.Theorems.Thm_Sierksma_FB_cAS_166 (5.2s)
✔ [11437/12392] Built SierksmaLean.Theorems.Thm_Sierksma_FB_cAS_195 (5.4s)
✔ [11438/12392] Built SierksmaLean.Theorems.Thm_Sierksma_FB_cAS_171 (5.3s)
✔ [11439/12392] Built SierksmaLean.Theorems.Thm_Sierksma_FB_cAS_164 (5.4s)
✔ [11440/12392] Built SierksmaLean.Theorems.Thm_Sierksma_FB_cAS_162 (5.5s)
✔ [11441/12392] Built SierksmaLean.Theorems.Thm_Sierksma_FB_cAS_125 (6.9s)
✔ [11442/12392] Built SierksmaLean.Theorems.Thm_Sierksma_FB_cAS_177 (5.3s)
✔ [11443/12392] Built SierksmaLean.Theorems.Thm_Sierksma_FB_cAS_176 (5.5s)
✔ [11444/12392] Built SierksmaLean.Theorems.Thm_Sierksma_FB_cAS_165 (5.4s)
✔ [11445/12392] Built SierksmaLean.Theorems.Thm_Sierksma_FB_cAS_167 (5.7s)
✔ [11446/12392] Built SierksmaLean.Theorems.Thm_Sierksma_FB_cAS_157 (5.7s)
✔ [11447/12392] Built SierksmaLean.Theorems.Thm_Sierksma_FB_cAS_156 (5.9s)
✔ [11448/12392] Built SierksmaLean.Theorems.Thm_Sierksma_FB_cAS_147 (6.6s)
✔ [11449/12392] Built SierksmaLean.Theorems.Thm_Sierksma_FB_cAS_146 (6.8s)
✔ [11450/12392] Built SierksmaLean.Theorems.Thm_Sierksma_FB_cAS_114 (7.3s)
✔ [11451/12392] Built SierksmaLean.Theorems.Thm_Sierksma_FB_cAS_174 (6.0s)
✔ [11452/12392] Built SierksmaLean.Theorems.Thm_Sierksma_FB_cAS_108 (7.8s)
✔ [11453/12392] Built SierksmaLean.Theorems.Thm_Sierksma_FB_cAS_118 (7.0s)
✔ [11454/12392] Built SierksmaLean.Theorems.Thm_Sierksma_FB_cAS_185 (6.0s)
✔ [11455/12392] Built SierksmaLean.Theorems.Thm_Sierksma_FB_cAS_179 (5.1s)
✔ [11456/12392] Built SierksmaLean.Theorems.Thm_Sierksma_FB_cAS_160 (6.0s)
✔ [11457/12392] Built SierksmaLean.Theorems.Thm_Sierksma_FB_cAS_180 (6.1s)
✔ [11458/12392] Built SierksmaLean.Theorems.Thm_Sierksma_FB_cAS_211 (4.3s)
✔ [11459/12392] Built SierksmaLean.Theorems.Thm_Sierksma_FB_cAS_201 (5.2s)
✔ [11460/12392] Built SierksmaLean.Theorems.Thm_Sierksma_FB_cAS_194 (5.9s)
✔ [11461/12392] Built SierksmaLean.Theorems.Thm_Sierksma_FB_cAS_187 (5.2s)
✔ [11462/12392] Built SierksmaLean.Theorems.Thm_Sierksma_FB_cAS_188 (5.3s)
✔ [11463/12392] Built SierksmaLean.Theorems.Thm_Sierksma_FB_cAS_189 (5.9s)
✔ [11464/12392] Built SierksmaLean.Theorems.Thm_Sierksma_FB_cAS_184 (5.9s)
✔ [11465/12392] Built SierksmaLean.Theorems.Thm_Sierksma_FB_cAS_182 (6.3s)
✔ [11466/12392] Built SierksmaLean.Theorems.Thm_Sierksma_FB_cAS_153 (6.9s)
✔ [11467/12392] Built SierksmaLean.Theorems.Thm_Sierksma_FB_cAS_191 (4.0s)
✔ [11468/12392] Built SierksmaLean.Theorems.Thm_Sierksma_FB_cAS_172 (6.2s)
✔ [11469/12392] Built SierksmaLean.Theorems.Thm_Sierksma_FB_cAS_163 (6.2s)
✔ [11470/12392] Built SierksmaLean.Theorems.Thm_Sierksma_FB_cAS_197 (5.7s)
✔ [11471/12392] Built SierksmaLean.Theorems.Thm_Sierksma_FB_cAS_192 (5.6s)
✔ [11472/12392] Built SierksmaLean.Theorems.Thm_Sierksma_FB_cAS_178 (6.3s)
✔ [11473/12392] Built SierksmaLean.Theorems.Thm_Sierksma_FB_cAS_161 (6.3s)
✔ [11474/12392] Built SierksmaLean.Theorems.Thm_Sierksma_FB_cAS_237 (5.2s)
✔ [11475/12392] Built SierksmaLean.Theorems.Thm_Sierksma_FB_cAS_198 (5.2s)
✔ [11476/12392] Built SierksmaLean.Theorems.Thm_Sierksma_FB_cAS_175 (6.8s)
✔ [11477/12392] Built SierksmaLean.Theorems.Thm_Sierksma_FB_cAS_235 (6.0s)
✔ [11478/12392] Built SierksmaLean.Theorems.Thm_Sierksma_FB_cAS_244 (5.7s)
✔ [11479/12392] Built SierksmaLean.Theorems.Thm_Sierksma_FB_cAS_224 (6.3s)
✔ [11480/12392] Built SierksmaLean.Theorems.Thm_Sierksma_FB_cAS_218 (4.9s)
✔ [11481/12392] Built SierksmaLean.Theorems.Thm_Sierksma_FB_cAS_213 (5.1s)
✔ [11482/12392] Built SierksmaLean.Theorems.Thm_Sierksma_FB_cAS_214 (5.0s)
✔ [11483/12392] Built SierksmaLean.Theorems.Thm_Sierksma_FB_cAS_209 (5.7s)
✔ [11484/12392] Built SierksmaLean.Theorems.Thm_Sierksma_FB_cAS_208 (5.8s)
✔ [11485/12392] Built SierksmaLean.Theorems.Thm_Sierksma_FB_cAS_206 (5.8s)
✔ [11486/12392] Built SierksmaLean.Theorems.Thm_Sierksma_FB_cAS_203 (6.3s)
✔ [11487/12392] Built SierksmaLean.Theorems.Thm_Sierksma_FB_cAS_183 (6.3s)
✔ [11488/12392] Built SierksmaLean.Theorems.Thm_Sierksma_FB_cAS_181 (7.3s)
✔ [11489/12392] Built SierksmaLean.Proofs.Proof_Sierksma_FB_cBS_1 (55s)
✔ [11490/12392] Built SierksmaLean.Theorems.Thm_Sierksma_FB_cAS_205 (5.0s)
✔ [11491/12392] Built SierksmaLean.Theorems.Thm_Sierksma_FB_cAS_250 (5.4s)
✔ [11492/12392] Built SierksmaLean.Theorems.Thm_Sierksma_FB_cAS_216 (5.4s)
✔ [11493/12392] Built SierksmaLean.Theorems.Thm_Sierksma_FB_cAS_204 (6.3s)
✔ [11494/12392] Built SierksmaLean.Theorems.Thm_Sierksma_FB_cAS_253 (5.1s)
✔ [11495/12392] Built SierksmaLean.Theorems.Thm_Sierksma_FB_cAS_248 (5.5s)
✔ [11496/12392] Built SierksmaLean.Theorems.Thm_Sierksma_FB_cAS_249 (4.4s)
✔ [11497/12392] Built SierksmaLean.Theorems.Thm_Sierksma_FB_cAS_243 (5.2s)
✔ [11498/12392] Built SierksmaLean.Theorems.Thm_Sierksma_FB_cAS_234 (5.1s)
✔ [11499/12392] Built SierksmaLean.Theorems.Thm_Sierksma_FB_cAS_230 (5.2s)
✔ [11500/12392] Built SierksmaLean.Theorems.Thm_Sierksma_FB_cAS_225 (5.5s)
✔ [11501/12392] Built SierksmaLean.Theorems.Thm_Sierksma_FB_cAS_226 (5.2s)
✔ [11502/12392] Built SierksmaLean.Theorems.Thm_Sierksma_FB_cAS_227 (5.2s)
✔ [11503/12392] Built SierksmaLean.Theorems.Thm_Sierksma_FB_cAS_212 (5.2s)
✔ [11504/12392] Built SierksmaLean.Theorems.Thm_Sierksma_FB_cAS_219 (5.6s)
✔ [11505/12392] Built SierksmaLean.Theorems.Thm_Sierksma_FB_cAS_220 (5.7s)
✔ [11506/12392] Built SierksmaLean.Theorems.Thm_Sierksma_FB_cAS_221 (5.6s)
✔ [11507/12392] Built SierksmaLean.Theorems.Thm_Sierksma_FB_cAS_217 (5.5s)
✔ [11508/12392] Built SierksmaLean.Theorems.Thm_Sierksma_FB_cAS_210 (5.5s)
✔ [11509/12392] Built SierksmaLean.Theorems.Thm_Sierksma_FB_cAS_207 (5.6s)
✔ [11510/12392] Built SierksmaLean.Theorems.Thm_Sierksma_FB_cAS_215 (5.0s)
✔ [11511/12392] Built SierksmaLean.Theorems.Thm_Sierksma_FB_cAS_168 (7.1s)
✔ [11512/12392] Built SierksmaLean.Theorems.Thm_Sierksma_FB_cAS_228 (6.7s)
✔ [11513/12392] Built SierksmaLean.Theorems.Thm_Sierksma_FB_cAS_252 (6.2s)
✔ [11514/12392] Built SierksmaLean.Theorems.Thm_Sierksma_FB_cAS_245 (5.0s)
✔ [11515/12392] Built SierksmaLean.Theorems.Thm_Sierksma_FB_cAS_246 (5.3s)
✔ [11516/12392] Built SierksmaLean.Theorems.Thm_Sierksma_FB_cAS_241 (5.9s)
✔ [11517/12392] Built SierksmaLean.Theorems.Thm_Sierksma_FB_cAS_240 (6.0s)
✔ [11518/12392] Built SierksmaLean.Theorems.Thm_Sierksma_FB_cAS_238 (5.2s)
✔ [11519/12392] Built SierksmaLean.Theorems.Thm_Sierksma_FB_cAS_236 (5.2s)
✔ [11520/12392] Built SierksmaLean.Theorems.Thm_Sierksma_FB_cAS_233 (5.0s)
✔ [11521/12392] Built SierksmaLean.Theorems.Thm_Sierksma_FB_cAS_232 (6.4s)
✔ [11522/12392] Built SierksmaLean.Theorems.Thm_Sierksma_FB_cAS_229 (6.7s)
✔ [11523/12392] Built SierksmaLean.Theorems.Thm_Sierksma_FB_cAS_269 (5.6s)
✔ [11524/12392] Built SierksmaLean.Theorems.Thm_Sierksma_FB_cAS_247 (5.6s)
✔ [11525/12392] Built SierksmaLean.Theorems.Thm_Sierksma_FB_cAS_242 (5.6s)
✔ [11526/12392] Built SierksmaLean.Theorems.Thm_Sierksma_FB_cAS_231 (5.6s)
✔ [11527/12392] Built SierksmaLean.Theorems.Thm_Sierksma_FB_cAS_263 (6.2s)
✔ [11528/12392] Built SierksmaLean.Theorems.Thm_Sierksma_FB_cAS_264 (6.1s)
✔ [11529/12392] Built SierksmaLean.Theorems.Thm_Sierksma_FB_cAS_262 (6.1s)
✔ [11530/12392] Built SierksmaLean.Theorems.Thm_Sierksma_FB_cAS_257 (6.2s)
✔ [11531/12392] Built SierksmaLean.Theorems.Thm_Sierksma_FB_cAS_258 (6.2s)
✔ [11532/12392] Built SierksmaLean.Theorems.Thm_Sierksma_FB_cAS_255 (6.1s)
✔ [11533/12392] Built SierksmaLean.Theorems.Thm_Sierksma_FB_cAS_222 (6.5s)
✔ [11534/12392] Built SierksmaLean.Theorems.Thm_Sierksma_FB_cAS_266 (5.7s)
✔ [11535/12392] Built SierksmaLean.Theorems.Thm_Sierksma_FB_cAS_267 (5.7s)
✔ [11536/12392] Built SierksmaLean.Theorems.Thm_Sierksma_FB_cAS_259 (6.2s)
✔ [11537/12392] Built SierksmaLean.Theorems.Thm_Sierksma_FB_cAS_239 (6.5s)
✔ [11538/12392] Built SierksmaLean.Theorems.Thm_Sierksma_FB_cAS_271 (5.3s)
✔ [11539/12392] Built SierksmaLean.Theorems.Thm_Sierksma_FB_cAS_273 (4.9s)
✔ [11540/12392] Built SierksmaLean.Theorems.Thm_Sierksma_FB_cAS_282 (5.1s)
✔ [11541/12392] Built SierksmaLean.Theorems.Thm_Sierksma_FB_cAS_283 (5.1s)
✔ [11542/12392] Built SierksmaLean.Theorems.Thm_Sierksma_FB_cAS_276 (5.1s)
✔ [11543/12392] Built SierksmaLean.Theorems.Thm_Sierksma_FB_cAS_285 (5.9s)
✔ [11544/12392] Built SierksmaLean.Theorems.Thm_Sierksma_FB_cAS_279 (5.9s)
✔ [11545/12392] Built SierksmaLean.Theorems.Thm_Sierksma_FB_cAS_268 (5.9s)
✔ [11546/12392] Built SierksmaLean.Theorems.Thm_Sierksma_FB_cAS_260 (5.9s)
✔ [11547/12392] Built SierksmaLean.Theorems.Thm_Sierksma_FB_cAS_298 (5.5s)
✔ [11548/12392] Built SierksmaLean.Theorems.Thm_Sierksma_FB_cAS_287 (5.9s)
✔ [11549/12392] Built SierksmaLean.Theorems.Thm_Sierksma_FB_cAS_284 (5.8s)
✔ [11550/12392] Built SierksmaLean.Theorems.Thm_Sierksma_FB_cAS_275 (5.0s)
✔ [11551/12392] Built SierksmaLean.Theorems.Thm_Sierksma_FB_cAS_272 (5.9s)
✔ [11552/12392] Built SierksmaLean.Theorems.Thm_Sierksma_FB_cAS_261 (7.0s)
✔ [11553/12392] Built SierksmaLean.Theorems.Thm_Sierksma_FB_cAS_303 (4.4s)
✔ [11554/12392] Built SierksmaLean.Theorems.Thm_Sierksma_FB_cAS_290 (5.7s)
✔ [11555/12392] Built SierksmaLean.Theorems.Thm_Sierksma_FB_cAS_286 (5.6s)
✔ [11556/12392] Built SierksmaLean.Theorems.Thm_Sierksma_FB_cAS_297 (4.9s)
✔ [11557/12392] Built SierksmaLean.Theorems.Thm_Sierksma_FB_cAS_299 (4.9s)
✔ [11558/12392] Built SierksmaLean.Theorems.Thm_Sierksma_FB_cAS_295 (4.9s)
✔ [11559/12392] Built SierksmaLean.Theorems.Thm_Sierksma_FB_cAS_292 (4.9s)
✔ [11560/12392] Built SierksmaLean.Theorems.Thm_Sierksma_FB_cAS_302 (5.6s)
✔ [11561/12392] Built SierksmaLean.Theorems.Thm_Sierksma_FB_cAS_291 (5.6s)
✔ [11562/12392] Built SierksmaLean.Theorems.Thm_Sierksma_FB_cAS_288 (5.6s)
✔ [11563/12392] Built SierksmaLean.Theorems.Thm_Sierksma_FB_cAS_280 (5.7s)
✔ [11564/12392] Built SierksmaLean.Theorems.Thm_Sierksma_FB_cAS_256 (7.3s)
✔ [11565/12392] Built SierksmaLean.Theorems.Thm_Sierksma_FB_cAS_274 (5.7s)
✔ [11566/12392] Built SierksmaLean.Theorems.Thm_Sierksma_FB_cAS_335 (4.4s)
✔ [11567/12392] Built SierksmaLean.Theorems.Thm_Sierksma_FB_cAS_289 (5.8s)
✔ [11568/12392] Built SierksmaLean.Theorems.Thm_Sierksma_FB_cAS_333 (4.8s)
✔ [11569/12392] Built SierksmaLean.Theorems.Thm_Sierksma_FB_cAS_334 (4.8s)
✔ [11570/12392] Built SierksmaLean.Theorems.Thm_Sierksma_FB_cAS_277 (6.3s)
✔ [11571/12392] Built SierksmaLean.Theorems.Thm_Sierksma_FB_cAS_293 (6.4s)
✔ [11572/12392] Built SierksmaLean.Theorems.Thm_Sierksma_FB_cAS_294 (6.4s)
✔ [11573/12392] Built SierksmaLean.Theorems.Thm_Sierksma_FB_cAS_281 (6.4s)
✔ [11574/12392] Built SierksmaLean.Theorems.Thm_Sierksma_FB_cAS_265 (6.4s)
✔ [11575/12392] Built SierksmaLean.Theorems.Thm_Sierksma_FB_cAS_311 (4.0s)
✔ [11576/12392] Built SierksmaLean.Theorems.Thm_Sierksma_FB_cAS_313 (4.9s)
✔ [11577/12392] Built SierksmaLean.Theorems.Thm_Sierksma_FB_cAS_343 (4.6s)
✔ [11578/12392] Built SierksmaLean.Theorems.Thm_Sierksma_FB_cAS_341 (5.2s)
✔ [11579/12392] Built SierksmaLean.Theorems.Thm_Sierksma_FB_cAS_339 (4.3s)
✔ [11580/12392] Built SierksmaLean.Theorems.Thm_Sierksma_FB_cAS_332 (5.2s)
✔ [11581/12392] Built SierksmaLean.Theorems.Thm_Sierksma_FB_cAS_326 (5.6s)
✔ [11582/12392] Built SierksmaLean.Theorems.Thm_Sierksma_FB_cAS_321 (5.6s)
✔ [11583/12392] Built SierksmaLean.Theorems.Thm_Sierksma_FB_cAS_312 (5.6s)
✔ [11584/12392] Built SierksmaLean.Theorems.Thm_Sierksma_FB_cAS_304 (5.6s)
✔ [11585/12392] Built SierksmaLean.Theorems.Thm_Sierksma_FB_cAS_278 (6.7s)
✔ [11586/12392] Built SierksmaLean.Theorems.Thm_Sierksma_FB_cAS_296 (6.7s)
✔ [11587/12392] Built SierksmaLean.Theorems.Thm_Sierksma_FB_cAS_270 (6.2s)
✔ [11588/12392] Built SierksmaLean.Theorems.Thm_Sierksma_FB_cAS_346 (5.1s)
✔ [11589/12392] Built SierksmaLean.Theorems.Thm_Sierksma_FB_cAS_342 (5.1s)
✔ [11590/12392] Built SierksmaLean.Theorems.Thm_Sierksma_FB_cAS_320 (5.1s)
✔ [11591/12392] Built SierksmaLean.Theorems.Thm_Sierksma_FB_cAS_317 (5.1s)
✔ [11592/12392] Built SierksmaLean.Theorems.Thm_Sierksma_FB_cAS_310 (5.5s)
✔ [11593/12392] Built SierksmaLean.Theorems.Thm_Sierksma_FB_cAS_305 (6.4s)
✔ [11594/12392] Built SierksmaLean.Theorems.Thm_Sierksma_FB_cAS_307 (6.0s)
✔ [11595/12392] Built SierksmaLean.Theorems.Thm_Sierksma_FB_cAS_325 (5.3s)
✔ [11596/12392] Built SierksmaLean.Theorems.Thm_Sierksma_FB_cAS_354 (5.4s)
✔ [11597/12392] Built SierksmaLean.Theorems.Thm_Sierksma_FB_cAS_352 (4.6s)
✔ [11598/12392] Built SierksmaLean.Theorems.Thm_Sierksma_FB_cAS_351 (4.6s)
✔ [11599/12392] Built SierksmaLean.Theorems.Thm_Sierksma_FB_cAS_344 (4.6s)
✔ [11600/12392] Built SierksmaLean.Theorems.Thm_Sierksma_FB_cAS_338 (4.5s)
✔ [11601/12392] Built SierksmaLean.Theorems.Thm_Sierksma_FB_cAS_327 (4.6s)
✔ [11602/12392] Built SierksmaLean.Theorems.Thm_Sierksma_FB_cAS_318 (5.0s)
✔ [11603/12392] Built SierksmaLean.Theorems.Thm_Sierksma_FB_cAS_315 (5.6s)
✔ [11604/12392] Built SierksmaLean.Theorems.Thm_Sierksma_FB_cAS_314 (5.0s)
✔ [11605/12392] Built SierksmaLean.Theorems.Thm_Sierksma_FB_cAS_308 (5.0s)
✔ [11606/12392] Built SierksmaLean.Theorems.Thm_Sierksma_FB_cAS_300 (5.0s)
✔ [11607/12392] Built SierksmaLean.Theorems.Thm_Sierksma_FB_cAS_306 (5.8s)
✔ [11608/12392] Built SierksmaLean.Theorems.Thm_Sierksma_FB_cAS_348 (5.2s)
✔ [11609/12392] Built SierksmaLean.Theorems.Thm_Sierksma_FB_cAS_349 (5.4s)
✔ [11610/12392] Built SierksmaLean.Theorems.Thm_Sierksma_FB_cAS_323 (5.5s)
✔ [11611/12392] Built SierksmaLean.Theorems.Thm_Sierksma_FB_cAS_330 (6.2s)
✔ [11612/12392] Built SierksmaLean.Theorems.Thm_Sierksma_FB_cAS_337 (4.2s)
✔ [11613/12392] Built SierksmaLean.Theorems.Thm_Sierksma_FB_cAS_360 (4.9s)
✔ [11614/12392] Built SierksmaLean.Theorems.Thm_Sierksma_FB_cAS_329 (6.3s)
✔ [11615/12392] Built SierksmaLean.Theorems.Thm_Sierksma_FB_cAS_336 (5.8s)
✔ [11616/12392] Built SierksmaLean.Theorems.Thm_Sierksma_FB_cAS_350 (6.2s)
✔ [11617/12392] Built SierksmaLean.Theorems.Thm_Sierksma_FB_cAS_359 (4.0s)
✔ [11618/12392] Built SierksmaLean.Theorems.Thm_Sierksma_FB_cAS_347 (5.7s)
✔ [11619/12392] Built SierksmaLean.Theorems.Thm_Sierksma_FB_cAS_340 (5.0s)
✔ [11620/12392] Built SierksmaLean.Theorems.Thm_Sierksma_FB_cAS_380 (5.1s)
✔ [11621/12392] Built SierksmaLean.Theorems.Thm_Sierksma_FB_cAS_357 (6.3s)
✔ [11622/12392] Built SierksmaLean.Theorems.Thm_Sierksma_FB_cAS_355 (4.9s)
✔ [11623/12392] Built SierksmaLean.Theorems.Thm_Sierksma_FB_cAS_356 (5.1s)
✔ [11624/12392] Built SierksmaLean.Theorems.Thm_Sierksma_FB_cAS_353 (4.9s)
✔ [11625/12392] Built SierksmaLean.Theorems.Thm_Sierksma_FB_cAS_319 (6.5s)
✔ [11626/12392] Built SierksmaLean.Theorems.Thm_Sierksma_FB_cAS_324 (6.4s)
✔ [11627/12392] Built SierksmaLean.Theorems.Thm_Sierksma_FB_cAS_322 (6.4s)
✔ [11628/12392] Built SierksmaLean.Theorems.Thm_Sierksma_FB_cAS_375 (5.7s)
✔ [11629/12392] Built SierksmaLean.Theorems.Thm_Sierksma_FB_cAS_309 (7.1s)
✔ [11630/12392] Built SierksmaLean.Theorems.Thm_Sierksma_FB_cAS_97 (5.9s)
✔ [11631/12392] Built SierksmaLean.Theorems.Thm_Sierksma_FB_cAS_361 (5.1s)
✔ [11632/12392] Built SierksmaLean.Theorems.Thm_Sierksma_FB_cAS_376 (5.1s)
✔ [11633/12392] Built SierksmaLean.Theorems.Thm_Sierksma_FB_cAS_362 (5.9s)
✔ [11634/12392] Built SierksmaLean.Theorems.Thm_Sierksma_FB_cAS_369 (5.9s)
✔ [11635/12392] Built SierksmaLean.Theorems.Thm_Sierksma_FB_cAS_372 (5.9s)
✔ [11636/12392] Built SierksmaLean.Theorems.Thm_Sierksma_FB_cAS_374 (5.7s)
✔ [11637/12392] Built SierksmaLean.Theorems.Thm_Sierksma_FB_cAS_373 (5.9s)
✔ [11638/12392] Built SierksmaLean.Theorems.Thm_Sierksma_FB_cAS_370 (5.7s)
✔ [11639/12392] Built SierksmaLean.Theorems.Thm_Sierksma_FB_cAS_363 (5.9s)
✔ [11640/12392] Built SierksmaLean.Theorems.Thm_Sierksma_FB_cAS_364 (6.1s)
✔ [11641/12392] Built SierksmaLean.Theorems.Thm_Sierksma_FB_cAS_358 (5.2s)
✔ [11642/12392] Built SierksmaLean.Theorems.Thm_Sierksma_FB_cAS_378 (5.4s)
✔ [11643/12392] Built SierksmaLean.Theorems.Thm_Sierksma_FB_cAS_368 (5.4s)
✔ [11644/12392] Built SierksmaLean.Theorems.Thm_Sierksma_FB_cBS_7 (6.0s)
✔ [11645/12392] Built SierksmaLean.Proofs.Proof_Sierksma_FB_normtab1 (4.0s)
✔ [11646/12392] Built SierksmaLean.Theorems.Thm_Sierksma_FB_cAS_200 (5.9s)
✔ [11647/12392] Built SierksmaLean.Theorems.Thm_Sierksma_FB_cAS_377 (5.0s)
✔ [11648/12392] Built SierksmaLean.Proofs.Proof_Sierksma_FB_normtab2 (5.9s)
✔ [11649/12392] Built SierksmaLean.Theorems.Thm_Sierksma_FB_cAS_379 (5.9s)
✔ [11650/12392] Built SierksmaLean.Theorems.Thm_Sierksma_FB_cAS_371 (6.8s)
✔ [11651/12392] Built SierksmaLean.Theorems.Thm_Sierksma_FB_cAS_365 (6.9s)
✔ [11652/12392] Built SierksmaLean.Theorems.Thm_Sierksma_FB_cAS_366 (6.7s)
✔ [11653/12392] Built SierksmaLean.Theorems.Thm_Sierksma_FB_cAS_328 (5.9s)
✔ [11654/12392] Built SierksmaLean.Theorems.Thm_Sierksma_FB_c4lo (5.1s)
✔ [11655/12392] Built SierksmaLean.Proofs.Proof_Sierksma_FB_labtab (5.2s)
✔ [11656/12392] Built SierksmaLean.Theorems.Thm_Sierksma_FB_cAS_105 (5.2s)
✔ [11657/12392] Built SierksmaLean.Theorems.Thm_Sierksma_FB_cAS_251 (6.0s)
✔ [11658/12392] Built SierksmaLean.Theorems.Thm_Sierksma_FB_cAS_254 (6.9s)
✔ [11659/12392] Built SierksmaLean.Theorems.Thm_Sierksma_FB_cAS_367 (6.1s)
✔ [11660/12392] Built SierksmaLean.Theorems.Thm_Sierksma_FB_cBS_21 (5.2s)
✔ [11661/12392] Built SierksmaLean.Theorems.Thm_Sierksma_FB_cBS_17 (5.4s)
✔ [11662/12392] Built SierksmaLean.Theorems.Thm_Sierksma_FB_enormtab (5.2s)
✔ [11663/12392] Built SierksmaLean.Theorems.Thm_Sierksma_FB_cBS_19 (6.2s)
✔ [11664/12392] Built SierksmaLean.Theorems.Thm_Sierksma_FB_cBS_16 (6.3s)
✔ [11665/12392] Built SierksmaLean.Theorems.Thm_Sierksma_FB_cBS_13 (6.4s)
✔ [11666/12392] Built SierksmaLean.Theorems.Thm_Sierksma_FB_cBS_6 (6.4s)
✔ [11667/12392] Built SierksmaLean.Theorems.Thm_Sierksma_FB_cAS_126 (6.4s)
✔ [11668/12392] Built SierksmaLean.Theorems.Thm_Sierksma_FB_cAS_202 (6.0s)
✔ [11669/12392] Built SierksmaLean.Theorems.Thm_Sierksma_FB_cBS_20 (5.5s)
✔ [11670/12392] Built SierksmaLean.Theorems.Thm_Sierksma_FB_cBS_4 (6.5s)
✔ [11671/12392] Built SierksmaLean.Theorems.Thm_Sierksma_FB_cAS_0 (6.0s)
✔ [11672/12392] Built SierksmaLean.Theorems.Thm_Sierksma_FB_cAS_170 (6.0s)
✔ [11673/12392] Built SierksmaLean.Theorems.Thm_Sierksma_FB_cAS_331 (6.0s)
✔ [11674/12392] Built SierksmaLean.Theorems.Thm_Sierksma_FB_cBS_14 (4.0s)
✔ [11675/12392] Built SierksmaLean.Theorems.Thm_Sierksma_FB_cBS_26 (4.9s)
✔ [11676/12392] Built SierksmaLean.Theorems.Thm_Sierksma_FB_cBS_30 (4.9s)
✔ [11677/12392] Built SierksmaLean.Theorems.Thm_Sierksma_FB_cBS_36 (5.8s)
✔ [11678/12392] Built SierksmaLean.Theorems.Thm_Sierksma_FB_cBS_23 (4.0s)
✔ [11679/12392] Built SierksmaLean.Theorems.Thm_Sierksma_FB_cBS_24 (5.5s)
✔ [11680/12392] Built SierksmaLean.Theorems.Thm_Sierksma_FB_cBS_22 (6.0s)
✔ [11681/12392] Built SierksmaLean.Theorems.Thm_Sierksma_FB_cAS_22 (5.2s)
✔ [11682/12392] Built SierksmaLean.Theorems.Thm_Sierksma_FB_cAS_223 (5.2s)
✔ [11683/12392] Built SierksmaLean.Theorems.Thm_Sierksma_FB_cBS_28 (5.2s)
✔ [11684/12392] Built SierksmaLean.Theorems.Thm_Sierksma_FB_cBS_35 (5.2s)
✔ [11685/12392] Built SierksmaLean.Theorems.Thm_Sierksma_FB_cBS_18 (6.2s)
✔ [11686/12392] Built SierksmaLean.Theorems.Thm_Sierksma_FB_cAS_133 (6.8s)
✔ [11687/12392] Built SierksmaLean.Theorems.Thm_Sierksma_FB_cAS_140 (6.9s)
✔ [11688/12392] Built SierksmaLean.Theorems.Thm_Sierksma_FB_cAS_316 (6.9s)
✔ [11689/12392] Built SierksmaLean.Theorems.Thm_Sierksma_FB_cAS_345 (5.3s)
✔ [11690/12392] Built SierksmaLean.Theorems.Thm_Sierksma_FB_cBS_5 (5.3s)
✔ [11691/12392] Built SierksmaLean.Theorems.Thm_Sierksma_FB_cBS_8 (5.3s)
✔ [11692/12392] Built SierksmaLean.Theorems.Thm_Sierksma_FB_cBS_15 (5.7s)
✔ [11693/12392] Built SierksmaLean.Theorems.Thm_Sierksma_FB_cBS_25 (5.3s)
✔ [11694/12392] Built SierksmaLean.Theorems.Thm_Sierksma_FB_cBS_27 (5.3s)
✔ [11695/12392] Built SierksmaLean.Theorems.Thm_Sierksma_FB_cBS_29 (6.2s)
✔ [11696/12392] Built SierksmaLean.Theorems.Thm_Sierksma_FB_cBS_31 (5.3s)
✔ [11697/12392] Built SierksmaLean.Theorems.Thm_Sierksma_FB_cBS_32 (6.3s)
✔ [11698/12392] Built SierksmaLean.Theorems.Thm_Sierksma_FB_cBS_33 (6.2s)
✔ [11699/12392] Built SierksmaLean.Theorems.Thm_Sierksma_FB_cBS_34 (5.3s)
✔ [11700/12392] Built SierksmaLean.Theorems.Thm_Sierksma_generic_witness_sign (5.3s)
✔ [11701/12392] Built SierksmaLean.Theorems.Thm_Sierksma_FB_cAS_301 (5.6s)
✔ [11702/12392] Built SierksmaLean.Theorems.Thm_Sierksma_generic_witness_g4_sorted (4.0s)
✔ [11703/12392] Built SierksmaLean.Proofs.Proof_Sierksma_FB_indexed_partition_spec (4.0s)
✔ [11704/12392] Built SierksmaLean.Theorems.Thm_Sierksma_FB_tab_intt (4.0s)
✔ [11705/12392] Built SierksmaLean.Theorems.Thm_Sierksma_FB_cAS_21 (6.7s)
✔ [11706/12392] Built SierksmaLean.Theorems.Thm_Sierksma_FB_cAS_61 (6.7s)
✔ [11707/12392] Built SierksmaLean.Theorems.Thm_Sierksma_FB_cBS_11 (5.9s)
✔ [11708/12392] Built SierksmaLean.Theorems.Thm_Sierksma_FB_cBS_12 (5.9s)
✔ [11709/12392] Built SierksmaLean.Theorems.Thm_Sierksma_FB_cBS_10 (6.6s)
✔ [11710/12392] Built SierksmaLean.Theorems.Thm_Sierksma_FB_cAS_54 (7.3s)
✔ [11711/12392] Built SierksmaLean.Theorems.Thm_Sierksma_FB_cAS_109 (6.8s)
✔ [11712/12392] Built SierksmaLean.Proofs.Proof_Sierksma_FB_cAS_616 (5.8s)
✔ [11713/12392] Built SierksmaLean.Theorems.Thm_Sierksma_FB_cAS_169 (6.1s)
✔ [11714/12392] Built SierksmaLean.Theorems.Thm_Sierksma_FB_cAS_34 (7.5s)
✔ [11715/12392] Built SierksmaLean.Proofs.Proof_Sierksma_FB_cAS_649 (6.3s)
✔ [11716/12392] Built SierksmaLean.Proofs.Proof_Sierksma_FB_cAS_615 (5.2s)
✔ [11717/12392] Built SierksmaLean.Proofs.Proof_Sierksma_FB_cAS_617 (4.8s)
✔ [11718/12392] Built SierksmaLean.Theorems.Thm_Sierksma_FB_cBS_3 (5.1s)
✔ [11719/12392] Built SierksmaLean.Proofs.Proof_Sierksma_FB_cAS_618 (5.8s)
✔ [11720/12392] Built SierksmaLean.Theorems.Thm_Sierksma_FB_cBS_2 (5.4s)
✔ [11721/12392] Built SierksmaLean.Proofs.Proof_Sierksma_ModelFacet_all (7.8s)
✔ [11722/12392] Built SierksmaLean.Proofs.Proof_Sierksma_FB_cAS_611 (5.7s)
✔ [11723/12392] Built SierksmaLean.Proofs.Proof_Sierksma_FB_cAS_612 (5.7s)
✔ [11724/12392] Built SierksmaLean.Proofs.Proof_Sierksma_FB_cAS_613 (5.9s)
✔ [11725/12392] Built SierksmaLean.Proofs.Proof_Sierksma_FB_cAS_607 (4.7s)
✔ [11726/12392] Built SierksmaLean.Proofs.Proof_Sierksma_FB_cAS_608 (4.7s)
✔ [11727/12392] Built SierksmaLean.Proofs.Proof_Sierksma_FB_cAS_614 (5.5s)
✔ [11728/12392] Built SierksmaLean.Proofs.Proof_Sierksma_FB_cAS_619 (5.2s)
✔ [11729/12392] Built SierksmaLean.Theorems.Thm_Sierksma_FB_cBS_9 (4.1s)
⚠ [11730/12392] Built SierksmaLean.Proofs.Proof_Sierksma_FB_covOf_spec (11s)
warning: SierksmaLean/Proofs/Proof_Sierksma_FB_covOf_spec.lean:292:12: `push_neg` has been deprecated. Prefer using `push Not` instead.
If you'd rather continue using `push_neg` in your project, you can implement it as follows:
```
open Lean.Parser.Tactic in
macro "push_neg" cfg:optConfig loc:(location)? : tactic =>
  `(tactic| push $cfg:optConfig Not $[$loc]?)
```
warning: SierksmaLean/Proofs/Proof_Sierksma_FB_covOf_spec.lean:209:10: This simp argument is unused:
  if_pos rfl

Hint: Omit it from the simp argument list.
  [apply] simp [constraintOf, hgm, hgc, hrec0, hrec1, hrec2, hrec3, c, ht0, ht1, ht2, ht3, t,
    if_neg (hneq 1 0 (by decide)), if_neg (hneq 2 0 (by decide)), if_neg (hneq 2 1 (by decide)),
    if_neg (hneq 3 0 (by decide)), if_neg (hneq 3 1 (by decide)), if_neg (hneq 3 2 (by decide)), ZMod.natCast_zmod_val]

Note: This linter can be disabled with `set_option linter.unusedSimpArgs false`
warning: SierksmaLean/Proofs/Proof_Sierksma_FB_covOf_spec.lean:211:72: This simp argument is unused:
  ZMod.natCast_zmod_val

Hint: Omit it from the simp argument list.
  [apply] simp [constraintOf, hgm, hgc, hrec0, hrec1, hrec2, hrec3, c, ht0, ht1, ht2, ht3, t, if_pos rfl,
    if_neg (hneq 1 0 (by decide)), if_neg (hneq 2 0 (by decide)), if_neg (hneq 2 1 (by decide)),
    if_neg (hneq 3 0 (by decide)), if_neg (hneq 3 1 (by decide)), if_neg (hneq 3 2 (by decide))]

Note: This linter can be disabled with `set_option linter.unusedSimpArgs false`
warning: SierksmaLean/Proofs/Proof_Sierksma_FB_covOf_spec.lean:66:84: this tactic is never executed

Note: This linter can be disabled with `set_option linter.unreachableTactic false`
warning: SierksmaLean/Proofs/Proof_Sierksma_FB_covOf_spec.lean:66:84: Unused tactic linter: `assumption` does nothing

Note: This linter can be disabled with `set_option linter.unusedTactic false`
✔ [11731/12392] Built SierksmaLean.Proofs.Proof_Sierksma_FB_cAS_569 (6.5s)
✔ [11732/12392] Built SierksmaLean.Proofs.Proof_Sierksma_FB_cAS_631 (10s)
✔ [11733/12392] Built SierksmaLean.Proofs.Proof_Sierksma_FB_cAS_609 (9.6s)
✔ [11734/12392] Built SierksmaLean.Proofs.Proof_Sierksma_FB_cAS_656 (13s)
✔ [11735/12392] Built SierksmaLean.Proofs.Proof_Sierksma_FB_cAS_634 (13s)
✔ [11736/12392] Built SierksmaLean.Proofs.Proof_Sierksma_FB_cAS_562 (9.4s)
✔ [11737/12392] Built SierksmaLean.Proofs.Proof_Sierksma_FB_cAS_570 (10s)
✔ [11738/12392] Built SierksmaLean.Proofs.Proof_Sierksma_FB_cBS_0 (85s)
✔ [11739/12392] Built SierksmaLean.Proofs.Proof_Sierksma_FB_cAS_636 (15s)
✔ [11740/12392] Built SierksmaLean.Proofs.Proof_Sierksma_FB_cAS_633 (16s)
✔ [11741/12392] Built SierksmaLean.Proofs.Proof_Sierksma_FB_cAS_546 (10s)
✔ [11742/12392] Built SierksmaLean.Proofs.Proof_Sierksma_FB_cAS_665 (17s)
✔ [11743/12392] Built SierksmaLean.Proofs.Proof_Sierksma_FB_cAS_630 (16s)
✔ [11744/12392] Built SierksmaLean.Proofs.Proof_Sierksma_FB_cAS_662 (18s)
✔ [11745/12392] Built SierksmaLean.Proofs.Proof_Sierksma_FB_cAS_556 (13s)
✔ [11746/12392] Built SierksmaLean.Proofs.Proof_Sierksma_FB_cAS_595 (15s)
✔ [11747/12392] Built SierksmaLean.Proofs.Proof_Sierksma_FB_cAS_561 (13s)
✔ [11748/12392] Built SierksmaLean.Proofs.Proof_Sierksma_FB_cAS_555 (12s)
✔ [11749/12392] Built SierksmaLean.Proofs.Proof_Sierksma_FB_cAS_574 (14s)
✔ [11750/12392] Built SierksmaLean.Proofs.Proof_Sierksma_FB_cAS_578 (12s)
✔ [11751/12392] Built SierksmaLean.Proofs.Proof_Sierksma_FB_cAS_575 (15s)
✔ [11752/12392] Built SierksmaLean.Proofs.Proof_Sierksma_FB_cAS_581 (15s)
✔ [11753/12392] Built SierksmaLean.Proofs.Proof_Sierksma_FB_cAS_594 (15s)
✔ [11754/12392] Built SierksmaLean.Proofs.Proof_Sierksma_FB_cAS_526 (9.9s)
✔ [11755/12392] Built SierksmaLean.Proofs.Proof_Sierksma_FB_cAS_587 (18s)
✔ [11756/12392] Built SierksmaLean.Proofs.Proof_Sierksma_FB_cAS_588 (18s)
✔ [11757/12392] Built SierksmaLean.Proofs.Proof_Sierksma_FB_cAS_597 (19s)
✔ [11758/12392] Built SierksmaLean.Proofs.Proof_Sierksma_FB_cAS_590 (19s)
✔ [11759/12392] Built SierksmaLean.Proofs.Proof_Sierksma_FB_cAS_660 (22s)
✔ [11760/12392] Built SierksmaLean.Proofs.Proof_Sierksma_FB_cAS_566 (17s)
✔ [11761/12392] Built SierksmaLean.Proofs.Proof_Sierksma_FB_cAS_601 (18s)
✔ [11762/12392] Built SierksmaLean.Theorems.Thm_Sierksma_FB_cBS_1 (3.9s)
✔ [11763/12392] Built SierksmaLean.Proofs.Proof_Sierksma_FB_cAS_557 (17s)
✔ [11764/12392] Built SierksmaLean.Proofs.Proof_Sierksma_FB_cAS_584 (22s)
✔ [11765/12392] Built SierksmaLean.Proofs.Proof_Sierksma_FB_cAS_600 (23s)
✔ [11766/12392] Built SierksmaLean.Proofs.Proof_Sierksma_FB_cAS_521 (14s)
✔ [11767/12392] Built SierksmaLean.Proofs.Proof_Sierksma_FB_cAS_598 (23s)
✔ [11768/12392] Built SierksmaLean.Proofs.Proof_Sierksma_FB_cAS_525 (15s)
✔ [11769/12392] Built SierksmaLean.Proofs.Proof_Sierksma_FB_cAS_534 (13s)
✔ [11770/12392] Built SierksmaLean.Proofs.Proof_Sierksma_FB_cAS_591 (24s)
✔ [11771/12392] Built SierksmaLean.Proofs.Proof_Sierksma_FB_cAS_624 (27s)
✔ [11772/12392] Built SierksmaLean.Proofs.Proof_Sierksma_FB_cAS_639 (27s)
✔ [11773/12392] Built SierksmaLean.Proofs.Proof_Sierksma_FB_cAS_654 (29s)
✔ [11774/12392] Built SierksmaLean.Proofs.Proof_Sierksma_FB_cAS_518 (13s)
✔ [11775/12392] Built SierksmaLean.Proofs.Proof_Sierksma_FB_cAS_528 (20s)
✔ [11776/12392] Built SierksmaLean.Proofs.Proof_Sierksma_FB_cAS_523 (16s)
✔ [11777/12392] Built SierksmaLean.Proofs.Proof_Sierksma_FB_cAS_646 (31s)
✔ [11778/12392] Built SierksmaLean.Proofs.Proof_Sierksma_FB_cAS_519 (13s)
✔ [11779/12392] Built SierksmaLean.Proofs.Proof_Sierksma_FB_cAS_481 (9.1s)
✔ [11780/12392] Built SierksmaLean.Proofs.Proof_Sierksma_FB_cAS_629 (32s)
✔ [11781/12392] Built SierksmaLean.Proofs.Proof_Sierksma_FB_cAS_492 (10s)
✔ [11782/12392] Built SierksmaLean.Proofs.Proof_Sierksma_FB_cAS_643 (34s)
✔ [11783/12392] Built SierksmaLean.Proofs.Proof_Sierksma_FB_cAS_637 (33s)
✔ [11784/12392] Built SierksmaLean.Proofs.Proof_Sierksma_FB_cAS_604 (31s)
✔ [11785/12392] Built SierksmaLean.Proofs.Proof_Sierksma_FB_cAS_497 (13s)
✔ [11786/12392] Built SierksmaLean.Proofs.Proof_Sierksma_FB_cAS_504 (15s)
✔ [11787/12392] Built SierksmaLean.Proofs.Proof_Sierksma_FB_cAS_488 (10s)
✔ [11788/12392] Built SierksmaLean.Proofs.Proof_Sierksma_FB_cAS_486 (10s)
✔ [11789/12392] Built SierksmaLean.Proofs.Proof_Sierksma_FB_cAS_499 (15s)
✔ [11790/12392] Built SierksmaLean.Proofs.Proof_Sierksma_FB_cAS_553 (30s)
✔ [11791/12392] Built SierksmaLean.Proofs.Proof_Sierksma_FB_cAS_664 (38s)
✔ [11792/12392] Built SierksmaLean.Proofs.Proof_Sierksma_FB_cAS_479 (11s)
✔ [11793/12392] Built SierksmaLean.Proofs.Proof_Sierksma_FB_cAS_487 (10s)
✔ [11794/12392] Built SierksmaLean.Proofs.Proof_Sierksma_FB_cAS_551 (32s)
✔ [11795/12392] Built SierksmaLean.Proofs.Proof_Sierksma_FB_cAS_531 (21s)
✔ [11796/12392] Built SierksmaLean.Proofs.Proof_Sierksma_FB_cAS_478 (12s)
✔ [11797/12392] Built SierksmaLean.Proofs.Proof_Sierksma_FB_cAS_529 (21s)
✔ [11798/12392] Built SierksmaLean.Proofs.Proof_Sierksma_FB_cAS_471 (12s)
✔ [11799/12392] Built SierksmaLean.Proofs.Proof_Sierksma_FB_cAS_466 (13s)
✔ [11800/12392] Built SierksmaLean.Proofs.Proof_Sierksma_FB_cAS_460 (9.2s)
✔ [11801/12392] Built SierksmaLean.Proofs.Proof_Sierksma_FB_cAS_470 (11s)
✔ [11802/12392] Built SierksmaLean.Proofs.Proof_Sierksma_FB_cAS_462 (9.9s)
✔ [11803/12392] Built SierksmaLean.Proofs.Proof_Sierksma_FB_cAS_463 (11s)
✔ [11804/12392] Built SierksmaLean.Proofs.Proof_Sierksma_FB_cAS_513 (24s)
✔ [11805/12392] Built SierksmaLean.Proofs.Proof_Sierksma_FB_cAS_603 (40s)
✔ [11806/12392] Built SierksmaLean.Proofs.Proof_Sierksma_FB_cAS_409 (4.2s)
✔ [11807/12392] Built SierksmaLean.Proofs.Proof_Sierksma_FB_cAS_438 (8.2s)
✔ [11808/12392] Built SierksmaLean.Proofs.Proof_Sierksma_FB_cAS_550 (31s)
✔ [11809/12392] Built SierksmaLean.Proofs.Proof_Sierksma_FB_cAS_467 (13s)
✔ [11810/12392] Built SierksmaLean.Proofs.Proof_Sierksma_FB_cAS_449 (13s)
✔ [11811/12392] Built SierksmaLean.Proofs.Proof_Sierksma_FB_cAS_482 (16s)
✔ [11812/12392] Built SierksmaLean.Proofs.Proof_Sierksma_FB_cAS_448 (13s)
✔ [11813/12392] Built SierksmaLean.Proofs.Proof_Sierksma_FB_cAS_450 (14s)
✔ [11814/12392] Built SierksmaLean.Proofs.Proof_Sierksma_FB_cAS_657 (49s)
✔ [11815/12392] Built SierksmaLean.Proofs.Proof_Sierksma_FB_cAS_405 (3.0s)
✔ [11816/12392] Built SierksmaLean.Proofs.Proof_Sierksma_FB_cAS_558 (44s)
✔ [11817/12392] Built SierksmaLean.Proofs.Proof_Sierksma_FB_cAS_445 (14s)
✔ [11818/12392] Built SierksmaLean.Proofs.Proof_Sierksma_FB_cAS_444 (15s)
✔ [11819/12392] Built SierksmaLean.Proofs.Proof_Sierksma_FB_cAS_429 (9.5s)
✔ [11820/12392] Built SierksmaLean.Proofs.Proof_Sierksma_FB_cAS_402 (3.9s)
✔ [11821/12392] Built SierksmaLean.Proofs.Proof_Sierksma_FB_cAS_453 (18s)
✔ [11822/12392] Built SierksmaLean.Proofs.Proof_Sierksma_FB_cAS_659 (54s)
✔ [11823/12392] Built SierksmaLean.Proofs.Proof_Sierksma_FB_cAS_485 (22s)
✔ [11824/12392] Built SierksmaLean.Proofs.Proof_Sierksma_FB_cAS_667 (56s)
✔ [11825/12392] Built SierksmaLean.Proofs.Proof_Sierksma_FB_cAS_428 (12s)
✔ [11826/12392] Built SierksmaLean.Proofs.Proof_Sierksma_FB_cAS_407 (3.9s)
✔ [11827/12392] Built SierksmaLean.Proofs.Proof_Sierksma_FB_cAS_406 (3.9s)
✔ [11828/12392] Built SierksmaLean.Proofs.Proof_Sierksma_FB_cAS_483 (26s)
✔ [11829/12392] Built SierksmaLean.Proofs.Proof_Sierksma_FB_cAS_401 (3.0s)
✔ [11830/12392] Built SierksmaLean.Proofs.Proof_Sierksma_FB_cAS_400 (4.1s)
✔ [11831/12392] Built SierksmaLean.Proofs.Proof_Sierksma_FB_cAS_421 (14s)
✔ [11832/12392] Built SierksmaLean.Proofs.Proof_Sierksma_FB_cAS_491 (32s)
✔ [11833/12392] Built SierksmaLean.Proofs.Proof_Sierksma_FB_cAS_456 (19s)
✔ [11834/12392] Built SierksmaLean.Proofs.Proof_Sierksma_FB_cAS_447 (23s)
✔ [11835/12392] Built SierksmaLean.Proofs.Proof_Sierksma_FB_cAS_511 (40s)
✔ [11836/12392] Built SierksmaLean.Proofs.Proof_Sierksma_FB_cAS_536 (43s)
✔ [11837/12392] Built SierksmaLean.Proofs.Proof_Sierksma_FB_cAS_396 (4.1s)
✔ [11838/12392] Built SierksmaLean.Theorems.Thm_Sierksma_FB_normtab1 (3.5s)
✔ [11839/12392] Built SierksmaLean.Proofs.Proof_Sierksma_FB_cAS_496 (33s)
✔ [11840/12392] Built SierksmaLean.Proofs.Proof_Sierksma_FB_cAS_507 (43s)
✔ [11841/12392] Built SierksmaLean.Proofs.Proof_Sierksma_FB_sep_profile (3.6s)
✔ [11842/12392] Built SierksmaLean.Proofs.Proof_Sierksma_FB_cAS_452 (24s)
✔ [11843/12392] Built SierksmaLean.Proofs.Proof_Sierksma_FB_cAS_382 (5.1s)
✔ [11844/12392] Built SierksmaLean.Proofs.Proof_Sierksma_FB_cAS_424 (17s)
✔ [11845/12392] Built SierksmaLean.Proofs.Proof_Sierksma_FB_cAS_437 (16s)
✔ [11846/12392] Built SierksmaLean.Proofs.Proof_Sierksma_FB_cAS_500 (42s)
✔ [11847/12392] Built SierksmaLean.Theorems.Thm_Sierksma_FB_normtab2 (3.6s)
✔ [11848/12392] Built SierksmaLean.Proofs.Proof_Sierksma_FB_cAS_381 (5.8s)
✔ [11849/12392] Built SierksmaLean.Proofs.Proof_Sierksma_FB_cAS_398 (11s)
✔ [11850/12392] Built SierksmaLean.Proofs.Proof_Sierksma_FB_cAS_457 (29s)
✔ [11851/12392] Built SierksmaLean.Proofs.Proof_Sierksma_FB_cAS_506 (44s)
✔ [11852/12392] Built SierksmaLean.Proofs.Proof_Sierksma_FB_cAS_397 (7.7s)
✔ [11853/12392] Built SierksmaLean.Theorems.Thm_Sierksma_FB_labtab (3.5s)
✔ [11854/12392] Built SierksmaLean.Proofs.Proof_Sierksma_FB_cAS_384 (12s)
✔ [11855/12392] Built SierksmaLean.Proofs.Proof_Sierksma_FB_cAS_454 (25s)
✔ [11856/12392] Built SierksmaLean.Proofs.Proof_Sierksma_FB_cAS_432 (19s)
✔ [11857/12392] Built SierksmaLean.Proofs.Proof_Sierksma_FB_cAS_459 (28s)
✔ [11858/12392] Built SierksmaLean.Proofs.Proof_Sierksma_FB_cAS_670 (69s)
✔ [11859/12392] Built SierksmaLean.Proofs.Proof_Sierksma_FB_cAS_537 (53s)
✔ [11860/12392] Built SierksmaLean.Proofs.Proof_Sierksma_FB_cAS_542 (57s)
✔ [11861/12392] Built SierksmaLean.Proofs.Proof_Sierksma_FB_cAS_431 (23s)
✔ [11862/12392] Built SierksmaLean.Proofs.Proof_Sierksma_FB_cAS_668 (70s)
✔ [11863/12392] Built SierksmaLean.Proofs.Proof_Sierksma_FB_cAS_548 (57s)
✔ [11864/12392] Built SierksmaLean.Proofs.Proof_Sierksma_FB_cAS_387 (15s)
✔ [11865/12392] Built SierksmaLean.Proofs.Proof_Sierksma_FB_cAS_410 (6.6s)
✔ [11866/12392] Built SierksmaLean.Proofs.Proof_Sierksma_FB_cAS_417 (18s)
✔ [11867/12392] Built SierksmaLean.Proofs.Proof_Sierksma_FB_cAS_416 (27s)
✔ [11868/12392] Built SierksmaLean.Proofs.Proof_Sierksma_FB_cAS_539 (56s)
✔ [11869/12392] Built SierksmaLean.Proofs.Proof_Sierksma_FB_cAS_650 (6.2s)
✔ [11870/12392] Built SierksmaLean.Proofs.Proof_Sierksma_FB_cAS_490 (44s)
✔ [11871/12392] Built SierksmaLean.Proofs.Proof_Sierksma_FB_cAS_533 (56s)
⚠ [11872/12392] Built SierksmaLean.Theorems.Thm_Sierksma_FB_indexed_partition_spec (3.6s)
warning: SierksmaLean/Theorems/Thm_Sierksma_FB_indexed_partition_spec.lean:6:15: Variable name `hi` is not explicitly referenced.

Hint: The binding can be removed (if unused) or named `_` (if used implicitly). Alternatively, prefix the name with `_` to silence this warning:
  [apply] _hi

Note: This linter can be disabled with `set_option linter.unusedVariables false`
✔ [11873/12392] Built SierksmaLean.Proofs.Proof_Sierksma_FB_cAS_443 (33s)
✔ [11874/12392] Built SierksmaLean.Proofs.Proof_Sierksma_generic_witness_g4 (3.7s)
✔ [11875/12392] Built SierksmaLean.Proofs.Proof_Sierksma_FB_cAS_510 (55s)
✔ [11876/12392] Built SierksmaLean.Proofs.Proof_Sierksma_FB_cAS_501 (53s)
✔ [11877/12392] Built SierksmaLean.Proofs.Proof_Sierksma_FB_cAS_389 (12s)
✔ [11878/12392] Built SierksmaLean.Theorems.Thm_Sierksma_FB_cAS_616 (3.7s)
✔ [11879/12392] Built SierksmaLean.Theorems.Thm_Sierksma_FB_cAS_649 (3.6s)
✔ [11880/12392] Built SierksmaLean.Theorems.Thm_Sierksma_FB_cAS_617 (3.7s)
✔ [11881/12392] Built SierksmaLean.Theorems.Thm_Sierksma_FB_cAS_615 (3.8s)
✔ [11882/12392] Built SierksmaLean.Theorems.Thm_Sierksma_FB_cAS_618 (3.7s)
✔ [11883/12392] Built SierksmaLean.Proofs.Proof_Sierksma_FB_cAS_508 (56s)
✔ [11884/12392] Built SierksmaLean.Proofs.Proof_Sierksma_FB_cAS_540 (59s)
✔ [11885/12392] Built SierksmaLean.Proofs.Proof_Sierksma_FB_cAS_441 (33s)
✔ [11886/12392] Built SierksmaLean.Proofs.Proof_Sierksma_FB_cAS_403 (8.6s)
✔ [11887/12392] Built SierksmaLean.Theorems.Thm_Sierksma_FB_cAS_611 (3.7s)
✔ [11888/12392] Built SierksmaLean.Theorems.Thm_Sierksma_ModelFacet_all (3.6s)
✔ [11889/12392] Built SierksmaLean.Proofs.Proof_Sierksma_FB_cAS_390 (14s)
✔ [11890/12392] Built SierksmaLean.Theorems.Thm_Sierksma_FB_cAS_612 (3.4s)
✔ [11891/12392] Built SierksmaLean.Theorems.Thm_Sierksma_FB_cAS_607 (3.6s)
✔ [11892/12392] Built SierksmaLean.Theorems.Thm_Sierksma_FB_cAS_613 (3.6s)
✔ [11893/12392] Built SierksmaLean.Proofs.Proof_Sierksma_FB_cAS_393 (22s)
✔ [11894/12392] Built SierksmaLean.Theorems.Thm_Sierksma_FB_cAS_608 (3.5s)
✔ [11895/12392] Built SierksmaLean.Theorems.Thm_Sierksma_FB_cAS_619 (3.4s)
✔ [11896/12392] Built SierksmaLean.Theorems.Thm_Sierksma_FB_cAS_614 (3.6s)
✔ [11897/12392] Built SierksmaLean.Theorems.Thm_Sierksma_FB_covOf_spec (3.8s)
✔ [11898/12392] Built SierksmaLean.Theorems.Thm_Sierksma_FB_cAS_569 (3.6s)
✔ [11899/12392] Built SierksmaLean.Theorems.Thm_Sierksma_FB_cAS_609 (3.4s)
✔ [11900/12392] Built SierksmaLean.Theorems.Thm_Sierksma_FB_cAS_631 (3.6s)
✔ [11901/12392] Built SierksmaLean.Theorems.Thm_Sierksma_FB_cAS_634 (3.6s)
✔ [11902/12392] Built SierksmaLean.Theorems.Thm_Sierksma_FB_cAS_656 (3.7s)
✔ [11903/12392] Built SierksmaLean.Proofs.Proof_Sierksma_FB_cBS_38 (11s)
✔ [11904/12392] Built SierksmaLean.Proofs.Proof_Sierksma_FB_cBS_39 (15s)
✔ [11905/12392] Built SierksmaLean.Proofs.Proof_Sierksma_FB_cAS_383 (22s)
✔ [11906/12392] Built SierksmaLean.Theorems.Thm_Sierksma_FB_cAS_570 (3.2s)
✔ [11907/12392] Built SierksmaLean.Theorems.Thm_Sierksma_FB_cAS_562 (3.7s)
✔ [11908/12392] Built SierksmaLean.Theorems.Thm_Sierksma_FB_cAS_636 (3.5s)
✔ [11909/12392] Built SierksmaLean.Proofs.Proof_Sierksma_FB_cAS_477 (17s)
✔ [11910/12392] Built SierksmaLean.Theorems.Thm_Sierksma_FB_cAS_633 (3.8s)
✔ [11911/12392] Built SierksmaLean.Theorems.Thm_Sierksma_FB_cAS_665 (3.5s)
✔ [11912/12392] Built SierksmaLean.Theorems.Thm_Sierksma_FB_cAS_546 (3.7s)
✔ [11913/12392] Built SierksmaLean.Theorems.Thm_Sierksma_FB_cBS_0 (4.5s)
✔ [11914/12392] Built SierksmaLean.Theorems.Thm_Sierksma_FB_cAS_662 (3.3s)
✔ [11915/12392] Built SierksmaLean.Theorems.Thm_Sierksma_FB_cAS_630 (3.9s)
✔ [11916/12392] Built SierksmaLean.Theorems.Thm_Sierksma_FB_cAS_556 (3.7s)
✔ [11917/12392] Built SierksmaLean.Theorems.Thm_Sierksma_FB_cAS_595 (3.5s)
✔ [11918/12392] Built SierksmaLean.Proofs.Proof_Sierksma_FB_cAS_494 (17s)
✔ [11919/12392] Built SierksmaLean.Theorems.Thm_Sierksma_FB_cAS_555 (3.5s)
✔ [11920/12392] Built SierksmaLean.Theorems.Thm_Sierksma_FB_cAS_561 (3.7s)
✔ [11921/12392] Built SierksmaLean.Theorems.Thm_Sierksma_FB_cAS_574 (3.5s)
✔ [11922/12392] Built SierksmaLean.Proofs.Proof_Sierksma_FB_cAS_503 (58s)
✔ [11923/12392] Built SierksmaLean.Theorems.Thm_Sierksma_FB_cAS_526 (3.8s)
✔ [11924/12392] Built SierksmaLean.Proofs.Proof_Sierksma_FB_cAS_573 (78s)
✔ [11925/12392] Built SierksmaLean.Theorems.Thm_Sierksma_FB_cAS_575 (3.8s)
✔ [11926/12392] Built SierksmaLean.Theorems.Thm_Sierksma_FB_cAS_578 (4.0s)
✔ [11927/12392] Built SierksmaLean.Theorems.Thm_Sierksma_FB_cAS_581 (3.7s)
✔ [11928/12392] Built SierksmaLean.Theorems.Thm_Sierksma_FB_cAS_594 (3.8s)
✔ [11929/12392] Built SierksmaLean.Theorems.Thm_Sierksma_FB_cAS_587 (4.2s)
✔ [11930/12392] Built SierksmaLean.Theorems.Thm_Sierksma_FB_cAS_588 (4.2s)
✔ [11931/12392] Built SierksmaLean.Theorems.Thm_Sierksma_FB_cAS_590 (3.4s)
✔ [11932/12392] Built SierksmaLean.Theorems.Thm_Sierksma_FB_cAS_597 (3.7s)
✔ [11933/12392] Built SierksmaLean.Theorems.Thm_Sierksma_FB_cAS_566 (3.6s)
✔ [11934/12392] Built SierksmaLean.Theorems.Thm_Sierksma_FB_cAS_660 (3.7s)
✔ [11935/12392] Built SierksmaLean.Theorems.Thm_Sierksma_FB_cAS_557 (3.7s)
✔ [11936/12392] Built SierksmaLean.Theorems.Thm_Sierksma_FB_cAS_584 (3.6s)
✔ [11937/12392] Built SierksmaLean.Theorems.Thm_Sierksma_FB_cAS_600 (3.6s)
✔ [11938/12392] Built SierksmaLean.Theorems.Thm_Sierksma_FB_cAS_601 (3.8s)
✔ [11939/12392] Built SierksmaLean.Proofs.Proof_Sierksma_FB_cAS_468 (52s)
✔ [11940/12392] Built SierksmaLean.Theorems.Thm_Sierksma_FB_cAS_521 (3.9s)
✔ [11941/12392] Built SierksmaLean.Theorems.Thm_Sierksma_FB_cAS_525 (3.5s)
✔ [11942/12392] Built SierksmaLean.Theorems.Thm_Sierksma_FB_cAS_598 (3.6s)
✔ [11943/12392] Built SierksmaLean.Proofs.Proof_Sierksma_FB_cBS_41 (19s)
✔ [11944/12392] Built SierksmaLean.Theorems.Thm_Sierksma_FB_cAS_534 (3.8s)
✔ [11945/12392] Built SierksmaLean.Theorems.Thm_Sierksma_FB_cAS_591 (3.8s)
✔ [11946/12392] Built SierksmaLean.Theorems.Thm_Sierksma_FB_cAS_639 (3.7s)
✔ [11947/12392] Built SierksmaLean.Theorems.Thm_Sierksma_FB_cAS_624 (3.7s)
✔ [11948/12392] Built SierksmaLean.Theorems.Thm_Sierksma_FB_cAS_518 (3.8s)
✔ [11949/12392] Built SierksmaLean.Theorems.Thm_Sierksma_FB_cAS_519 (3.7s)
✔ [11950/12392] Built SierksmaLean.Theorems.Thm_Sierksma_FB_cAS_523 (3.7s)
✔ [11951/12392] Built SierksmaLean.Theorems.Thm_Sierksma_FB_cAS_646 (3.7s)
✔ [11952/12392] Built SierksmaLean.Theorems.Thm_Sierksma_FB_cAS_654 (3.7s)
✔ [11953/12392] Built SierksmaLean.Theorems.Thm_Sierksma_FB_cAS_481 (3.7s)
✔ [11954/12392] Built SierksmaLean.Theorems.Thm_Sierksma_FB_cAS_528 (3.9s)
✔ [11955/12392] Built SierksmaLean.Theorems.Thm_Sierksma_FB_cAS_492 (3.8s)
✔ [11956/12392] Built SierksmaLean.Theorems.Thm_Sierksma_FB_cAS_629 (3.8s)
✔ [11957/12392] Built SierksmaLean.Theorems.Thm_Sierksma_FB_cAS_637 (3.8s)
✔ [11958/12392] Built SierksmaLean.Theorems.Thm_Sierksma_FB_cAS_643 (3.8s)
✔ [11959/12392] Built SierksmaLean.Theorems.Thm_Sierksma_FB_cAS_604 (3.3s)
✔ [11960/12392] Built SierksmaLean.Theorems.Thm_Sierksma_FB_cAS_497 (3.8s)
✔ [11961/12392] Built SierksmaLean.Theorems.Thm_Sierksma_FB_cAS_499 (3.5s)
✔ [11962/12392] Built SierksmaLean.Theorems.Thm_Sierksma_FB_cAS_504 (3.5s)
✔ [11963/12392] Built SierksmaLean.Proofs.Proof_Sierksma_FB_cBS_42 (18s)
✔ [11964/12392] Built SierksmaLean.Theorems.Thm_Sierksma_FB_cAS_488 (3.6s)
✔ [11965/12392] Built SierksmaLean.Theorems.Thm_Sierksma_FB_cAS_486 (3.8s)
✔ [11966/12392] Built SierksmaLean.Theorems.Thm_Sierksma_FB_cAS_553 (3.0s)
✔ [11967/12392] Built SierksmaLean.Theorems.Thm_Sierksma_FB_cAS_479 (3.6s)
✔ [11968/12392] Built SierksmaLean.Theorems.Thm_Sierksma_FB_cAS_487 (3.0s)
✔ [11969/12392] Built SierksmaLean.Theorems.Thm_Sierksma_FB_cAS_551 (3.9s)
✔ [11970/12392] Built SierksmaLean.Theorems.Thm_Sierksma_FB_cAS_664 (3.0s)
✔ [11971/12392] Built SierksmaLean.Theorems.Thm_Sierksma_FB_cAS_471 (3.5s)
✔ [11972/12392] Built SierksmaLean.Theorems.Thm_Sierksma_FB_cAS_478 (3.6s)
✔ [11973/12392] Built SierksmaLean.Theorems.Thm_Sierksma_FB_cAS_529 (3.6s)
✔ [11974/12392] Built SierksmaLean.Theorems.Thm_Sierksma_FB_cAS_531 (4.1s)
✔ [11975/12392] Built SierksmaLean.Theorems.Thm_Sierksma_FB_cAS_460 (3.6s)
✔ [11976/12392] Built SierksmaLean.Theorems.Thm_Sierksma_FB_cAS_462 (3.6s)
✔ [11977/12392] Built SierksmaLean.Theorems.Thm_Sierksma_FB_cAS_466 (3.8s)
✔ [11978/12392] Built SierksmaLean.Theorems.Thm_Sierksma_FB_cAS_470 (3.7s)
✔ [11979/12392] Built SierksmaLean.Theorems.Thm_Sierksma_FB_cAS_463 (3.8s)
✔ [11980/12392] Built SierksmaLean.Theorems.Thm_Sierksma_FB_cAS_513 (3.8s)
✔ [11981/12392] Built SierksmaLean.Proofs.Proof_Sierksma_FB_cAS_560 (82s)
✔ [11982/12392] Built SierksmaLean.Theorems.Thm_Sierksma_FB_cAS_438 (3.6s)
✔ [11983/12392] Built SierksmaLean.Theorems.Thm_Sierksma_FB_cAS_603 (4.2s)
✔ [11984/12392] Built SierksmaLean.Theorems.Thm_Sierksma_FB_cAS_482 (3.6s)
✔ [11985/12392] Built SierksmaLean.Theorems.Thm_Sierksma_FB_cAS_449 (3.7s)
✔ [11986/12392] Built SierksmaLean.Theorems.Thm_Sierksma_FB_cAS_467 (3.8s)
✔ [11987/12392] Built SierksmaLean.Theorems.Thm_Sierksma_FB_cAS_409 (3.9s)
✔ [11988/12392] Built SierksmaLean.Theorems.Thm_Sierksma_FB_cAS_405 (3.7s)
✔ [11989/12392] Built SierksmaLean.Theorems.Thm_Sierksma_FB_cAS_448 (3.9s)
✔ [11990/12392] Built SierksmaLean.Theorems.Thm_Sierksma_FB_cAS_450 (3.8s)
✔ [11991/12392] Built SierksmaLean.Theorems.Thm_Sierksma_FB_cAS_657 (3.7s)
✔ [11992/12392] Built SierksmaLean.Theorems.Thm_Sierksma_FB_cAS_558 (3.8s)
✔ [11993/12392] Built SierksmaLean.Theorems.Thm_Sierksma_FB_cAS_402 (3.4s)
✔ [11994/12392] Built SierksmaLean.Theorems.Thm_Sierksma_FB_cAS_444 (3.8s)
✔ [11995/12392] Built SierksmaLean.Theorems.Thm_Sierksma_FB_cAS_445 (4.1s)
✔ [11996/12392] Built SierksmaLean.Theorems.Thm_Sierksma_FB_cAS_550 (3.7s)
✔ [11997/12392] Built SierksmaLean.Proofs.Proof_Sierksma_FB_cBS_40 (27s)
✔ [11998/12392] Built SierksmaLean.Theorems.Thm_Sierksma_FB_cAS_429 (3.9s)
✔ [11999/12392] Built SierksmaLean.Theorems.Thm_Sierksma_FB_cAS_453 (3.9s)
✔ [12000/12392] Built SierksmaLean.Theorems.Thm_Sierksma_FB_cAS_485 (3.6s)
✔ [12001/12392] Built SierksmaLean.Proofs.Proof_Sierksma_FB_cAS_567 (24s)
✔ [12002/12392] Built SierksmaLean.Theorems.Thm_Sierksma_FB_cAS_667 (3.8s)
✔ [12003/12392] Built SierksmaLean.Theorems.Thm_Sierksma_FB_cAS_401 (3.7s)
✔ [12004/12392] Built SierksmaLean.Theorems.Thm_Sierksma_FB_cAS_406 (3.8s)
✔ [12005/12392] Built SierksmaLean.Theorems.Thm_Sierksma_FB_cAS_407 (4.1s)
✔ [12006/12392] Built SierksmaLean.Theorems.Thm_Sierksma_FB_cAS_428 (3.8s)
✔ [12007/12392] Built SierksmaLean.Theorems.Thm_Sierksma_FB_cAS_483 (3.8s)
✔ [12008/12392] Built SierksmaLean.Theorems.Thm_Sierksma_FB_cAS_659 (4.3s)
✔ [12009/12392] Built SierksmaLean.Proofs.Proof_Sierksma_FB_cAS_419 (40s)
✔ [12010/12392] Built SierksmaLean.Theorems.Thm_Sierksma_FB_cAS_421 (4.2s)
✔ [12011/12392] Built SierksmaLean.Theorems.Thm_Sierksma_FB_cAS_456 (4.2s)
✔ [12012/12392] Built SierksmaLean.Theorems.Thm_Sierksma_FB_cAS_491 (4.2s)
✔ [12013/12392] Built SierksmaLean.Proofs.Proof_Sierksma_FB_cBS_44 (26s)
✔ [12014/12392] Built SierksmaLean.Theorems.Thm_Sierksma_FB_cAS_496 (3.5s)
✔ [12015/12392] Built SierksmaLean.Theorems.Thm_Sierksma_FB_cAS_511 (3.9s)
✔ [12016/12392] Built SierksmaLean.Theorems.Thm_Sierksma_FB_cAS_536 (3.7s)
✔ [12017/12392] Built SierksmaLean.Theorems.Thm_Sierksma_FB_cAS_400 (4.3s)
✔ [12018/12392] Built SierksmaLean.Theorems.Thm_Sierksma_FB_cAS_447 (3.0s)
✔ [12019/12392] Built SierksmaLean.Theorems.Thm_Sierksma_FB_cAS_396 (4.0s)
✔ [12020/12392] Built SierksmaLean.Theorems.Thm_Sierksma_FB_cAS_437 (3.3s)
✔ [12021/12392] Built SierksmaLean.Theorems.Thm_Sierksma_FB_cAS_452 (3.4s)
✔ [12022/12392] Built SierksmaLean.Proofs.Proof_Sierksma_FB_cBS_45 (24s)
✔ [12023/12392] Built SierksmaLean.Proofs.Proof_Sierksma_FB_cAS_440 (53s)
✔ [12024/12392] Built SierksmaLean.Theorems.Thm_Sierksma_FB_cAS_507 (3.9s)
⚠ [12025/12392] Built SierksmaLean.Theorems.Thm_Sierksma_FB_sep_profile (3.7s)
warning: SierksmaLean/Theorems/Thm_Sierksma_FB_sep_profile.lean:6:22: Variable name `hS` is not explicitly referenced.

Hint: The binding can be removed (if unused) or named `_` (if used implicitly). Alternatively, prefix the name with `_` to silence this warning:
  [apply] _hS

Note: This linter can be disabled with `set_option linter.unusedVariables false`
warning: SierksmaLean/Theorems/Thm_Sierksma_FB_sep_profile.lean:6:47: Variable name `hcov` is not explicitly referenced.

Hint: The binding can be removed (if unused) or named `_` (if used implicitly). Alternatively, prefix the name with `_` to silence this warning:
  [apply] _hcov

Note: This linter can be disabled with `set_option linter.unusedVariables false`
✔ [12026/12392] Built SierksmaLean.Proofs.Proof_Sierksma_FB_cAS_476 (32s)
✔ [12027/12392] Built SierksmaLean.Theorems.Thm_Sierksma_FB_cAS_381 (3.6s)
✔ [12028/12392] Built SierksmaLean.Theorems.Thm_Sierksma_FB_cAS_382 (4.1s)
✔ [12029/12392] Built SierksmaLean.Theorems.Thm_Sierksma_FB_cAS_398 (3.9s)
✔ [12030/12392] Built SierksmaLean.Theorems.Thm_Sierksma_FB_cAS_424 (3.9s)
✔ [12031/12392] Built SierksmaLean.Theorems.Thm_Sierksma_FB_cAS_500 (4.0s)
✔ [12032/12392] Built SierksmaLean.Proofs.Proof_Sierksma_FB_cBS_43 (22s)
✔ [12033/12392] Built SierksmaLean.Theorems.Thm_Sierksma_FB_cAS_506 (4.0s)
✔ [12034/12392] Built SierksmaLean.Theorems.Thm_Sierksma_FB_cAS_397 (3.9s)
✔ [12035/12392] Built SierksmaLean.Theorems.Thm_Sierksma_FB_cAS_457 (3.8s)
✔ [12036/12392] Built SierksmaLean.Theorems.Thm_Sierksma_FB_cAS_432 (3.7s)
✔ [12037/12392] Built SierksmaLean.Theorems.Thm_Sierksma_FB_cAS_454 (4.0s)
✔ [12038/12392] Built SierksmaLean.Theorems.Thm_Sierksma_FB_cAS_384 (4.4s)
✔ [12039/12392] Built SierksmaLean.Theorems.Thm_Sierksma_FB_cAS_668 (3.6s)
✔ [12040/12392] Built SierksmaLean.Theorems.Thm_Sierksma_FB_cAS_670 (3.8s)
✔ [12041/12392] Built SierksmaLean.Theorems.Thm_Sierksma_FB_cAS_431 (3.7s)
✔ [12042/12392] Built SierksmaLean.Theorems.Thm_Sierksma_FB_cAS_459 (3.8s)
✔ [12043/12392] Built SierksmaLean.Proofs.Proof_Sierksma_FB_cAS_464 (57s)
✔ [12044/12392] Built SierksmaLean.Theorems.Thm_Sierksma_FB_cAS_537 (3.7s)
✔ [12045/12392] Built SierksmaLean.Theorems.Thm_Sierksma_FB_cAS_542 (3.7s)
✔ [12046/12392] Built SierksmaLean.Theorems.Thm_Sierksma_FB_cAS_387 (4.1s)
✔ [12047/12392] Built SierksmaLean.Theorems.Thm_Sierksma_FB_cAS_410 (3.0s)
✔ [12048/12392] Built SierksmaLean.Theorems.Thm_Sierksma_FB_cAS_417 (3.8s)
✔ [12049/12392] Built SierksmaLean.Theorems.Thm_Sierksma_FB_cAS_539 (3.8s)
✔ [12050/12392] Built SierksmaLean.Theorems.Thm_Sierksma_FB_cAS_548 (4.4s)
✔ [12051/12392] Built SierksmaLean.Theorems.Thm_Sierksma_FB_cAS_416 (4.1s)
✔ [12052/12392] Built SierksmaLean.Theorems.Thm_Sierksma_FB_cAS_490 (4.1s)
✔ [12053/12392] Built SierksmaLean.Theorems.Thm_Sierksma_FB_cAS_533 (3.7s)
✔ [12054/12392] Built SierksmaLean.Theorems.Thm_Sierksma_FB_cAS_650 (4.2s)
✔ [12055/12392] Built SierksmaLean.Theorems.Thm_Sierksma_generic_witness_g4 (4.0s)
✔ [12056/12392] Built SierksmaLean.Proofs.Proof_Sierksma_FB_colour_index_spec (4.1s)
✔ [12057/12392] Built SierksmaLean.Proofs.Proof_Sierksma_FB_cAS_433 (50s)
✔ [12058/12392] Built SierksmaLean.Theorems.Thm_Sierksma_FB_cAS_443 (4.2s)
✔ [12059/12392] Built SierksmaLean.Theorems.Thm_Sierksma_FB_cAS_510 (4.2s)
✔ [12060/12392] Built SierksmaLean.Theorems.Thm_Sierksma_FB_cAS_389 (4.2s)
✔ [12061/12392] Built SierksmaLean.Theorems.Thm_Sierksma_FB_cAS_441 (4.1s)
✔ [12062/12392] Built SierksmaLean.Theorems.Thm_Sierksma_FB_cAS_501 (4.5s)
✔ [12063/12392] Built SierksmaLean.Theorems.Thm_Sierksma_FB_cAS_508 (4.2s)
✔ [12064/12392] Built SierksmaLean.Theorems.Thm_Sierksma_FB_cAS_403 (3.9s)
✔ [12065/12392] Built SierksmaLean.Theorems.Thm_Sierksma_FB_cAS_540 (4.3s)
✔ [12066/12392] Built SierksmaLean.Theorems.Thm_Sierksma_FB_cBS_39 (3.5s)
✔ [12067/12392] Built SierksmaLean.Proofs.Proof_Sierksma_model_exact_check (4.3s)
✔ [12068/12392] Built SierksmaLean.Theorems.Thm_Sierksma_FB_cAS_390 (4.4s)
✔ [12069/12392] Built SierksmaLean.Theorems.Thm_Sierksma_FB_cAS_393 (4.4s)
✔ [12070/12392] Built SierksmaLean.Theorems.Thm_Sierksma_FB_cAS_503 (3.7s)
✔ [12071/12392] Built SierksmaLean.Theorems.Thm_Sierksma_FB_cBS_38 (4.3s)
✔ [12072/12392] Built SierksmaLean.Theorems.Thm_Sierksma_FB_cAS_477 (3.8s)
✔ [12073/12392] Built SierksmaLean.Theorems.Thm_Sierksma_FB_cAS_494 (3.8s)
✔ [12074/12392] Built SierksmaLean.Theorems.Thm_Sierksma_FB_cAS_383 (4.7s)
✔ [12075/12392] Built SierksmaLean.Proofs.Proof_Sierksma_FB_cAS_392 (40s)
✔ [12076/12392] Built SierksmaLean.Theorems.Thm_Sierksma_FB_cAS_573 (4.0s)
✔ [12077/12392] Built SierksmaLean.Proofs.Proof_Sierksma_FB_cAS_610 (5.1s)
✔ [12078/12392] Built SierksmaLean.Theorems.Thm_Sierksma_FB_cAS_468 (4.3s)
✔ [12079/12392] Built SierksmaLean.Theorems.Thm_Sierksma_FB_cBS_41 (3.0s)
✔ [12080/12392] Built SierksmaLean.Theorems.Thm_Sierksma_FB_cBS_42 (4.3s)
✔ [12081/12392] Built SierksmaLean.Theorems.Thm_Sierksma_FB_cAS_560 (4.3s)
✔ [12082/12392] Built SierksmaLean.Proofs.Proof_Sierksma_FB_cAS_422 (51s)
✔ [12083/12392] Built SierksmaLean.Theorems.Thm_Sierksma_FB_cBS_40 (3.7s)
✔ [12084/12392] Built SierksmaLean.Theorems.Thm_Sierksma_FB_cAS_567 (3.9s)
✔ [12085/12392] Built SierksmaLean.Theorems.Thm_Sierksma_FB_cAS_419 (3.6s)
✔ [12086/12392] Built SierksmaLean.Theorems.Thm_Sierksma_FB_cBS_44 (3.8s)
✔ [12087/12392] Built SierksmaLean.Proofs.Proof_Sierksma_FB_cBS_37 (36s)
✔ [12088/12392] Built SierksmaLean.Theorems.Thm_Sierksma_FB_cBS_45 (3.4s)
✔ [12089/12392] Built SierksmaLean.Theorems.Thm_Sierksma_FB_cAS_440 (3.5s)
✔ [12090/12392] Built SierksmaLean.Theorems.Thm_Sierksma_FB_cAS_476 (3.5s)
✔ [12091/12392] Built SierksmaLean.Theorems.Thm_Sierksma_FB_cBS_43 (3.3s)
✔ [12092/12392] Built SierksmaLean.Proofs.Proof_Sierksma_FB_cAS_472 (74s)
✔ [12093/12392] Built SierksmaLean.Theorems.Thm_Sierksma_FB_cAS_464 (3.3s)
✔ [12094/12392] Built SierksmaLean.Proofs.Proof_Sierksma_FB_cAS_386 (52s)
✔ [12095/12392] Built SierksmaLean.Proofs.Proof_Sierksma_FB_cAS_399 (8.2s)
✔ [12096/12392] Built SierksmaLean.Proofs.Proof_Sierksma_FB_cAS_522 (14s)
✔ [12097/12392] Built SierksmaLean.Proofs.Proof_Sierksma_FB_cAS_527 (15s)
✔ [12098/12392] Built SierksmaLean.Proofs.Proof_Sierksma_FB_cAS_414 (53s)
✔ [12099/12392] Built SierksmaLean.Proofs.Proof_Sierksma_FB_cAS_524 (15s)
✔ [12100/12392] Built SierksmaLean.Proofs.Proof_Sierksma_FB_cAS_596 (17s)
✔ [12101/12392] Built SierksmaLean.Proofs.Proof_Sierksma_FB_cAS_520 (18s)
⚠ [12102/12392] Built SierksmaLean.Theorems.Thm_Sierksma_FB_colour_index_spec (3.5s)
warning: SierksmaLean/Theorems/Thm_Sierksma_FB_colour_index_spec.lean:7:27: Variable name `hs` is not explicitly referenced.

Hint: The binding can be removed (if unused) or named `_` (if used implicitly). Alternatively, prefix the name with `_` to silence this warning:
  [apply] _hs

Note: This linter can be disabled with `set_option linter.unusedVariables false`
warning: SierksmaLean/Theorems/Thm_Sierksma_FB_colour_index_spec.lean:8:5: Variable name `hc` is not explicitly referenced.

Hint: The binding can be removed (if unused) or named `_` (if used implicitly). Alternatively, prefix the name with `_` to silence this warning:
  [apply] _hc

Note: This linter can be disabled with `set_option linter.unusedVariables false`
✔ [12103/12392] Built SierksmaLean.Proofs.Proof_Sierksma_FB_cAS_589 (20s)
✔ [12104/12392] Built SierksmaLean.Proofs.Proof_Sierksma_FB_cAS_517 (55s)
✔ [12105/12392] Built SierksmaLean.Theorems.Thm_Sierksma_FB_cAS_433 (3.3s)
✔ [12106/12392] Built SierksmaLean.Proofs.Proof_Sierksma_FB_cAS_592 (21s)
✔ [12107/12392] Built SierksmaLean.Proofs.Proof_Sierksma_FB_cAS_451 (19s)
✔ [12108/12392] Built SierksmaLean.Proofs.Proof_Sierksma_FB_cAS_411 (7.6s)
✔ [12109/12392] Built SierksmaLean.Proofs.Proof_Sierksma_generic_witness_exact (3.5s)
✔ [12110/12392] Built SierksmaLean.Proofs.Proof_Sierksma_FB_cAS_514 (58s)
✔ [12111/12392] Built SierksmaLean.Proofs.Proof_Sierksma_FB_cAS_480 (22s)
✔ [12112/12392] Built SierksmaLean.Proofs.Proof_Sierksma_FB_cAS_599 (24s)
✔ [12113/12392] Built SierksmaLean.Theorems.Thm_Sierksma_model_exact_check (3.7s)
✔ [12114/12392] Built SierksmaLean.Proofs.Proof_Sierksma_FB_cAS_412 (74s)
✔ [12115/12392] Built SierksmaLean.Proofs.Proof_Sierksma_FB_cAS_652 (54s)
✔ [12116/12392] Built SierksmaLean.Theorems.Thm_Sierksma_FB_cAS_392 (3.3s)
✔ [12117/12392] Built SierksmaLean.Proofs.Proof_Sierksma_FB_cAS_404 (5.6s)
✔ [12118/12392] Built SierksmaLean.Proofs.Proof_Sierksma_FB_cAS_530 (26s)
✔ [12119/12392] Built SierksmaLean.Theorems.Thm_Sierksma_FB_cAS_610 (3.3s)
✔ [12120/12392] Built SierksmaLean.Theorems.Thm_Sierksma_FB_cAS_422 (3.3s)
✔ [12121/12392] Built SierksmaLean.Proofs.Proof_Sierksma_FB_cAS_651 (16s)
✔ [12122/12392] Built SierksmaLean.Proofs.Proof_Sierksma_FB_cAS_427 (83s)
✔ [12123/12392] Built SierksmaLean.Theorems.Thm_Sierksma_FB_cBS_37 (3.3s)
✔ [12124/12392] Built SierksmaLean.Proofs.Proof_Sierksma_FB_cAS_655 (33s)
✔ [12125/12392] Built SierksmaLean.Proofs.Proof_Sierksma_FB_cAS_625 (61s)
✔ [12126/12392] Built SierksmaLean.Theorems.Thm_Sierksma_FB_cAS_472 (3.4s)
✔ [12127/12392] Built SierksmaLean.Theorems.Thm_Sierksma_FB_cAS_386 (3.4s)
✔ [12128/12392] Built SierksmaLean.Proofs.Proof_Sierksma_FB_cAS_489 (35s)
✔ [12129/12392] Built SierksmaLean.Proofs.Proof_Sierksma_FB_cAS_645 (133s)
✔ [12130/12392] Built SierksmaLean.Proofs.Proof_Sierksma_FB_cAS_484 (33s)
✔ [12131/12392] Built SierksmaLean.Proofs.Proof_Sierksma_FB_cAS_622 (134s)
✔ [12132/12392] Built SierksmaLean.Theorems.Thm_Sierksma_FB_cAS_399 (3.5s)
✔ [12133/12392] Built SierksmaLean.Theorems.Thm_Sierksma_FB_cAS_522 (3.5s)
✔ [12134/12392] Built SierksmaLean.Theorems.Thm_Sierksma_FB_cAS_527 (3.1s)
✔ [12135/12392] Built SierksmaLean.Theorems.Thm_Sierksma_FB_cAS_414 (3.4s)
✔ [12136/12392] Built SierksmaLean.Theorems.Thm_Sierksma_FB_cAS_524 (3.4s)
✔ [12137/12392] Built SierksmaLean.Theorems.Thm_Sierksma_FB_cAS_596 (3.4s)
✔ [12138/12392] Built SierksmaLean.Theorems.Thm_Sierksma_FB_cAS_520 (3.4s)
✔ [12139/12392] Built SierksmaLean.Proofs.Proof_Sierksma_FB_partOf_bij (3.7s)
✔ [12140/12392] Built SierksmaLean.Theorems.Thm_Sierksma_FB_cAS_589 (3.5s)
✔ [12141/12392] Built SierksmaLean.Theorems.Thm_Sierksma_FB_cAS_517 (3.5s)
✔ [12142/12392] Built SierksmaLean.Proofs.Proof_Sierksma_FB_cAS_493 (38s)
✔ [12143/12392] Built SierksmaLean.Theorems.Thm_Sierksma_FB_cAS_592 (3.4s)
✔ [12144/12392] Built SierksmaLean.Theorems.Thm_Sierksma_FB_cAS_411 (3.4s)
✔ [12145/12392] Built SierksmaLean.Proofs.Proof_Sierksma_FB_cAS_418 (27s)
✔ [12146/12392] Built SierksmaLean.Theorems.Thm_Sierksma_FB_cAS_451 (3.5s)
✔ [12147/12392] Built SierksmaLean.Theorems.Thm_Sierksma_generic_witness_exact (3.6s)
✔ [12148/12392] Built SierksmaLean.Theorems.Thm_Sierksma_FB_cAS_514 (3.4s)
✔ [12149/12392] Built SierksmaLean.Theorems.Thm_Sierksma_FB_cAS_480 (3.2s)
✔ [12150/12392] Built SierksmaLean.Theorems.Thm_Sierksma_FB_cAS_599 (3.5s)
✔ [12151/12392] Built SierksmaLean.Proofs.Proof_Sierksma_FB_cAS_455 (37s)
✔ [12152/12392] Built SierksmaLean.Proofs.Proof_Sierksma_pl_model_count_one (3.5s)
✔ [12153/12392] Built SierksmaLean.Proofs.Proof_Sierksma_FB_cAS_498 (42s)
✔ [12154/12392] Built SierksmaLean.Theorems.Thm_Sierksma_FB_cAS_652 (3.6s)
✔ [12155/12392] Built SierksmaLean.Proofs.Proof_Sierksma_FB_cAS_663 (47s)
✔ [12156/12392] Built SierksmaLean.Theorems.Thm_Sierksma_FB_cAS_404 (3.4s)
✔ [12157/12392] Built SierksmaLean.Theorems.Thm_Sierksma_FB_cAS_412 (3.5s)
✔ [12158/12392] Built SierksmaLean.Proofs.Proof_Sierksma_FB_cAS_435 (103s)
✔ [12159/12392] Built SierksmaLean.Theorems.Thm_Sierksma_FB_cAS_530 (3.6s)
✔ [12160/12392] Built SierksmaLean.Theorems.Thm_Sierksma_FB_cAS_651 (3.5s)
✔ [12161/12392] Built SierksmaLean.Theorems.Thm_Sierksma_FB_cAS_427 (3.6s)
✔ [12162/12392] Built SierksmaLean.Proofs.Proof_Sierksma_FB_cAS_572 (134s)
✔ [12163/12392] Built SierksmaLean.Theorems.Thm_Sierksma_FB_cAS_625 (3.5s)
✔ [12164/12392] Built SierksmaLean.Theorems.Thm_Sierksma_FB_cAS_655 (3.6s)
✔ [12165/12392] Built SierksmaLean.Proofs.Proof_Sierksma_FB_cAS_446 (30s)
✔ [12166/12392] Built SierksmaLean.Theorems.Thm_Sierksma_FB_cAS_489 (3.3s)
✔ [12167/12392] Built SierksmaLean.Theorems.Thm_Sierksma_FB_cAS_645 (3.5s)
✔ [12168/12392] Built SierksmaLean.Theorems.Thm_Sierksma_FB_cAS_484 (3.4s)
✔ [12169/12392] Built SierksmaLean.Theorems.Thm_Sierksma_FB_cAS_622 (3.5s)
✔ [12170/12392] Built SierksmaLean.Theorems.Thm_Sierksma_FB_partOf_bij (3.5s)
✔ [12171/12392] Built SierksmaLean.Theorems.Thm_Sierksma_FB_cAS_493 (3.4s)
✔ [12172/12392] Built SierksmaLean.Theorems.Thm_Sierksma_FB_cAS_418 (3.4s)
✔ [12173/12392] Built SierksmaLean.Proofs.Proof_Sierksma_generic_locus_dense (3.6s)
✔ [12174/12392] Built SierksmaLean.Theorems.Thm_Sierksma_FB_cAS_455 (3.4s)
✔ [12175/12392] Built SierksmaLean.Theorems.Thm_Sierksma_pl_model_count_one (3.4s)
✔ [12176/12392] Built SierksmaLean.Theorems.Thm_Sierksma_FB_cAS_498 (3.5s)
✔ [12177/12392] Built SierksmaLean.Theorems.Thm_Sierksma_FB_cAS_663 (3.5s)
✔ [12178/12392] Built SierksmaLean.Proofs.Proof_Sierksma_FB_cAS_602 (58s)
✔ [12179/12392] Built SierksmaLean.Theorems.Thm_Sierksma_FB_cAS_435 (3.3s)
✔ [12180/12392] Built SierksmaLean.Proofs.Proof_Sierksma_FB_cAS_563 (89s)
✔ [12181/12392] Built SierksmaLean.Proofs.Proof_Sierksma_FB_cAS_571 (60s)
✔ [12182/12392] Built SierksmaLean.Proofs.Proof_Sierksma_FB_cAS_408 (5.5s)
✔ [12183/12392] Built SierksmaLean.Theorems.Thm_Sierksma_FB_cAS_572 (3.5s)
✔ [12184/12392] Built SierksmaLean.Proofs.Proof_Sierksma_FB_cAS_605 (58s)
✔ [12185/12392] Built SierksmaLean.Theorems.Thm_Sierksma_FB_cAS_446 (3.6s)
✔ [12186/12392] Built SierksmaLean.Proofs.Proof_Sierksma_FB_cAS_658 (60s)
⚠ [12187/12392] Built SierksmaLean.Proofs.Proof_Sierksma_FB_relIdx_spec (3.0s)
warning: SierksmaLean/Proofs/Proof_Sierksma_FB_relIdx_spec.lean:57:10: this tactic is never executed

Note: This linter can be disabled with `set_option linter.unreachableTactic false`
warning: SierksmaLean/Proofs/Proof_Sierksma_FB_relIdx_spec.lean:57:10: Unused tactic linter: `omega` does nothing

Note: This linter can be disabled with `set_option linter.unusedTactic false`
✔ [12188/12392] Built SierksmaLean.Proofs.Proof_Sierksma_FB_index_transfer (3.9s)
✔ [12189/12392] Built SierksmaLean.Theorems.Thm_Sierksma_generic_locus_dense (3.5s)
✔ [12190/12392] Built SierksmaLean.Proofs.Proof_Sierksma_FB_cAS_474 (100s)
✔ [12191/12392] Built SierksmaLean.Proofs.Proof_Sierksma_FB_cAS_661 (63s)
✔ [12192/12392] Built SierksmaLean.Proofs.Proof_Sierksma_pl_equivariant_gp_dense (3.9s)
✔ [12193/12392] Built SierksmaLean.Theorems.Thm_Sierksma_FB_cAS_602 (3.4s)
✔ [12194/12392] Built SierksmaLean.Proofs.Proof_Sierksma_FB_cAS_461 (52s)
✔ [12195/12392] Built SierksmaLean.Proofs.Proof_Sierksma_FB_cAS_532 (65s)
✔ [12196/12392] Built SierksmaLean.Theorems.Thm_Sierksma_FB_cAS_563 (3.3s)
✔ [12197/12392] Built SierksmaLean.Proofs.Proof_Sierksma_FB_cAS_391 (44s)
✔ [12198/12392] Built SierksmaLean.Theorems.Thm_Sierksma_FB_cAS_571 (3.5s)
✔ [12199/12392] Built SierksmaLean.Theorems.Thm_Sierksma_FB_cAS_408 (3.4s)
✔ [12200/12392] Built SierksmaLean.Proofs.Proof_Sierksma_FB_cAS_420 (40s)
✔ [12201/12392] Built SierksmaLean.Theorems.Thm_Sierksma_FB_cAS_605 (3.4s)
✔ [12202/12392] Built SierksmaLean.Theorems.Thm_Sierksma_FB_cAS_658 (3.5s)
⚠ [12203/12392] Built SierksmaLean.Theorems.Thm_Sierksma_FB_relIdx_spec (3.5s)
warning: SierksmaLean/Theorems/Thm_Sierksma_FB_relIdx_spec.lean:7:5: Variable name `hp` is not explicitly referenced.

Hint: The binding can be removed (if unused) or named `_` (if used implicitly). Alternatively, prefix the name with `_` to silence this warning:
  [apply] _hp

Note: This linter can be disabled with `set_option linter.unusedVariables false`
⚠ [12204/12392] Built SierksmaLean.Theorems.Thm_Sierksma_FB_index_transfer (3.5s)
warning: SierksmaLean/Theorems/Thm_Sierksma_FB_index_transfer.lean:7:5: Variable name `hsupp` is not explicitly referenced.

Hint: The binding can be removed (if unused) or named `_` (if used implicitly). Alternatively, prefix the name with `_` to silence this warning:
  [apply] _hsupp

Note: This linter can be disabled with `set_option linter.unusedVariables false`
warning: SierksmaLean/Theorems/Thm_Sierksma_FB_index_transfer.lean:7:54: Variable name `hy` is not explicitly referenced.

Hint: The binding can be removed (if unused) or named `_` (if used implicitly). Alternatively, prefix the name with `_` to silence this warning:
  [apply] _hy

Note: This linter can be disabled with `set_option linter.unusedVariables false`
✔ [12205/12392] Built SierksmaLean.Theorems.Thm_Sierksma_FB_cAS_474 (3.4s)
✔ [12206/12392] Built SierksmaLean.Theorems.Thm_Sierksma_FB_cAS_661 (3.4s)
✔ [12207/12392] Built SierksmaLean.Theorems.Thm_Sierksma_pl_equivariant_gp_dense (3.6s)
✔ [12208/12392] Built SierksmaLean.Theorems.Thm_Sierksma_FB_cAS_461 (3.6s)
✔ [12209/12392] Built SierksmaLean.Theorems.Thm_Sierksma_FB_cAS_532 (3.4s)
✔ [12210/12392] Built SierksmaLean.Proofs.Proof_Sierksma_FB_cAS_673 (105s)
✔ [12211/12392] Built SierksmaLean.Theorems.Thm_Sierksma_FB_cAS_391 (3.3s)
✔ [12212/12392] Built SierksmaLean.Theorems.Thm_Sierksma_FB_cAS_420 (3.5s)
✔ [12213/12392] Built SierksmaLean.Proofs.Proof_Sierksma_FB_cAS_458 (65s)
✔ [12214/12392] Built SierksmaLean.Proofs.Proof_Sierksma_FB_relabel_idx (3.6s)
✔ [12215/12392] Built SierksmaLean.Proofs.Proof_Sierksma_FB_cAS_495 (12s)
✔ [12216/12392] Built SierksmaLean.Proofs.Proof_Sierksma_FB_pe_transport (3.5s)
✔ [12217/12392] Built SierksmaLean.Proofs.Proof_Sierksma_pl_dold_signed_count (3.8s)
✔ [12218/12392] Built SierksmaLean.Proofs.Proof_Sierksma_FB_cAS_621 (169s)
✔ [12219/12392] Built SierksmaLean.Proofs.Proof_Sierksma_FB_cAS_505 (51s)
✔ [12220/12392] Built SierksmaLean.Theorems.Thm_Sierksma_FB_cAS_673 (3.3s)
✔ [12221/12392] Built SierksmaLean.Theorems.Thm_Sierksma_FB_cAS_458 (3.3s)
⚠ [12222/12392] Built SierksmaLean.Theorems.Thm_Sierksma_FB_relabel_idx (3.3s)
warning: SierksmaLean/Theorems/Thm_Sierksma_FB_relabel_idx.lean:7:5: Variable name `hsupp` is not explicitly referenced.

Hint: The binding can be removed (if unused) or named `_` (if used implicitly). Alternatively, prefix the name with `_` to silence this warning:
  [apply] _hsupp

Note: This linter can be disabled with `set_option linter.unusedVariables false`
warning: SierksmaLean/Theorems/Thm_Sierksma_FB_relabel_idx.lean:7:54: Variable name `hy` is not explicitly referenced.

Hint: The binding can be removed (if unused) or named `_` (if used implicitly). Alternatively, prefix the name with `_` to silence this warning:
  [apply] _hy

Note: This linter can be disabled with `set_option linter.unusedVariables false`
warning: SierksmaLean/Theorems/Thm_Sierksma_FB_relabel_idx.lean:8:13: Variable name `hp` is not explicitly referenced.

Hint: The binding can be removed (if unused) or named `_` (if used implicitly). Alternatively, prefix the name with `_` to silence this warning:
  [apply] _hp

Note: This linter can be disabled with `set_option linter.unusedVariables false`
✔ [12223/12392] Built SierksmaLean.Theorems.Thm_Sierksma_FB_cAS_495 (3.3s)
✔ [12224/12392] Built SierksmaLean.Proofs.Proof_Sierksma_FB_cAS_593 (26s)
⚠ [12225/12392] Built SierksmaLean.Theorems.Thm_Sierksma_FB_pe_transport (3.5s)
warning: SierksmaLean/Theorems/Thm_Sierksma_FB_pe_transport.lean:6:15: Variable name `hp` is not explicitly referenced.

Hint: The binding can be removed (if unused) or named `_` (if used implicitly). Alternatively, prefix the name with `_` to silence this warning:
  [apply] _hp

Note: This linter can be disabled with `set_option linter.unusedVariables false`
✔ [12226/12392] Built SierksmaLean.Theorems.Thm_Sierksma_pl_dold_signed_count (3.3s)
✔ [12227/12392] Built SierksmaLean.Theorems.Thm_Sierksma_FB_cAS_621 (3.3s)
✔ [12228/12392] Built SierksmaLean.Theorems.Thm_Sierksma_FB_cAS_505 (3.3s)
✔ [12229/12392] Built SierksmaLean.Theorems.Thm_Sierksma_FB_cAS_593 (3.3s)
⚠ [12230/12392] Built SierksmaLean.Proofs.Proof_Sierksma_FB_norm_transport (3.6s)
warning: SierksmaLean/Proofs/Proof_Sierksma_FB_norm_transport.lean:63:32: This simp argument is unused:
  Nat.rec

Hint: Omit it from the simp argument list.
  [apply] simp only [hn, Finset.sum_range_succ]

Note: This linter can be disabled with `set_option linter.unusedSimpArgs false`
✔ [12231/12392] Built SierksmaLean.Proofs.Proof_Sierksma_FB_max_edge_norm (3.5s)
✔ [12232/12392] Built SierksmaLean.Proofs.Proof_Sierksma_test_map_perturbation_stability (3.4s)
✔ [12233/12392] Built SierksmaLean.Proofs.Proof_Sierksma_FB_cAS_439 (78s)
✔ [12234/12392] Built SierksmaLean.Proofs.Proof_Sierksma_FB_cAS_642 (179s)
✔ [12235/12392] Built SierksmaLean.Proofs.Proof_Sierksma_FB_cAS_543 (71s)
⚠ [12236/12392] Built SierksmaLean.Theorems.Thm_Sierksma_FB_max_edge_norm (3.3s)
warning: SierksmaLean/Theorems/Thm_Sierksma_FB_max_edge_norm.lean:6:22: Variable name `hS` is not explicitly referenced.

Hint: The binding can be removed (if unused) or named `_` (if used implicitly). Alternatively, prefix the name with `_` to silence this warning:
  [apply] _hS

Note: This linter can be disabled with `set_option linter.unusedVariables false`
⚠ [12237/12392] Built SierksmaLean.Theorems.Thm_Sierksma_FB_norm_transport (3.3s)
warning: SierksmaLean/Theorems/Thm_Sierksma_FB_norm_transport.lean:6:15: Variable name `hp` is not explicitly referenced.

Hint: The binding can be removed (if unused) or named `_` (if used implicitly). Alternatively, prefix the name with `_` to silence this warning:
  [apply] _hp

Note: This linter can be disabled with `set_option linter.unusedVariables false`
warning: SierksmaLean/Theorems/Thm_Sierksma_FB_norm_transport.lean:7:5: Variable name `ht` is not explicitly referenced.

Hint: The binding can be removed (if unused) or named `_` (if used implicitly). Alternatively, prefix the name with `_` to silence this warning:
  [apply] _ht

Note: This linter can be disabled with `set_option linter.unusedVariables false`
⚠ [12238/12392] Built SierksmaLean.Theorems.Thm_Sierksma_test_map_perturbation_stability (3.3s)
warning: SierksmaLean/Theorems/Thm_Sierksma_test_map_perturbation_stability.lean:9:5: Variable name `hP` is not explicitly referenced.

Hint: The binding can be removed (if unused) or named `_` (if used implicitly). Alternatively, prefix the name with `_` to silence this warning:
  [apply] _hP

Note: This linter can be disabled with `set_option linter.unusedVariables false`
warning: SierksmaLean/Theorems/Thm_Sierksma_test_map_perturbation_stability.lean:9:55: Variable name `hpi` is not explicitly referenced.

Hint: The binding can be removed (if unused) or named `_` (if used implicitly). Alternatively, prefix the name with `_` to silence this warning:
  [apply] _hpi

Note: This linter can be disabled with `set_option linter.unusedVariables false`
✔ [12239/12392] Built SierksmaLean.Theorems.Thm_Sierksma_FB_cAS_439 (3.3s)
✔ [12240/12392] Built SierksmaLean.Theorems.Thm_Sierksma_FB_cAS_642 (3.1s)
✔ [12241/12392] Built SierksmaLean.Theorems.Thm_Sierksma_FB_cAS_543 (3.2s)
✔ [12242/12392] Built SierksmaLean.Proofs.Proof_Sierksma_FB_norm_sep (3.6s)
✔ [12243/12392] Built SierksmaLean.Proofs.Proof_Sierksma_twist_signed_polynomial (3.3s)
✔ [12244/12392] Built SierksmaLean.Proofs.Proof_Sierksma_FB_cAS_666 (87s)
⚠ [12245/12392] Built SierksmaLean.Theorems.Thm_Sierksma_FB_norm_sep (3.2s)
warning: SierksmaLean/Theorems/Thm_Sierksma_FB_norm_sep.lean:6:22: Variable name `hS` is not explicitly referenced.

Hint: The binding can be removed (if unused) or named `_` (if used implicitly). Alternatively, prefix the name with `_` to silence this warning:
  [apply] _hS

Note: This linter can be disabled with `set_option linter.unusedVariables false`
warning: SierksmaLean/Theorems/Thm_Sierksma_FB_norm_sep.lean:6:48: Variable name `h2` is not explicitly referenced.

Hint: The binding can be removed (if unused) or named `_` (if used implicitly). Alternatively, prefix the name with `_` to silence this warning:
  [apply] _h2

Note: This linter can be disabled with `set_option linter.unusedVariables false`
⚠ [12246/12392] Built SierksmaLean.Theorems.Thm_Sierksma_twist_signed_polynomial (3.2s)
warning: SierksmaLean/Theorems/Thm_Sierksma_twist_signed_polynomial.lean:8:24: Variable name `hP` is not explicitly referenced.

Hint: The binding can be removed (if unused) or named `_` (if used implicitly). Alternatively, prefix the name with `_` to silence this warning:
  [apply] _hP

Note: This linter can be disabled with `set_option linter.unusedVariables false`
warning: SierksmaLean/Theorems/Thm_Sierksma_twist_signed_polynomial.lean:9:31: Variable name `hpi` is not explicitly referenced.

Hint: The binding can be removed (if unused) or named `_` (if used implicitly). Alternatively, prefix the name with `_` to silence this warning:
  [apply] _hpi

Note: This linter can be disabled with `set_option linter.unusedVariables false`
✔ [12247/12392] Built SierksmaLean.Theorems.Thm_Sierksma_FB_cAS_666 (3.2s)
✔ [12248/12392] Built SierksmaLean.Proofs.Proof_Sierksma_signed_twist_identities (3.2s)
✔ [12249/12392] Built SierksmaLean.Proofs.Proof_Sierksma_FB_cAS_385 (67s)
✔ [12250/12392] Built SierksmaLean.Theorems.Thm_Sierksma_FB_cAS_385 (3.2s)
✔ [12251/12392] Built SierksmaLean.Theorems.Thm_Sierksma_signed_twist_identities (3.3s)
✔ [12252/12392] Built SierksmaLean.Proofs.Proof_Sierksma_FB_cAS_502 (77s)
✔ [12253/12392] Built SierksmaLean.Proofs.Proof_Sierksma_FB_cAS_394 (54s)
✔ [12254/12392] Built SierksmaLean.Proofs.Proof_Sierksma_FB_cAS_415 (49s)
✔ [12255/12392] Built SierksmaLean.Proofs.Proof_Sierksma_FB_cAS_538 (89s)
✔ [12256/12392] Built SierksmaLean.Proofs.Proof_Sierksma_generic_signed (3.4s)
✔ [12257/12392] Built SierksmaLean.Proofs.Proof_Sierksma_FB_cAS_388 (53s)
✔ [12258/12392] Built SierksmaLean.Theorems.Thm_Sierksma_FB_cAS_394 (3.2s)
✔ [12259/12392] Built SierksmaLean.Theorems.Thm_Sierksma_FB_cAS_502 (3.3s)
✔ [12260/12392] Built SierksmaLean.Theorems.Thm_Sierksma_FB_cAS_415 (3.2s)
✔ [12261/12392] Built SierksmaLean.Proofs.Proof_Sierksma_FB_cAS_535 (86s)
✔ [12262/12392] Built SierksmaLean.Proofs.Proof_Sierksma_FB_cAS_423 (57s)
✔ [12263/12392] Built SierksmaLean.Theorems.Thm_Sierksma_FB_cAS_538 (3.3s)
✔ [12264/12392] Built SierksmaLean.Theorems.Thm_Sierksma_generic_signed (3.4s)
✔ [12265/12392] Built SierksmaLean.Theorems.Thm_Sierksma_FB_cAS_388 (3.2s)
✔ [12266/12392] Built SierksmaLean.Theorems.Thm_Sierksma_FB_cAS_423 (3.1s)
✔ [12267/12392] Built SierksmaLean.Theorems.Thm_Sierksma_FB_cAS_535 (3.2s)
✔ [12268/12392] Built SierksmaLean.Proofs.Proof_Sierksma_FB_cAS_442 (75s)
✔ [12269/12392] Built SierksmaLean.Proofs.Proof_Sierksma_FB_cAS_606 (37s)
✔ [12270/12392] Built SierksmaLean.Proofs.Proof_Sierksma_FB_cAS_509 (87s)
✔ [12271/12392] Built SierksmaLean.Proofs.Proof_Sierksma_FB_cAS_671 (98s)
✔ [12272/12392] Built SierksmaLean.Theorems.Thm_Sierksma_FB_cAS_442 (2.0s)
✔ [12273/12392] Built SierksmaLean.Theorems.Thm_Sierksma_FB_cAS_606 (3.2s)
✔ [12274/12392] Built SierksmaLean.Proofs.Proof_Sierksma_FB_cAS_465 (78s)
✔ [12275/12392] Built SierksmaLean.Theorems.Thm_Sierksma_FB_cAS_509 (3.2s)
✔ [12276/12392] Built SierksmaLean.Theorems.Thm_Sierksma_FB_cAS_671 (3.2s)
✔ [12277/12392] Built SierksmaLean.Proofs.Proof_Sierksma_FB_cAS_653 (59s)
✔ [12278/12392] Built SierksmaLean.Theorems.Thm_Sierksma_FB_cAS_465 (3.1s)
✔ [12279/12392] Built SierksmaLean.Theorems.Thm_Sierksma_FB_cAS_653 (3.1s)
✔ [12280/12392] Built SierksmaLean.Proofs.Proof_Sierksma_FB_cAS_552 (114s)
✔ [12281/12392] Built SierksmaLean.Proofs.Proof_Sierksma_FB_cAS_512 (97s)
✔ [12282/12392] Built SierksmaLean.Proofs.Proof_Sierksma_FB_famB (72s)
✔ [12283/12392] Built SierksmaLean.Theorems.Thm_Sierksma_FB_cAS_552 (3.2s)
✔ [12284/12392] Built SierksmaLean.Theorems.Thm_Sierksma_FB_cAS_512 (3.2s)
✔ [12285/12392] Built SierksmaLean.Proofs.Proof_Sierksma_FB_cAS_425 (115s)
✔ [12286/12392] Built SierksmaLean.Theorems.Thm_Sierksma_FB_famB (3.2s)
✔ [12287/12392] Built SierksmaLean.Proofs.Proof_Sierksma_FB_cAS_554 (120s)
✔ [12288/12392] Built SierksmaLean.Proofs.Proof_Sierksma_FB_cAS_669 (113s)
✔ [12289/12392] Built SierksmaLean.Proofs.Proof_Sierksma_FB_cAS_515 (72s)
✔ [12290/12392] Built SierksmaLean.Proofs.Proof_Sierksma_FB_cAS_473 (77s)
✔ [12291/12392] Built SierksmaLean.Proofs.Proof_Sierksma_FB_cAS_620 (80s)
✔ [12292/12392] Built SierksmaLean.Proofs.Proof_Sierksma_FB_cAS_395 (20s)
✔ [12293/12392] Built SierksmaLean.Theorems.Thm_Sierksma_FB_cAS_425 (3.2s)
✔ [12294/12392] Built SierksmaLean.Theorems.Thm_Sierksma_FB_cAS_554 (3.2s)
✔ [12295/12392] Built SierksmaLean.Theorems.Thm_Sierksma_FB_cAS_669 (3.3s)
✔ [12296/12392] Built SierksmaLean.Theorems.Thm_Sierksma_FB_cAS_473 (3.1s)
✔ [12297/12392] Built SierksmaLean.Theorems.Thm_Sierksma_FB_cAS_515 (3.2s)
✔ [12298/12392] Built SierksmaLean.Theorems.Thm_Sierksma_FB_cAS_395 (3.0s)
✔ [12299/12392] Built SierksmaLean.Theorems.Thm_Sierksma_FB_cAS_620 (3.2s)
✔ [12300/12392] Built SierksmaLean.Proofs.Proof_Sierksma_FB_cAS_413 (74s)
✔ [12301/12392] Built SierksmaLean.Proofs.Proof_Sierksma_FB_cAS_541 (109s)
✔ [12302/12392] Built SierksmaLean.Theorems.Thm_Sierksma_FB_cAS_413 (3.1s)
✔ [12303/12392] Built SierksmaLean.Theorems.Thm_Sierksma_FB_cAS_541 (3.1s)
✔ [12304/12392] Built SierksmaLean.Proofs.Proof_Sierksma_FB_cAS_577 (227s)
✔ [12305/12392] Built SierksmaLean.Proofs.Proof_Sierksma_FB_cAS_469 (110s)
✔ [12306/12392] Built SierksmaLean.Theorems.Thm_Sierksma_FB_cAS_577 (3.1s)
✔ [12307/12392] Built SierksmaLean.Proofs.Proof_Sierksma_FB_cAS_568 (111s)
✔ [12308/12392] Built SierksmaLean.Theorems.Thm_Sierksma_FB_cAS_469 (3.1s)
✔ [12309/12392] Built SierksmaLean.Theorems.Thm_Sierksma_FB_cAS_568 (3.2s)
✔ [12310/12392] Built SierksmaLean.Proofs.Proof_Sierksma_FB_cAS_549 (141s)
✔ [12311/12392] Built SierksmaLean.Proofs.Proof_Sierksma_FB_cAS_559 (154s)
✔ [12312/12392] Built SierksmaLean.Theorems.Thm_Sierksma_FB_cAS_549 (3.0s)
✔ [12313/12392] Built SierksmaLean.Theorems.Thm_Sierksma_FB_cAS_559 (3.0s)
✔ [12314/12392] Built SierksmaLean.Proofs.Proof_Sierksma_FB_cAS_544 (32s)
✔ [12315/12392] Built SierksmaLean.Theorems.Thm_Sierksma_FB_cAS_544 (3.0s)
✔ [12316/12392] Built SierksmaLean.Proofs.Proof_Sierksma_FB_cAS_580 (269s)
✔ [12317/12392] Built SierksmaLean.Theorems.Thm_Sierksma_FB_cAS_580 (2.0s)
✔ [12318/12392] Built SierksmaLean.Proofs.Proof_Sierksma_FB_cAS_545 (278s)
✔ [12319/12392] Built SierksmaLean.Proofs.Proof_Sierksma_FB_famC4 (372s)
✔ [12320/12392] Built SierksmaLean.Theorems.Thm_Sierksma_FB_cAS_545 (3.0s)
✔ [12321/12392] Built SierksmaLean.Theorems.Thm_Sierksma_FB_famC4 (3.1s)
✔ [12322/12392] Built SierksmaLean.Proofs.Proof_Sierksma_FB_cAS_475 (67s)
✔ [12323/12392] Built SierksmaLean.Proofs.Proof_Sierksma_FB_cAS_647 (151s)
✔ [12324/12392] Built SierksmaLean.Theorems.Thm_Sierksma_FB_cAS_475 (3.1s)
✔ [12325/12392] Built SierksmaLean.Proofs.Proof_Sierksma_FB_cAS_516 (84s)
✔ [12326/12392] Built SierksmaLean.Theorems.Thm_Sierksma_FB_cAS_647 (3.0s)
✔ [12327/12392] Built SierksmaLean.Theorems.Thm_Sierksma_FB_cAS_516 (3.1s)
✔ [12328/12392] Built SierksmaLean.Proofs.Proof_Sierksma_FB_cAS_434 (187s)
✔ [12329/12392] Built SierksmaLean.Theorems.Thm_Sierksma_FB_cAS_434 (3.0s)
✔ [12330/12392] Built SierksmaLean.Proofs.Proof_Sierksma_FB_cAS_672 (104s)
✔ [12331/12392] Built SierksmaLean.Theorems.Thm_Sierksma_FB_cAS_672 (3.0s)
✔ [12332/12392] Built SierksmaLean.Proofs.Proof_Sierksma_FB_cAS_626 (198s)
✔ [12333/12392] Built SierksmaLean.Proofs.Proof_Sierksma_FB_cAS_430 (200s)
✔ [12334/12392] Built SierksmaLean.Theorems.Thm_Sierksma_FB_cAS_626 (3.0s)
✔ [12335/12392] Built SierksmaLean.Theorems.Thm_Sierksma_FB_cAS_430 (3.0s)
✔ [12336/12392] Built SierksmaLean.Proofs.Proof_Sierksma_FB_cAS_426 (144s)
✔ [12337/12392] Built SierksmaLean.Proofs.Proof_Sierksma_FB_cAS_632 (276s)
✔ [12338/12392] Built SierksmaLean.Proofs.Proof_Sierksma_FB_cAS_564 (209s)
✔ [12339/12392] Built SierksmaLean.Theorems.Thm_Sierksma_FB_cAS_426 (3.1s)
✔ [12340/12392] Built SierksmaLean.Theorems.Thm_Sierksma_FB_cAS_632 (3.0s)
✔ [12341/12392] Built SierksmaLean.Theorems.Thm_Sierksma_FB_cAS_564 (3.0s)
✔ [12342/12392] Built SierksmaLean.Proofs.Proof_Sierksma_FB_cAS_628 (379s)
✔ [12343/12392] Built SierksmaLean.Theorems.Thm_Sierksma_FB_cAS_628 (2.9s)
✔ [12344/12392] Built SierksmaLean.Proofs.Proof_Sierksma_FB_cAS_585 (325s)
✔ [12345/12392] Built SierksmaLean.Proofs.Proof_Sierksma_FB_cAS_638 (326s)
✔ [12346/12392] Built SierksmaLean.Theorems.Thm_Sierksma_FB_cAS_585 (2.0s)
✔ [12347/12392] Built SierksmaLean.Theorems.Thm_Sierksma_FB_cAS_638 (2.0s)
✔ [12348/12392] Built SierksmaLean.Proofs.Proof_Sierksma_FB_cAS_576 (318s)
✔ [12349/12392] Built SierksmaLean.Theorems.Thm_Sierksma_FB_cAS_576 (2.9s)
✔ [12350/12392] Built SierksmaLean.Proofs.Proof_Sierksma_FB_cAS_623 (286s)
✔ [12351/12392] Built SierksmaLean.Theorems.Thm_Sierksma_FB_cAS_623 (2.9s)
✔ [12352/12392] Built SierksmaLean.Proofs.Proof_Sierksma_FB_cAS_436 (126s)
✔ [12353/12392] Built SierksmaLean.Theorems.Thm_Sierksma_FB_cAS_436 (2.9s)
✔ [12354/12392] Built SierksmaLean.Proofs.Proof_Sierksma_FB_cAS_644 (315s)
✔ [12355/12392] Built SierksmaLean.Theorems.Thm_Sierksma_FB_cAS_644 (2.9s)
✔ [12356/12392] Built SierksmaLean.Proofs.Proof_Sierksma_FB_cAS_582 (270s)
✔ [12357/12392] Built SierksmaLean.Theorems.Thm_Sierksma_FB_cAS_582 (2.9s)
✔ [12358/12392] Built SierksmaLean.Proofs.Proof_Sierksma_FB_cAS_640 (470s)
✔ [12359/12392] Built SierksmaLean.Theorems.Thm_Sierksma_FB_cAS_640 (2.9s)
✔ [12360/12392] Built SierksmaLean.Proofs.Proof_Sierksma_FB_cAS_547 (296s)
✔ [12361/12392] Built SierksmaLean.Theorems.Thm_Sierksma_FB_cAS_547 (2.9s)
✔ [12362/12392] Built SierksmaLean.Proofs.Proof_Sierksma_FB_cAS_635 (512s)
✔ [12363/12392] Built SierksmaLean.Theorems.Thm_Sierksma_FB_cAS_635 (2.9s)
✔ [12364/12392] Built SierksmaLean.Proofs.Proof_Sierksma_FB_cAS_579 (473s)
✔ [12365/12392] Built SierksmaLean.Theorems.Thm_Sierksma_FB_cAS_579 (2.9s)
✔ [12366/12392] Built SierksmaLean.Proofs.Proof_Sierksma_FB_cAS_627 (301s)
✔ [12367/12392] Built SierksmaLean.Theorems.Thm_Sierksma_FB_cAS_627 (2.0s)
✔ [12368/12392] Built SierksmaLean.Proofs.Proof_Sierksma_FB_cAS_586 (369s)
✔ [12369/12392] Built SierksmaLean.Theorems.Thm_Sierksma_FB_cAS_586 (2.9s)
✔ [12370/12392] Built SierksmaLean.Proofs.Proof_Sierksma_FB_cAS_583 (222s)
✔ [12371/12392] Built SierksmaLean.Theorems.Thm_Sierksma_FB_cAS_583 (2.9s)
✔ [12372/12392] Built SierksmaLean.Proofs.Proof_Sierksma_FB_cAS_648 (509s)
✔ [12373/12392] Built SierksmaLean.Theorems.Thm_Sierksma_FB_cAS_648 (2.9s)
✔ [12374/12392] Built SierksmaLean.Proofs.Proof_Sierksma_FB_cAS_565 (519s)
✔ [12375/12392] Built SierksmaLean.Theorems.Thm_Sierksma_FB_cAS_565 (2.8s)
✔ [12376/12392] Built SierksmaLean.Proofs.Proof_Sierksma_FB_cAS_641 (720s)
✔ [12377/12392] Built SierksmaLean.Theorems.Thm_Sierksma_FB_cAS_641 (2.9s)
✔ [12378/12392] Built SierksmaLean.Proofs.Proof_Sierksma_FB_famA (427s)
✔ [12379/12392] Built SierksmaLean.Theorems.Thm_Sierksma_FB_famA (2.9s)
✔ [12380/12392] Built SierksmaLean.Proofs.Proof_Sierksma_FB_finite_core (3.2s)
⚠ [12381/12392] Built SierksmaLean.Theorems.Thm_Sierksma_FB_finite_core (2.0s)
warning: SierksmaLean/Theorems/Thm_Sierksma_FB_finite_core.lean:7:5: Variable name `hsupp` is not explicitly referenced.

Hint: The binding can be removed (if unused) or named `_` (if used implicitly). Alternatively, prefix the name with `_` to silence this warning:
  [apply] _hsupp

Note: This linter can be disabled with `set_option linter.unusedVariables false`
warning: SierksmaLean/Theorems/Thm_Sierksma_FB_finite_core.lean:7:54: Variable name `hy` is not explicitly referenced.

Hint: The binding can be removed (if unused) or named `_` (if used implicitly). Alternatively, prefix the name with `_` to silence this warning:
  [apply] _hy

Note: This linter can be disabled with `set_option linter.unusedVariables false`
warning: SierksmaLean/Theorems/Thm_Sierksma_FB_finite_core.lean:8:5: Variable name `hcard` is not explicitly referenced.

Hint: The binding can be removed (if unused) or named `_` (if used implicitly). Alternatively, prefix the name with `_` to silence this warning:
  [apply] _hcard

Note: This linter can be disabled with `set_option linter.unusedVariables false`
✔ [12382/12392] Built SierksmaLean.Proofs.Proof_Sierksma_finite_signed (2.0s)
⚠ [12383/12392] Built SierksmaLean.Theorems.Thm_Sierksma_finite_signed (2.9s)
warning: SierksmaLean/Theorems/Thm_Sierksma_finite_signed.lean:11:5: Variable name `hsupp` is not explicitly referenced.

Hint: The binding can be removed (if unused) or named `_` (if used implicitly). Alternatively, prefix the name with `_` to silence this warning:
  [apply] _hsupp

Note: This linter can be disabled with `set_option linter.unusedVariables false`
warning: SierksmaLean/Theorems/Thm_Sierksma_finite_signed.lean:11:45: Variable name `hy` is not explicitly referenced.

Hint: The binding can be removed (if unused) or named `_` (if used implicitly). Alternatively, prefix the name with `_` to silence this warning:
  [apply] _hy

Note: This linter can be disabled with `set_option linter.unusedVariables false`
✔ [12384/12392] Built SierksmaLean.Proofs.Proof_Sierksma_main (3.1s)
✔ [12385/12392] Built SierksmaLean.Theorems.Thm_Sierksma_main (3.1s)
✔ [12386/12392] Built SierksmaLean.Main (3.1s)
✔ [12387/12392] Built SierksmaLean (2.8s)
✔ [12389/12392] Built Solution (3.2s)
ℹ [12391/12392] Built Audit (12s)
info: Audit.lean:43:0: AUDIT axioms SierksmaLean.main_theorem: [propext, Classical.choice, Quot.sound]
info: Audit.lean:43:0: AUDIT axioms SierksmaLean.sierksma_three_three: [propext, Classical.choice, Quot.sound]
info: Audit.lean:43:0: AUDIT axioms sierksma_three_three: [propext, Classical.choice, Quot.sound]
info: Audit.lean:43:0: AUDIT placeholders (0): []
Build completed successfully (12392 jobs).
