2026-10-07T01:45:31Z Building Challenge
2026-10-07T01:45:34Z ⚠ [8706/8707] Replayed Challenge
2026-10-07T01:45:34Z warning: Challenge.lean:10:8: declaration uses `sorry`
2026-10-07T01:45:34Z Build completed successfully (8707 jobs).
2026-10-07T01:45:40Z Exporting #[sierksma_three_three, propext, Quot.sound, Classical.choice, Nat.add, Nat.sub, Nat.mul, Nat.pow, Nat.gcd, Nat.div, Nat.mod, Nat.beq, Nat.ble, Nat.land, Nat.lor, Nat.xor, Nat.shiftLeft, Nat.shiftRight, String.ofList, Char.ofNat, List, eagerReduce] from Challenge
2026-10-07T01:45:40Z Building Solution
2026-10-07T01:45:43Z ⚠ [8712/12386] Replayed SierksmaLean.Definitions.Def_Sierksma_SignedSystem
2026-10-07T01:45:43Z warning: SierksmaLean/Definitions/Def_Sierksma_SignedSystem.lean:48:28: This simp argument is unused:
2026-10-07T01:45:43Z   Equiv.Perm.sign_swap
2026-10-07T01:45:43Z 
2026-10-07T01:45:43Z Hint: Omit it from the simp argument list.
2026-10-07T01:45:43Z   [apply] simp [Sierksma.SplitSign]
2026-10-07T01:45:43Z 
2026-10-07T01:45:43Z Note: This linter can be disabled with `set_option linter.unusedSimpArgs false`
2026-10-07T01:45:43Z ⚠ [8716/12386] Replayed SierksmaLean.Theorems.Thm_Sierksma_generic_locus_open_dense_of_nonempty
2026-10-07T01:45:43Z warning: SierksmaLean/Theorems/Thm_Sierksma_generic_locus_open_dense_of_nonempty.lean:7:7: Variable name `h` is not explicitly referenced.
2026-10-07T01:45:43Z 
2026-10-07T01:45:43Z Hint: The binding can be removed (if unused) or named `_` (if used implicitly). Alternatively, prefix the name with `_` to silence this warning:
2026-10-07T01:45:43Z   [apply] _h
2026-10-07T01:45:43Z 
2026-10-07T01:45:43Z Note: This linter can be disabled with `set_option linter.unusedVariables false`
2026-10-07T01:45:43Z ⚠ [8717/12386] Replayed SierksmaLean.Proofs.Proof_Sierksma_g1_polynomial_affine_gp
2026-10-07T01:45:43Z warning: SierksmaLean/Proofs/Proof_Sierksma_g1_polynomial_affine_gp.lean:32:13: This simp argument is unused:
2026-10-07T01:45:43Z   Function.comp_def
2026-10-07T01:45:43Z 
2026-10-07T01:45:43Z Hint: Omit it from the simp argument list.
2026-10-07T01:45:43Z   [apply] simp [a]
2026-10-07T01:45:43Z 
2026-10-07T01:45:43Z Note: This linter can be disabled with `set_option linter.unusedSimpArgs false`
2026-10-07T01:45:43Z ⚠ [8718/12386] Replayed SierksmaLean.Theorems.Thm_Sierksma_g1_polynomial_affine_gp
2026-10-07T01:45:43Z warning: SierksmaLean/Theorems/Thm_Sierksma_g1_polynomial_affine_gp.lean:7:24: Variable name `h` is not explicitly referenced.
2026-10-07T01:45:43Z 
2026-10-07T01:45:43Z Hint: The binding can be removed (if unused) or named `_` (if used implicitly). Alternatively, prefix the name with `_` to silence this warning:
2026-10-07T01:45:43Z   [apply] _h
2026-10-07T01:45:43Z 
2026-10-07T01:45:43Z Note: This linter can be disabled with `set_option linter.unusedVariables false`
2026-10-07T01:45:43Z ⚠ [8719/12386] Replayed SierksmaLean.Proofs.Proof_Sierksma_generic_locus_strong_gp
2026-10-07T01:45:43Z warning: SierksmaLean/Proofs/Proof_Sierksma_generic_locus_strong_gp.lean:33:27: This simp argument is unused:
2026-10-07T01:45:43Z   Matrix.vecTail
2026-10-07T01:45:43Z 
2026-10-07T01:45:43Z Hint: Omit it from the simp argument list.
2026-10-07T01:45:43Z   [apply] simp [Matrix.of_apply, Matrix.vecHead, Pi.sub_apply]
2026-10-07T01:45:43Z 
2026-10-07T01:45:43Z Note: This linter can be disabled with `set_option linter.unusedSimpArgs false`
2026-10-07T01:45:43Z warning: SierksmaLean/Proofs/Proof_Sierksma_generic_locus_strong_gp.lean:33:43: This simp argument is unused:
2026-10-07T01:45:43Z   Matrix.vecHead
2026-10-07T01:45:43Z 
2026-10-07T01:45:43Z Hint: Omit it from the simp argument list.
2026-10-07T01:45:43Z   [apply] simp [Matrix.of_apply, Matrix.vecTail, Pi.sub_apply]
2026-10-07T01:45:43Z 
2026-10-07T01:45:43Z Note: This linter can be disabled with `set_option linter.unusedSimpArgs false`
2026-10-07T01:45:43Z ⚠ [8722/12386] Replayed SierksmaLean.Theorems.Thm_Sierksma_canon_colour_respects
2026-10-07T01:45:43Z warning: SierksmaLean/Theorems/Thm_Sierksma_canon_colour_respects.lean:9:5: Variable name `hQ` is not explicitly referenced.
2026-10-07T01:45:43Z 
2026-10-07T01:45:43Z Hint: The binding can be removed (if unused) or named `_` (if used implicitly). Alternatively, prefix the name with `_` to silence this warning:
2026-10-07T01:45:43Z   [apply] _hQ
2026-10-07T01:45:43Z 
2026-10-07T01:45:43Z Note: This linter can be disabled with `set_option linter.unusedVariables false`
2026-10-07T01:45:43Z ⚠ [8724/12386] Replayed SierksmaLean.Theorems.Thm_Sierksma_rational_generic_real_bridge
2026-10-07T01:45:43Z warning: SierksmaLean/Theorems/Thm_Sierksma_rational_generic_real_bridge.lean:7:22: Variable name `h` is not explicitly referenced.
2026-10-07T01:45:43Z 
2026-10-07T01:45:43Z Hint: The binding can be removed (if unused) or named `_` (if used implicitly). Alternatively, prefix the name with `_` to silence this warning:
2026-10-07T01:45:43Z   [apply] _h
2026-10-07T01:45:43Z 
2026-10-07T01:45:43Z Note: This linter can be disabled with `set_option linter.unusedVariables false`
2026-10-07T01:45:43Z ⚠ [8726/12386] Replayed SierksmaLean.Theorems.Thm_Sierksma_g1_sorted_determinants_suffice
2026-10-07T01:45:43Z warning: SierksmaLean/Theorems/Thm_Sierksma_g1_sorted_determinants_suffice.lean:7:22: Variable name `h` is not explicitly referenced.
2026-10-07T01:45:43Z 
2026-10-07T01:45:43Z Hint: The binding can be removed (if unused) or named `_` (if used implicitly). Alternatively, prefix the name with `_` to silence this warning:
2026-10-07T01:45:43Z   [apply] _h
2026-10-07T01:45:43Z 
2026-10-07T01:45:43Z Note: This linter can be disabled with `set_option linter.unusedVariables false`
2026-10-07T01:45:43Z ⚠ [8727/12386] Replayed SierksmaLean.Proofs.Proof_PLDegree_det4_expansion
2026-10-07T01:45:43Z warning: SierksmaLean/Proofs/Proof_PLDegree_det4_expansion.lean:34:12: This simp argument is unused:
2026-10-07T01:45:43Z   hs
2026-10-07T01:45:43Z 
2026-10-07T01:45:43Z Hint: Omit it from the simp argument list.
2026-10-07T01:45:43Z   [apply] simp [hf, Matrix.vecHead, Matrix.vecTail, Fin.succ]
2026-10-07T01:45:43Z 
2026-10-07T01:45:43Z Note: This linter can be disabled with `set_option linter.unusedSimpArgs false`
2026-10-07T01:45:43Z warning: SierksmaLean/Proofs/Proof_PLDegree_det4_expansion.lean:34:16: This simp argument is unused:
2026-10-07T01:45:43Z   Matrix.vecHead
2026-10-07T01:45:43Z 
2026-10-07T01:45:43Z Hint: Omit it from the simp argument list.
2026-10-07T01:45:43Z   [apply] simp [hf, hs, Matrix.vecTail, Fin.succ]
2026-10-07T01:45:43Z 
2026-10-07T01:45:43Z Note: This linter can be disabled with `set_option linter.unusedSimpArgs false`
2026-10-07T01:45:43Z warning: SierksmaLean/Proofs/Proof_PLDegree_det4_expansion.lean:34:32: This simp argument is unused:
2026-10-07T01:45:43Z   Matrix.vecTail
2026-10-07T01:45:43Z 
2026-10-07T01:45:43Z Hint: Omit it from the simp argument list.
2026-10-07T01:45:43Z   [apply] simp [hf, hs, Matrix.vecHead, Fin.succ]
2026-10-07T01:45:43Z 
2026-10-07T01:45:43Z Note: This linter can be disabled with `set_option linter.unusedSimpArgs false`
2026-10-07T01:45:43Z ⚠ [8733/12386] Replayed SierksmaLean.Proofs.Proof_Sierksma_rqlift_determinant_eq_triple
2026-10-07T01:45:43Z warning: SierksmaLean/Proofs/Proof_Sierksma_rqlift_determinant_eq_triple.lean:18:27: This simp argument is unused:
2026-10-07T01:45:43Z   Matrix.vecHead
2026-10-07T01:45:43Z 
2026-10-07T01:45:43Z Hint: Omit it from the simp argument list.
2026-10-07T01:45:43Z   [apply] simp [Matrix.of_apply, Matrix.vecTail, Pi.sub_apply]
2026-10-07T01:45:43Z 
2026-10-07T01:45:43Z Note: This linter can be disabled with `set_option linter.unusedSimpArgs false`
2026-10-07T01:45:43Z warning: SierksmaLean/Proofs/Proof_Sierksma_rqlift_determinant_eq_triple.lean:18:43: This simp argument is unused:
2026-10-07T01:45:43Z   Matrix.vecTail
2026-10-07T01:45:43Z 
2026-10-07T01:45:43Z Hint: Omit it from the simp argument list.
2026-10-07T01:45:43Z   [apply] simp [Matrix.of_apply, Matrix.vecHead, Pi.sub_apply]
2026-10-07T01:45:43Z 
2026-10-07T01:45:43Z Note: This linter can be disabled with `set_option linter.unusedSimpArgs false`
2026-10-07T01:45:43Z ⚠ [8735/12386] Replayed SierksmaLean.Proofs.Proof_Sierksma_g4_sorted_triples_suffice
2026-10-07T01:45:43Z warning: SierksmaLean/Proofs/Proof_Sierksma_g4_sorted_triples_suffice.lean:30:27: This simp argument is unused:
2026-10-07T01:45:43Z   Matrix.vecHead
2026-10-07T01:45:43Z 
2026-10-07T01:45:43Z Hint: Omit it from the simp argument list.
2026-10-07T01:45:43Z   [apply] simp [Matrix.of_apply, Matrix.vecTail, Pi.sub_apply]
2026-10-07T01:45:43Z 
2026-10-07T01:45:43Z Note: This linter can be disabled with `set_option linter.unusedSimpArgs false`
2026-10-07T01:45:43Z warning: SierksmaLean/Proofs/Proof_Sierksma_g4_sorted_triples_suffice.lean:30:43: This simp argument is unused:
2026-10-07T01:45:43Z   Matrix.vecTail
2026-10-07T01:45:43Z 
2026-10-07T01:45:43Z Hint: Omit it from the simp argument list.
2026-10-07T01:45:43Z   [apply] simp [Matrix.of_apply, Matrix.vecHead, Pi.sub_apply]
2026-10-07T01:45:43Z 
2026-10-07T01:45:43Z Note: This linter can be disabled with `set_option linter.unusedSimpArgs false`
2026-10-07T01:45:43Z ⚠ [8736/12386] Replayed SierksmaLean.Theorems.Thm_Sierksma_g4_sorted_triples_suffice
2026-10-07T01:45:43Z warning: SierksmaLean/Theorems/Thm_Sierksma_g4_sorted_triples_suffice.lean:7:22: Variable name `h` is not explicitly referenced.
2026-10-07T01:45:43Z 
2026-10-07T01:45:43Z Hint: The binding can be removed (if unused) or named `_` (if used implicitly). Alternatively, prefix the name with `_` to silence this warning:
2026-10-07T01:45:43Z   [apply] _h
2026-10-07T01:45:43Z 
2026-10-07T01:45:43Z Note: This linter can be disabled with `set_option linter.unusedVariables false`
2026-10-07T01:45:43Z ⚠ [8737/12386] Replayed SierksmaLean.Proofs.Proof_Sierksma_rqtriple_det_formula
2026-10-07T01:45:43Z warning: SierksmaLean/Proofs/Proof_Sierksma_rqtriple_det_formula.lean:13:25: This simp argument is unused:
2026-10-07T01:45:43Z   Matrix.vecHead
2026-10-07T01:45:43Z 
2026-10-07T01:45:43Z Hint: Omit it from the simp argument list.
2026-10-07T01:45:43Z   [apply] simp [Matrix.of_apply, Matrix.vecTail, Pi.sub_apply]
2026-10-07T01:45:43Z 
2026-10-07T01:45:43Z Note: This linter can be disabled with `set_option linter.unusedSimpArgs false`
2026-10-07T01:45:43Z warning: SierksmaLean/Proofs/Proof_Sierksma_rqtriple_det_formula.lean:13:41: This simp argument is unused:
2026-10-07T01:45:43Z   Matrix.vecTail
2026-10-07T01:45:43Z 
2026-10-07T01:45:43Z Hint: Omit it from the simp argument list.
2026-10-07T01:45:43Z   [apply] simp [Matrix.of_apply, Matrix.vecHead, Pi.sub_apply]
2026-10-07T01:45:43Z 
2026-10-07T01:45:43Z Note: This linter can be disabled with `set_option linter.unusedSimpArgs false`
2026-10-07T01:45:43Z ⚠ [8815/12386] Replayed SierksmaLean.Proofs.Proof_PLDegree_scaled_right_inverse_certificate
2026-10-07T01:45:43Z warning: SierksmaLean/Proofs/Proof_PLDegree_scaled_right_inverse_certificate.lean:8:28: This simp argument is unused:
2026-10-07T01:45:43Z   Matrix.det_smul
2026-10-07T01:45:43Z 
2026-10-07T01:45:43Z Hint: Omit it from the simp argument list.
2026-10-07T01:45:43Z   [apply] simp
2026-10-07T01:45:43Z 
2026-10-07T01:45:43Z Note: This linter can be disabled with `set_option linter.unusedSimpArgs false`
2026-10-07T01:45:43Z ⚠ [8816/12386] Replayed SierksmaLean.Theorems.Thm_PLDegree_scaled_right_inverse_certificate
2026-10-07T01:45:43Z warning: SierksmaLean/Theorems/Thm_PLDegree_scaled_right_inverse_certificate.lean:6:78: Variable name `hd` is not explicitly referenced.
2026-10-07T01:45:43Z 
2026-10-07T01:45:43Z Hint: The binding can be removed (if unused) or named `_` (if used implicitly). Alternatively, prefix the name with `_` to silence this warning:
2026-10-07T01:45:43Z   [apply] _hd
2026-10-07T01:45:43Z 
2026-10-07T01:45:43Z Note: This linter can be disabled with `set_option linter.unusedVariables false`
2026-10-07T01:45:43Z warning: SierksmaLean/Theorems/Thm_PLDegree_scaled_right_inverse_certificate.lean:6:91: Variable name `hAB` is not explicitly referenced.
2026-10-07T01:45:43Z 
2026-10-07T01:45:43Z Hint: The binding can be removed (if unused) or named `_` (if used implicitly). Alternatively, prefix the name with `_` to silence this warning:
2026-10-07T01:45:43Z   [apply] _hAB
2026-10-07T01:45:43Z 
2026-10-07T01:45:43Z Note: This linter can be disabled with `set_option linter.unusedVariables false`
2026-10-07T01:45:43Z ⚠ [8818/12386] Replayed SierksmaLean.Theorems.Thm_PLDegree_cofactor_nonzero_of_scaled_right_inverse
2026-10-07T01:45:43Z warning: SierksmaLean/Theorems/Thm_PLDegree_cofactor_nonzero_of_scaled_right_inverse.lean:6:86: Variable name `hd` is not explicitly referenced.
2026-10-07T01:45:43Z 
2026-10-07T01:45:43Z Hint: The binding can be removed (if unused) or named `_` (if used implicitly). Alternatively, prefix the name with `_` to silence this warning:
2026-10-07T01:45:43Z   [apply] _hd
2026-10-07T01:45:43Z 
2026-10-07T01:45:43Z Note: This linter can be disabled with `set_option linter.unusedVariables false`
2026-10-07T01:45:43Z warning: SierksmaLean/Theorems/Thm_PLDegree_cofactor_nonzero_of_scaled_right_inverse.lean:6:99: Variable name `hAB` is not explicitly referenced.
2026-10-07T01:45:43Z 
2026-10-07T01:45:43Z Hint: The binding can be removed (if unused) or named `_` (if used implicitly). Alternatively, prefix the name with `_` to silence this warning:
2026-10-07T01:45:43Z   [apply] _hAB
2026-10-07T01:45:43Z 
2026-10-07T01:45:43Z Note: This linter can be disabled with `set_option linter.unusedVariables false`
2026-10-07T01:45:43Z warning: SierksmaLean/Theorems/Thm_PLDegree_cofactor_nonzero_of_scaled_right_inverse.lean:6:176: Variable name `hB` is not explicitly referenced.
2026-10-07T01:45:43Z 
2026-10-07T01:45:43Z Hint: The binding can be removed (if unused) or named `_` (if used implicitly). Alternatively, prefix the name with `_` to silence this warning:
2026-10-07T01:45:43Z   [apply] _hB
2026-10-07T01:45:43Z 
2026-10-07T01:45:43Z Note: This linter can be disabled with `set_option linter.unusedVariables false`
2026-10-07T01:45:43Z ⚠ [8820/12386] Replayed SierksmaLean.Theorems.Thm_Sierksma_last_cofactor_certificate
2026-10-07T01:45:43Z warning: SierksmaLean/Theorems/Thm_Sierksma_last_cofactor_certificate.lean:7:48: Variable name `hd` is not explicitly referenced.
2026-10-07T01:45:43Z 
2026-10-07T01:45:43Z Hint: The binding can be removed (if unused) or named `_` (if used implicitly). Alternatively, prefix the name with `_` to silence this warning:
2026-10-07T01:45:43Z   [apply] _hd
2026-10-07T01:45:43Z 
2026-10-07T01:45:43Z Note: This linter can be disabled with `set_option linter.unusedVariables false`
2026-10-07T01:45:43Z warning: SierksmaLean/Theorems/Thm_Sierksma_last_cofactor_certificate.lean:7:61: Variable name `hMB` is not explicitly referenced.
2026-10-07T01:45:43Z 
2026-10-07T01:45:43Z Hint: The binding can be removed (if unused) or named `_` (if used implicitly). Alternatively, prefix the name with `_` to silence this warning:
2026-10-07T01:45:43Z   [apply] _hMB
2026-10-07T01:45:43Z 
2026-10-07T01:45:43Z Note: This linter can be disabled with `set_option linter.unusedVariables false`
2026-10-07T01:45:43Z warning: SierksmaLean/Theorems/Thm_Sierksma_last_cofactor_certificate.lean:7:112: Variable name `hB` is not explicitly referenced.
2026-10-07T01:45:43Z 
2026-10-07T01:45:43Z Hint: The binding can be removed (if unused) or named `_` (if used implicitly). Alternatively, prefix the name with `_` to silence this warning:
2026-10-07T01:45:43Z   [apply] _hB
2026-10-07T01:45:43Z 
2026-10-07T01:45:43Z Note: This linter can be disabled with `set_option linter.unusedVariables false`
2026-10-07T01:45:43Z ⚠ [10095/12386] Replayed SierksmaLean.Proofs.Proof_Sierksma_coefficients_to_signed_system
2026-10-07T01:45:43Z warning: SierksmaLean/Proofs/Proof_Sierksma_coefficients_to_signed_system.lean:78:24: This simp argument is unused:
2026-10-07T01:45:43Z   add_mul
2026-10-07T01:45:43Z 
2026-10-07T01:45:43Z Hint: Omit it from the simp argument list.
2026-10-07T01:45:43Z   [apply] simp only [mul_add, Finset.sum_add_distrib, Finset.sum_mul, Finset.mul_sum]
2026-10-07T01:45:43Z 
2026-10-07T01:45:43Z Note: This linter can be disabled with `set_option linter.unusedSimpArgs false`
2026-10-07T01:45:43Z warning: SierksmaLean/Proofs/Proof_Sierksma_coefficients_to_signed_system.lean:120:391: This simp argument is unused:
2026-10-07T01:45:43Z   zero_add
2026-10-07T01:45:43Z 
2026-10-07T01:45:43Z Hint: Omit it from the simp argument list.
2026-10-07T01:45:43Z   [apply] simp only [a, show (∅ : Finset (Fin 4)) ≠ { 2, 3 } from by decide,
2026-10-07T01:45:43Z     show (∅ : Finset (Fin 4)) ≠ { 1, 3 } from by decide, show (∅ : Finset (Fin 4)) ≠ { 1, 2 } from by decide,
2026-10-07T01:45:43Z     show (∅ : Finset (Fin 4)) ≠ {0, 3} from by decide, show (∅ : Finset (Fin 4)) ≠ {0, 2} from by decide,
2026-10-07T01:45:43Z     show (∅ : Finset (Fin 4)) ≠ {0, 1} from by decide, show (∅ : Finset (Fin 4)) ≠ {0, 1, 2, 3} from by decide,
2026-10-07T01:45:43Z     if_false, if_true, add_zero] at hx
2026-10-07T01:45:43Z 
2026-10-07T01:45:43Z Note: This linter can be disabled with `set_option linter.unusedSimpArgs false`
2026-10-07T01:45:43Z warning: SierksmaLean/Proofs/Proof_Sierksma_coefficients_to_signed_system.lean:125:50: This simp argument is unused:
2026-10-07T01:45:43Z   mul_comm
2026-10-07T01:45:43Z 
2026-10-07T01:45:43Z Hint: Omit it from the simp argument list.
2026-10-07T01:45:43Z   [apply] simp only [Finset.mul_sum, mul_assoc, mul_left_comm]
2026-10-07T01:45:43Z 
2026-10-07T01:45:43Z Note: This linter can be disabled with `set_option linter.unusedSimpArgs false`
2026-10-07T01:45:43Z warning: SierksmaLean/Proofs/Proof_Sierksma_coefficients_to_signed_system.lean:205:49: try 'simp' instead of 'simpa'
2026-10-07T01:45:43Z 
2026-10-07T01:45:43Z Note: This linter can be disabled with `set_option linter.unnecessarySimpa false`
2026-10-07T01:45:43Z ⚠ [10096/12386] Replayed SierksmaLean.Theorems.Thm_Sierksma_coefficients_to_signed_system
2026-10-07T01:45:43Z warning: SierksmaLean/Theorems/Thm_Sierksma_coefficients_to_signed_system.lean:9:5: Variable name `h` is not explicitly referenced.
2026-10-07T01:45:43Z 
2026-10-07T01:45:43Z Hint: The binding can be removed (if unused) or named `_` (if used implicitly). Alternatively, prefix the name with `_` to silence this warning:
2026-10-07T01:45:43Z   [apply] _h
2026-10-07T01:45:43Z 
2026-10-07T01:45:43Z Note: This linter can be disabled with `set_option linter.unusedVariables false`
2026-10-07T01:45:43Z ⚠ [10098/12386] Replayed SierksmaLean.Proofs.Proof_Sierksma_twist_polynomial_cone_count
2026-10-07T01:45:43Z warning: SierksmaLean/Proofs/Proof_Sierksma_twist_polynomial_cone_count.lean:45:18: This simp argument is unused:
2026-10-07T01:45:43Z   h
2026-10-07T01:45:43Z 
2026-10-07T01:45:43Z Hint: Omit it from the simp argument list.
2026-10-07T01:45:43Z   [apply] simp [augment, SignMatrix, SignRow, hj]
2026-10-07T01:45:43Z 
2026-10-07T01:45:43Z Note: This linter can be disabled with `set_option linter.unusedSimpArgs false`
2026-10-07T01:45:43Z warning: SierksmaLean/Proofs/Proof_Sierksma_twist_polynomial_cone_count.lean:111:47: This simp argument is unused:
2026-10-07T01:45:43Z   Pi.single_apply
2026-10-07T01:45:43Z 
2026-10-07T01:45:43Z Hint: Omit it from the simp argument list.
2026-10-07T01:45:43Z   [apply] simp [h]
2026-10-07T01:45:43Z 
2026-10-07T01:45:43Z Note: This linter can be disabled with `set_option linter.unusedSimpArgs false`
2026-10-07T01:45:43Z warning: SierksmaLean/Proofs/Proof_Sierksma_twist_polynomial_cone_count.lean:113:12: This simp argument is unused:
2026-10-07T01:45:43Z   Pi.single_apply
2026-10-07T01:45:43Z 
2026-10-07T01:45:43Z Hint: Omit it from the simp argument list.
2026-10-07T01:45:43Z   [apply] simp [h]
2026-10-07T01:45:43Z 
2026-10-07T01:45:43Z Note: This linter can be disabled with `set_option linter.unusedSimpArgs false`
2026-10-07T01:45:43Z warning: SierksmaLean/Proofs/Proof_Sierksma_twist_polynomial_cone_count.lean:142:78: This simp argument is unused:
2026-10-07T01:45:43Z   h02
2026-10-07T01:45:43Z 
2026-10-07T01:45:43Z Hint: Omit it from the simp argument list.
2026-10-07T01:45:43Z   [apply] simp [TestW, k.isLt, hc, h01, h12, h10, h20, h21]
2026-10-07T01:45:43Z 
2026-10-07T01:45:43Z Note: This linter can be disabled with `set_option linter.unusedSimpArgs false`
2026-10-07T01:45:43Z warning: SierksmaLean/Proofs/Proof_Sierksma_twist_polynomial_cone_count.lean:142:83: This simp argument is unused:
2026-10-07T01:45:43Z   h12
2026-10-07T01:45:43Z 
2026-10-07T01:45:43Z Hint: Omit it from the simp argument list.
2026-10-07T01:45:43Z   [apply] simp [TestW, k.isLt, hc, h01, h02, h10, h20, h21]
2026-10-07T01:45:43Z 
2026-10-07T01:45:43Z Note: This linter can be disabled with `set_option linter.unusedSimpArgs false`
2026-10-07T01:45:43Z warning: SierksmaLean/Proofs/Proof_Sierksma_twist_polynomial_cone_count.lean:147:96: This simp argument is unused:
2026-10-07T01:45:43Z   h01
2026-10-07T01:45:43Z 
2026-10-07T01:45:43Z Hint: Omit it from the simp argument list.
2026-10-07T01:45:43Z   [apply] simp [TestW, show ¬k.val + 4 < 4 by omega, hc, h02, h12, h10, h20, h21]
2026-10-07T01:45:43Z 
2026-10-07T01:45:43Z Note: This linter can be disabled with `set_option linter.unusedSimpArgs false`
2026-10-07T01:45:43Z warning: SierksmaLean/Proofs/Proof_Sierksma_twist_polynomial_cone_count.lean:176:31: This simp argument is unused:
2026-10-07T01:45:43Z   show ¬(3 : ℕ) < 3 by omega
2026-10-07T01:45:43Z 
2026-10-07T01:45:43Z Hint: Omit it from the simp argument list.
2026-10-07T01:45:43Z   [apply] simp only [X, LiftCoord, dif_neg, mul_one]
2026-10-07T01:45:43Z 
2026-10-07T01:45:43Z Note: This linter can be disabled with `set_option linter.unusedSimpArgs false`
2026-10-07T01:45:43Z warning: SierksmaLean/Proofs/Proof_Sierksma_twist_polynomial_cone_count.lean:176:58: This simp argument is unused:
2026-10-07T01:45:43Z   dif_neg
2026-10-07T01:45:43Z 
2026-10-07T01:45:43Z Hint: Omit it from the simp argument list.
2026-10-07T01:45:43Z   [apply] simp only [X, LiftCoord, show ¬(3 : ℕ) < 3 by omega, mul_one]
2026-10-07T01:45:43Z 
2026-10-07T01:45:43Z Note: This linter can be disabled with `set_option linter.unusedSimpArgs false`
2026-10-07T01:45:43Z warning: SierksmaLean/Proofs/Proof_Sierksma_twist_polynomial_cone_count.lean:176:67: This simp argument is unused:
2026-10-07T01:45:43Z   mul_one
2026-10-07T01:45:43Z 
2026-10-07T01:45:43Z Hint: Omit it from the simp argument list.
2026-10-07T01:45:43Z   [apply] simp only [X, LiftCoord, show ¬(3 : ℕ) < 3 by omega, dif_neg]
2026-10-07T01:45:43Z 
2026-10-07T01:45:43Z Note: This linter can be disabled with `set_option linter.unusedSimpArgs false`
2026-10-07T01:45:43Z warning: SierksmaLean/Proofs/Proof_Sierksma_twist_polynomial_cone_count.lean:569:29: This simp argument is unused:
2026-10-07T01:45:43Z   Fin.sum_univ_succ
2026-10-07T01:45:43Z 
2026-10-07T01:45:43Z Hint: Omit it from the simp argument list.
2026-10-07T01:45:43Z   [apply] simp [Matrix.mul_apply, hentry, SignMatrix, SignRow]
2026-10-07T01:45:43Z 
2026-10-07T01:45:43Z Note: This linter can be disabled with `set_option linter.unusedSimpArgs false`
2026-10-07T01:45:43Z warning: SierksmaLean/Proofs/Proof_Sierksma_twist_polynomial_cone_count.lean:832:10: Unused tactic linter: `change (Q, true) ∈ (ThreePartitions 9).product Finset.univ` does nothing
2026-10-07T01:45:43Z 
2026-10-07T01:45:43Z Note: This linter can be disabled with `set_option linter.unusedTactic false`
2026-10-07T01:45:43Z warning: SierksmaLean/Proofs/Proof_Sierksma_twist_polynomial_cone_count.lean:836:10: Unused tactic linter: `change (Q, false) ∈ (ThreePartitions 9).product Finset.univ` does nothing
2026-10-07T01:45:43Z 
2026-10-07T01:45:43Z Note: This linter can be disabled with `set_option linter.unusedTactic false`
2026-10-07T01:45:43Z warning: SierksmaLean/Proofs/Proof_Sierksma_twist_polynomial_cone_count.lean:976:56: This simp argument is unused:
2026-10-07T01:45:43Z   himage
2026-10-07T01:45:43Z 
2026-10-07T01:45:43Z Hint: Omit it from the simp argument list.
2026-10-07T01:45:43Z   [apply] simp only [listedFace, Finsupp.smul_single, smul_eq_mul, htsign, hftsign]
2026-10-07T01:45:43Z 
2026-10-07T01:45:43Z Note: This linter can be disabled with `set_option linter.unusedSimpArgs false`
2026-10-07T01:45:43Z warning: SierksmaLean/Proofs/Proof_Sierksma_twist_polynomial_cone_count.lean:969:12: Used `tac1 <;> tac2` where `(tac1; tac2)` would suffice
2026-10-07T01:45:43Z 
2026-10-07T01:45:43Z Note: This linter can be disabled with `set_option linter.unnecessarySeqFocus false`
2026-10-07T01:45:43Z warning: SierksmaLean/Proofs/Proof_Sierksma_twist_polynomial_cone_count.lean:969:22: Used `tac1 <;> tac2` where `(tac1; tac2)` would suffice
2026-10-07T01:45:43Z 
2026-10-07T01:45:43Z Note: This linter can be disabled with `set_option linter.unnecessarySeqFocus false`
2026-10-07T01:45:43Z warning: SierksmaLean/Proofs/Proof_Sierksma_twist_polynomial_cone_count.lean:1002:13: This simp argument is unused:
2026-10-07T01:45:43Z   add_zero
2026-10-07T01:45:43Z 
2026-10-07T01:45:43Z Hint: Omit it from the simp argument list.
2026-10-07T01:45:43Z   [apply] simp only [zero_add]
2026-10-07T01:45:43Z 
2026-10-07T01:45:43Z Note: This linter can be disabled with `set_option linter.unusedSimpArgs false`
2026-10-07T01:45:43Z warning: SierksmaLean/Proofs/Proof_Sierksma_twist_polynomial_cone_count.lean:1003:10: Used `tac1 <;> tac2` where `(tac1; tac2)` would suffice
2026-10-07T01:45:43Z 
2026-10-07T01:45:43Z Note: This linter can be disabled with `set_option linter.unnecessarySeqFocus false`
2026-10-07T01:45:43Z warning: SierksmaLean/Proofs/Proof_Sierksma_twist_polynomial_cone_count.lean:1051:55: This simp argument is unused:
2026-10-07T01:45:43Z   hrank
2026-10-07T01:45:43Z 
2026-10-07T01:45:43Z Hint: Omit it from the simp argument list.
2026-10-07T01:45:43Z   [apply] simp only [Finsupp.smul_single, smul_eq_mul, incidence]
2026-10-07T01:45:43Z 
2026-10-07T01:45:43Z Note: This linter can be disabled with `set_option linter.unusedSimpArgs false`
2026-10-07T01:45:43Z warning: SierksmaLean/Proofs/Proof_Sierksma_twist_polynomial_cone_count.lean:1017:12: Used `tac1 <;> tac2` where `(tac1; tac2)` would suffice
2026-10-07T01:45:43Z 
2026-10-07T01:45:43Z Note: This linter can be disabled with `set_option linter.unnecessarySeqFocus false`
2026-10-07T01:45:43Z warning: SierksmaLean/Proofs/Proof_Sierksma_twist_polynomial_cone_count.lean:1017:22: Used `tac1 <;> tac2` where `(tac1; tac2)` would suffice
2026-10-07T01:45:43Z 
2026-10-07T01:45:43Z Note: This linter can be disabled with `set_option linter.unnecessarySeqFocus false`
2026-10-07T01:45:43Z warning: SierksmaLean/Proofs/Proof_Sierksma_twist_polynomial_cone_count.lean:1191:31: this tactic is never executed
2026-10-07T01:45:43Z 
2026-10-07T01:45:43Z Note: This linter can be disabled with `set_option linter.unreachableTactic false`
2026-10-07T01:45:43Z warning: SierksmaLean/Proofs/Proof_Sierksma_twist_polynomial_cone_count.lean:1191:31: Unused tactic linter: `omega` does nothing
2026-10-07T01:45:43Z 
2026-10-07T01:45:43Z Note: This linter can be disabled with `set_option linter.unusedTactic false`
2026-10-07T01:45:43Z warning: SierksmaLean/Proofs/Proof_Sierksma_twist_polynomial_cone_count.lean:1391:73: This simp argument is unused:
2026-10-07T01:45:43Z   Fin.coe_ofNat_eq_mod
2026-10-07T01:45:43Z 
2026-10-07T01:45:43Z Hint: Omit it from the simp argument list.
2026-10-07T01:45:43Z   [apply] simp only [SP, Equiv.Perm.mul_apply, SplitPosU, SplitPosV]
2026-10-07T01:45:43Z 
2026-10-07T01:45:43Z Note: This linter can be disabled with `set_option linter.unusedSimpArgs false`
2026-10-07T01:45:43Z warning: SierksmaLean/Proofs/Proof_Sierksma_twist_polynomial_cone_count.lean:1392:62: this tactic is never executed
2026-10-07T01:45:43Z 
2026-10-07T01:45:43Z Note: This linter can be disabled with `set_option linter.unreachableTactic false`
2026-10-07T01:45:43Z warning: SierksmaLean/Proofs/Proof_Sierksma_twist_polynomial_cone_count.lean:1392:62: Unused tactic linter: `omega` does nothing
2026-10-07T01:45:43Z 
2026-10-07T01:45:43Z Note: This linter can be disabled with `set_option linter.unusedTactic false`
2026-10-07T01:45:43Z warning: SierksmaLean/Proofs/Proof_Sierksma_twist_polynomial_cone_count.lean:1395:73: This simp argument is unused:
2026-10-07T01:45:43Z   Fin.coe_ofNat_eq_mod
2026-10-07T01:45:43Z 
2026-10-07T01:45:43Z Hint: Omit it from the simp argument list.
2026-10-07T01:45:43Z   [apply] simp only [SP, Equiv.Perm.mul_apply, SplitPosU, SplitPosV]
2026-10-07T01:45:43Z 
2026-10-07T01:45:43Z Note: This linter can be disabled with `set_option linter.unusedSimpArgs false`
2026-10-07T01:45:43Z warning: SierksmaLean/Proofs/Proof_Sierksma_twist_polynomial_cone_count.lean:1396:62: this tactic is never executed
2026-10-07T01:45:43Z 
2026-10-07T01:45:43Z Note: This linter can be disabled with `set_option linter.unreachableTactic false`
2026-10-07T01:45:43Z warning: SierksmaLean/Proofs/Proof_Sierksma_twist_polynomial_cone_count.lean:1396:62: Unused tactic linter: `omega` does nothing
2026-10-07T01:45:43Z 
2026-10-07T01:45:43Z Note: This linter can be disabled with `set_option linter.unusedTactic false`
2026-10-07T01:45:43Z warning: SierksmaLean/Proofs/Proof_Sierksma_twist_polynomial_cone_count.lean:1402:30: This simp argument is unused:
2026-10-07T01:45:43Z   Equiv.Perm.mul_apply
2026-10-07T01:45:43Z 
2026-10-07T01:45:43Z Hint: Omit it from the simp argument list.
2026-10-07T01:45:43Z   [apply] simp [Function.comp_apply, SP_zero, TwistPhi, Label, FC_zero]
2026-10-07T01:45:43Z 
2026-10-07T01:45:43Z Note: This linter can be disabled with `set_option linter.unusedSimpArgs false`
2026-10-07T01:45:43Z warning: SierksmaLean/Proofs/Proof_Sierksma_twist_polynomial_cone_count.lean:1409:29: This simp argument is unused:
2026-10-07T01:45:43Z   ZMod.val_natCast
2026-10-07T01:45:43Z 
2026-10-07T01:45:43Z Hint: Omit it from the simp argument list.
2026-10-07T01:45:43Z   [apply] simp [HexTuple, TwistPhi, Label, FC, HC, ha, SplitPosU, SplitPosV, Fin.coe_ofNat_eq_mod, ZMod.val_ofNat,
2026-10-07T01:45:43Z     ZMod.val_one_eq_one_mod]
2026-10-07T01:45:43Z 
2026-10-07T01:45:43Z Note: This linter can be disabled with `set_option linter.unusedSimpArgs false`
2026-10-07T01:45:43Z warning: SierksmaLean/Proofs/Proof_Sierksma_twist_polynomial_cone_count.lean:1416:29: This simp argument is unused:
2026-10-07T01:45:43Z   ZMod.val_natCast
2026-10-07T01:45:43Z 
2026-10-07T01:45:43Z Hint: Omit it from the simp argument list.
2026-10-07T01:45:43Z   [apply] simp [HexTuple, TwistPhi, Label, FC, HC, ha, SplitPosU, SplitPosV, Fin.coe_ofNat_eq_mod, ZMod.val_ofNat,
2026-10-07T01:45:43Z     ZMod.val_one_eq_one_mod]
2026-10-07T01:45:43Z 
2026-10-07T01:45:43Z Note: This linter can be disabled with `set_option linter.unusedSimpArgs false`
2026-10-07T01:45:43Z warning: SierksmaLean/Proofs/Proof_Sierksma_twist_polynomial_cone_count.lean:1423:29: This simp argument is unused:
2026-10-07T01:45:43Z   ZMod.val_natCast
2026-10-07T01:45:43Z 
2026-10-07T01:45:43Z Hint: Omit it from the simp argument list.
2026-10-07T01:45:43Z   [apply] simp [HexTuple, TwistPhi, Label, FC, HC, ha, SplitPosU, SplitPosV, Fin.coe_ofNat_eq_mod, ZMod.val_ofNat,
2026-10-07T01:45:43Z     ZMod.val_one_eq_one_mod]
2026-10-07T01:45:43Z 
2026-10-07T01:45:43Z Note: This linter can be disabled with `set_option linter.unusedSimpArgs false`
2026-10-07T01:45:43Z warning: SierksmaLean/Proofs/Proof_Sierksma_twist_polynomial_cone_count.lean:1430:29: This simp argument is unused:
2026-10-07T01:45:43Z   ZMod.val_natCast
2026-10-07T01:45:43Z 
2026-10-07T01:45:43Z Hint: Omit it from the simp argument list.
2026-10-07T01:45:43Z   [apply] simp [HexTuple, TwistPhi, Label, FC, HC, ha, SplitPosU, SplitPosV, Fin.coe_ofNat_eq_mod, ZMod.val_ofNat,
2026-10-07T01:45:43Z     ZMod.val_one_eq_one_mod]
2026-10-07T01:45:43Z 
2026-10-07T01:45:43Z Note: This linter can be disabled with `set_option linter.unusedSimpArgs false`
2026-10-07T01:45:43Z warning: SierksmaLean/Proofs/Proof_Sierksma_twist_polynomial_cone_count.lean:1437:29: This simp argument is unused:
2026-10-07T01:45:43Z   ZMod.val_natCast
2026-10-07T01:45:43Z 
2026-10-07T01:45:43Z Hint: Omit it from the simp argument list.
2026-10-07T01:45:43Z   [apply] simp [HexTuple, TwistPhi, Label, FC, HC, ha, SplitPosU, SplitPosV, Fin.coe_ofNat_eq_mod, ZMod.val_ofNat,
2026-10-07T01:45:43Z     ZMod.val_one_eq_one_mod]
2026-10-07T01:45:43Z 
2026-10-07T01:45:43Z Note: This linter can be disabled with `set_option linter.unusedSimpArgs false`
2026-10-07T01:45:43Z warning: SierksmaLean/Proofs/Proof_Sierksma_twist_polynomial_cone_count.lean:1444:29: This simp argument is unused:
2026-10-07T01:45:43Z   ZMod.val_natCast
2026-10-07T01:45:43Z 
2026-10-07T01:45:43Z Hint: Omit it from the simp argument list.
2026-10-07T01:45:43Z   [apply] simp [HexTuple, TwistPhi, Label, FC, HC, ha, SplitPosU, SplitPosV, Fin.coe_ofNat_eq_mod, ZMod.val_ofNat,
2026-10-07T01:45:43Z     ZMod.val_one_eq_one_mod]
2026-10-07T01:45:43Z 
2026-10-07T01:45:43Z Note: This linter can be disabled with `set_option linter.unusedSimpArgs false`
2026-10-07T01:45:43Z warning: SierksmaLean/Proofs/Proof_Sierksma_twist_polynomial_cone_count.lean:1451:29: This simp argument is unused:
2026-10-07T01:45:43Z   ZMod.val_natCast
2026-10-07T01:45:43Z 
2026-10-07T01:45:43Z Hint: Omit it from the simp argument list.
2026-10-07T01:45:43Z   [apply] simp [HexTuple, TwistPhi, Label, FC, HC, ha, SplitPosU, SplitPosV, Fin.coe_ofNat_eq_mod, ZMod.val_ofNat,
2026-10-07T01:45:43Z     ZMod.val_one_eq_one_mod]
2026-10-07T01:45:43Z 
2026-10-07T01:45:43Z Note: This linter can be disabled with `set_option linter.unusedSimpArgs false`
2026-10-07T01:45:43Z warning: SierksmaLean/Proofs/Proof_Sierksma_twist_polynomial_cone_count.lean:1458:29: This simp argument is unused:
2026-10-07T01:45:43Z   ZMod.val_natCast
2026-10-07T01:45:43Z 
2026-10-07T01:45:43Z Hint: Omit it from the simp argument list.
2026-10-07T01:45:43Z   [apply] simp [HexTuple, TwistPhi, Label, FC, HC, ha, SplitPosU, SplitPosV, Fin.coe_ofNat_eq_mod, ZMod.val_ofNat,
2026-10-07T01:45:43Z     ZMod.val_one_eq_one_mod]
2026-10-07T01:45:43Z 
2026-10-07T01:45:43Z Note: This linter can be disabled with `set_option linter.unusedSimpArgs false`
2026-10-07T01:45:43Z warning: SierksmaLean/Proofs/Proof_Sierksma_twist_polynomial_cone_count.lean:1465:26: This simp argument is unused:
2026-10-07T01:45:43Z   Equiv.Perm.sign_swap
2026-10-07T01:45:43Z 
2026-10-07T01:45:43Z Hint: Omit it from the simp argument list.
2026-10-07T01:45:43Z   [apply] simp_all
2026-10-07T01:45:43Z 
2026-10-07T01:45:43Z Note: This linter can be disabled with `set_option linter.unusedSimpArgs false`
2026-10-07T01:45:43Z warning: SierksmaLean/Proofs/Proof_Sierksma_twist_polynomial_cone_count.lean:1465:52: this tactic is never executed
2026-10-07T01:45:43Z 
2026-10-07T01:45:43Z Note: This linter can be disabled with `set_option linter.unreachableTactic false`
2026-10-07T01:45:43Z warning: SierksmaLean/Proofs/Proof_Sierksma_twist_polynomial_cone_count.lean:1465:52: Unused tactic linter: `omega` does nothing
2026-10-07T01:45:43Z 
2026-10-07T01:45:43Z Note: This linter can be disabled with `set_option linter.unusedTactic false`
2026-10-07T01:45:43Z warning: SierksmaLean/Proofs/Proof_Sierksma_twist_polynomial_cone_count.lean:1564:28: This simp argument is unused:
2026-10-07T01:45:43Z   CTerm
2026-10-07T01:45:43Z 
2026-10-07T01:45:43Z Hint: Omit it from the simp argument list.
2026-10-07T01:45:43Z   [apply] simp [Allowed, h0, hall, hz]
2026-10-07T01:45:43Z 
2026-10-07T01:45:43Z Note: This linter can be disabled with `set_option linter.unusedSimpArgs false`
2026-10-07T01:45:43Z warning: SierksmaLean/Proofs/Proof_Sierksma_twist_polynomial_cone_count.lean:1572:68: Variable name `hpi` is not explicitly referenced.
2026-10-07T01:45:43Z 
2026-10-07T01:45:43Z Hint: The binding can be removed (if unused) or named `_` (if used implicitly). Alternatively, prefix the name with `_` to silence this warning:
2026-10-07T01:45:43Z   [apply] _hpi
2026-10-07T01:45:43Z 
2026-10-07T01:45:43Z Note: This linter can be disabled with `set_option linter.unusedVariables false`
2026-10-07T01:45:43Z warning: SierksmaLean/Proofs/Proof_Sierksma_twist_polynomial_cone_count.lean:1589:25: This simp argument is unused:
2026-10-07T01:45:43Z   he
2026-10-07T01:45:43Z 
2026-10-07T01:45:43Z Hint: Omit it from the simp argument list.
2026-10-07T01:45:43Z   [apply] simp only [HexTuple, hg] at h
2026-10-07T01:45:43Z 
2026-10-07T01:45:43Z Note: This linter can be disabled with `set_option linter.unusedSimpArgs false`
2026-10-07T01:45:43Z warning: SierksmaLean/Proofs/Proof_Sierksma_twist_polynomial_cone_count.lean:1683:31: this tactic is never executed
2026-10-07T01:45:43Z 
2026-10-07T01:45:43Z Note: This linter can be disabled with `set_option linter.unreachableTactic false`
2026-10-07T01:45:43Z warning: SierksmaLean/Proofs/Proof_Sierksma_twist_polynomial_cone_count.lean:1683:31: Unused tactic linter: `omega` does nothing
2026-10-07T01:45:43Z 
2026-10-07T01:45:43Z Note: This linter can be disabled with `set_option linter.unusedTactic false`
2026-10-07T01:45:43Z warning: SierksmaLean/Proofs/Proof_Sierksma_twist_polynomial_cone_count.lean:1846:32: this tactic is never executed
2026-10-07T01:45:43Z 
2026-10-07T01:45:43Z Note: This linter can be disabled with `set_option linter.unreachableTactic false`
2026-10-07T01:45:43Z warning: SierksmaLean/Proofs/Proof_Sierksma_twist_polynomial_cone_count.lean:1846:32: Unused tactic linter: `ring` does nothing
2026-10-07T01:45:43Z 
2026-10-07T01:45:43Z Note: This linter can be disabled with `set_option linter.unusedTactic false`
2026-10-07T01:45:43Z warning: SierksmaLean/Proofs/Proof_Sierksma_twist_polynomial_cone_count.lean:2081:69: Variable name `hP` is not explicitly referenced.
2026-10-07T01:45:43Z 
2026-10-07T01:45:43Z Hint: The binding can be removed (if unused) or named `_` (if used implicitly). Alternatively, prefix the name with `_` to silence this warning:
2026-10-07T01:45:43Z   [apply] _hP
2026-10-07T01:45:43Z 
2026-10-07T01:45:43Z Note: This linter can be disabled with `set_option linter.unusedVariables false`
2026-10-07T01:45:43Z warning: SierksmaLean/Proofs/Proof_Sierksma_twist_polynomial_cone_count.lean:2090:12: This simp argument is unused:
2026-10-07T01:45:43Z   Function.comp_def
2026-10-07T01:45:43Z 
2026-10-07T01:45:43Z Hint: Omit it from the simp argument list.
2026-10-07T01:45:43Z   [apply] simp [EngineMap, TwistPhi, TargetTestMap, hv, hv24]
2026-10-07T01:45:43Z 
2026-10-07T01:45:43Z Note: This linter can be disabled with `set_option linter.unusedSimpArgs false`
2026-10-07T01:45:43Z ⚠ [10099/12386] Replayed SierksmaLean.Theorems.Thm_Sierksma_twist_polynomial_cone_count
2026-10-07T01:45:43Z warning: SierksmaLean/Theorems/Thm_Sierksma_twist_polynomial_cone_count.lean:7:24: Variable name `hP` is not explicitly referenced.
2026-10-07T01:45:43Z 
2026-10-07T01:45:43Z Hint: The binding can be removed (if unused) or named `_` (if used implicitly). Alternatively, prefix the name with `_` to silence this warning:
2026-10-07T01:45:43Z   [apply] _hP
2026-10-07T01:45:43Z 
2026-10-07T01:45:43Z Note: This linter can be disabled with `set_option linter.unusedVariables false`
2026-10-07T01:45:43Z warning: SierksmaLean/Theorems/Thm_Sierksma_twist_polynomial_cone_count.lean:7:74: Variable name `hpi` is not explicitly referenced.
2026-10-07T01:45:43Z 
2026-10-07T01:45:43Z Hint: The binding can be removed (if unused) or named `_` (if used implicitly). Alternatively, prefix the name with `_` to silence this warning:
2026-10-07T01:45:43Z   [apply] _hpi
2026-10-07T01:45:43Z 
2026-10-07T01:45:43Z Note: This linter can be disabled with `set_option linter.unusedVariables false`
2026-10-07T01:45:43Z ⚠ [10103/12386] Replayed SierksmaLean.Proofs.Proof_Sierksma_test_map_degree_stability
2026-10-07T01:45:43Z warning: SierksmaLean/Proofs/Proof_Sierksma_test_map_degree_stability.lean:54:23: This simp argument is unused:
2026-10-07T01:45:43Z   he
2026-10-07T01:45:43Z 
2026-10-07T01:45:43Z Hint: Omit it from the simp argument list.
2026-10-07T01:45:43Z   [apply] simp only [HexTuple, hg] at h
2026-10-07T01:45:43Z 
2026-10-07T01:45:43Z Note: This linter can be disabled with `set_option linter.unusedSimpArgs false`
2026-10-07T01:45:43Z warning: SierksmaLean/Proofs/Proof_Sierksma_test_map_degree_stability.lean:86:16: `Finsupp.finset_sum_apply` has been deprecated: Use `Finsupp.finsetSum_apply` instead
2026-10-07T01:45:43Z warning: SierksmaLean/Proofs/Proof_Sierksma_test_map_degree_stability.lean:115:30: This simp argument is unused:
2026-10-07T01:45:43Z   if_pos hbound
2026-10-07T01:45:43Z 
2026-10-07T01:45:43Z Hint: Omit it from the simp argument list.
2026-10-07T01:45:43Z   [apply] simp only [ShiftVertex, HexTuple] at heq
2026-10-07T01:45:43Z 
2026-10-07T01:45:43Z Note: This linter can be disabled with `set_option linter.unusedSimpArgs false`
2026-10-07T01:45:43Z warning: SierksmaLean/Proofs/Proof_Sierksma_test_map_degree_stability.lean:118:28: This simp argument is unused:
2026-10-07T01:45:43Z   if_pos hbound
2026-10-07T01:45:43Z 
2026-10-07T01:45:43Z Hint: Omit it from the simp argument list.
2026-10-07T01:45:43Z   [apply] simp only [ShiftVertex, HexTuple, hf, hblock] at heq
2026-10-07T01:45:43Z 
2026-10-07T01:45:43Z Note: This linter can be disabled with `set_option linter.unusedSimpArgs false`
2026-10-07T01:45:43Z warning: SierksmaLean/Proofs/Proof_Sierksma_test_map_degree_stability.lean:118:53: This simp argument is unused:
2026-10-07T01:45:43Z   hf
2026-10-07T01:45:43Z 
2026-10-07T01:45:43Z Hint: Omit it from the simp argument list.
2026-10-07T01:45:43Z   [apply] simp only [ShiftVertex, if_pos hbound, HexTuple, hblock] at heq
2026-10-07T01:45:43Z 
2026-10-07T01:45:43Z Note: This linter can be disabled with `set_option linter.unusedSimpArgs false`
2026-10-07T01:45:43Z warning: SierksmaLean/Proofs/Proof_Sierksma_test_map_degree_stability.lean:173:26: This simp argument is unused:
2026-10-07T01:45:43Z   and_true
2026-10-07T01:45:43Z 
2026-10-07T01:45:43Z Hint: Omit it from the simp argument list.
2026-10-07T01:45:43Z   [apply] simp only [and_false, false_and, true_and, ite_false, ite_true, add_zero, zero_add]
2026-10-07T01:45:43Z 
2026-10-07T01:45:43Z Note: This linter can be disabled with `set_option linter.unusedSimpArgs false`
2026-10-07T01:45:43Z warning: SierksmaLean/Proofs/Proof_Sierksma_test_map_degree_stability.lean:173:68: This simp argument is unused:
2026-10-07T01:45:43Z   ite_true
2026-10-07T01:45:43Z 
2026-10-07T01:45:43Z Hint: Omit it from the simp argument list.
2026-10-07T01:45:43Z   [apply] simp only [and_false, and_true, false_and, true_and, ite_false, add_zero, zero_add]
2026-10-07T01:45:43Z 
2026-10-07T01:45:43Z Note: This linter can be disabled with `set_option linter.unusedSimpArgs false`
2026-10-07T01:45:43Z warning: SierksmaLean/Proofs/Proof_Sierksma_test_map_degree_stability.lean:225:62: This simp argument is unused:
2026-10-07T01:45:43Z   add_zero
2026-10-07T01:45:43Z 
2026-10-07T01:45:43Z Hint: Omit it from the simp argument list.
2026-10-07T01:45:43Z   [apply] simp only [step_lt, lt_self_iff_false, ite_false, zero_add]
2026-10-07T01:45:43Z 
2026-10-07T01:45:43Z Note: This linter can be disabled with `set_option linter.unusedSimpArgs false`
2026-10-07T01:45:43Z warning: SierksmaLean/Proofs/Proof_Sierksma_test_map_degree_stability.lean:229:31: This simp argument is unused:
2026-10-07T01:45:43Z   Fin.ext_iff
2026-10-07T01:45:43Z 
2026-10-07T01:45:43Z Hint: Omit it from the simp argument list.
2026-10-07T01:45:43Z   [apply] simp only [step, Fin.lt_def]
2026-10-07T01:45:43Z 
2026-10-07T01:45:43Z Note: This linter can be disabled with `set_option linter.unusedSimpArgs false`
2026-10-07T01:45:43Z warning: SierksmaLean/Proofs/Proof_Sierksma_test_map_degree_stability.lean:239:72: This simp argument is unused:
2026-10-07T01:45:43Z   zero_add
2026-10-07T01:45:43Z 
2026-10-07T01:45:43Z Hint: Omit it from the simp argument list.
2026-10-07T01:45:43Z   [apply] simp only [step_gt, lt_self_iff_false, ite_false, add_zero]
2026-10-07T01:45:43Z 
2026-10-07T01:45:43Z Note: This linter can be disabled with `set_option linter.unusedSimpArgs false`
2026-10-07T01:45:43Z warning: SierksmaLean/Proofs/Proof_Sierksma_test_map_degree_stability.lean:410:18: This simp argument is unused:
2026-10-07T01:45:43Z   Fin.reduceEq
2026-10-07T01:45:43Z 
2026-10-07T01:45:43Z Hint: Omit it from the simp argument list.
2026-10-07T01:45:43Z   [apply] simp only [hb, ite_false, shiftAll_apply]
2026-10-07T01:45:43Z 
2026-10-07T01:45:43Z Note: This linter can be disabled with `set_option linter.unusedSimpArgs false`
2026-10-07T01:45:43Z warning: SierksmaLean/Proofs/Proof_Sierksma_test_map_degree_stability.lean:410:31: This simp argument is unused:
2026-10-07T01:45:43Z   ite_false
2026-10-07T01:45:43Z 
2026-10-07T01:45:43Z Hint: Omit it from the simp argument list.
2026-10-07T01:45:43Z   [apply] simp only [hb, Fin.reduceEq, shiftAll_apply]
2026-10-07T01:45:43Z 
2026-10-07T01:45:43Z Note: This linter can be disabled with `set_option linter.unusedSimpArgs false`
2026-10-07T01:45:43Z warning: SierksmaLean/Proofs/Proof_Sierksma_test_map_degree_stability.lean:478:32: this tactic is never executed
2026-10-07T01:45:43Z 
2026-10-07T01:45:43Z Note: This linter can be disabled with `set_option linter.unreachableTactic false`
2026-10-07T01:45:43Z warning: SierksmaLean/Proofs/Proof_Sierksma_test_map_degree_stability.lean:478:32: Unused tactic linter: `ring` does nothing
2026-10-07T01:45:43Z 
2026-10-07T01:45:43Z Note: This linter can be disabled with `set_option linter.unusedTactic false`
2026-10-07T01:45:43Z warning: SierksmaLean/Proofs/Proof_Sierksma_test_map_degree_stability.lean:588:6: `Finsupp.finset_sum_apply` has been deprecated: Use `Finsupp.finsetSum_apply` instead
2026-10-07T01:45:43Z warning: SierksmaLean/Proofs/Proof_Sierksma_test_map_degree_stability.lean:636:43: This simp argument is unused:
2026-10-07T01:45:43Z   i
2026-10-07T01:45:43Z 
2026-10-07T01:45:43Z Hint: Omit it from the simp argument list.
2026-10-07T01:45:43Z   [apply] simp only [TwistPhi, dif_pos hv24, if_pos heven]
2026-10-07T01:45:43Z 
2026-10-07T01:45:43Z Note: This linter can be disabled with `set_option linter.unusedSimpArgs false`
2026-10-07T01:45:43Z warning: SierksmaLean/Proofs/Proof_Sierksma_test_map_degree_stability.lean:646:43: This simp argument is unused:
2026-10-07T01:45:43Z   i
2026-10-07T01:45:43Z 
2026-10-07T01:45:43Z Hint: Omit it from the simp argument list.
2026-10-07T01:45:43Z   [apply] simp only [TwistPhi, dif_pos hv24, if_neg heven]
2026-10-07T01:45:43Z 
2026-10-07T01:45:43Z Note: This linter can be disabled with `set_option linter.unusedSimpArgs false`
2026-10-07T01:45:43Z warning: SierksmaLean/Proofs/Proof_Sierksma_test_map_degree_stability.lean:597:48: Used `tac1 <;> tac2` where `(tac1; tac2)` would suffice
2026-10-07T01:45:43Z 
2026-10-07T01:45:43Z Note: This linter can be disabled with `set_option linter.unnecessarySeqFocus false`
2026-10-07T01:45:43Z warning: SierksmaLean/Proofs/Proof_Sierksma_test_map_degree_stability.lean:597:58: Used `tac1 <;> tac2` where `(tac1; tac2)` would suffice
2026-10-07T01:45:43Z 
2026-10-07T01:45:43Z Note: This linter can be disabled with `set_option linter.unnecessarySeqFocus false`
2026-10-07T01:45:43Z warning: SierksmaLean/Proofs/Proof_Sierksma_test_map_degree_stability.lean:819:47: This simp argument is unused:
2026-10-07T01:45:43Z   Pi.single_apply
2026-10-07T01:45:43Z 
2026-10-07T01:45:43Z Hint: Omit it from the simp argument list.
2026-10-07T01:45:43Z   [apply] simp [h]
2026-10-07T01:45:43Z 
2026-10-07T01:45:43Z Note: This linter can be disabled with `set_option linter.unusedSimpArgs false`
2026-10-07T01:45:43Z warning: SierksmaLean/Proofs/Proof_Sierksma_test_map_degree_stability.lean:821:12: This simp argument is unused:
2026-10-07T01:45:43Z   Pi.single_apply
2026-10-07T01:45:43Z 
2026-10-07T01:45:43Z Hint: Omit it from the simp argument list.
2026-10-07T01:45:43Z   [apply] simp [h]
2026-10-07T01:45:43Z 
2026-10-07T01:45:43Z Note: This linter can be disabled with `set_option linter.unusedSimpArgs false`
2026-10-07T01:45:43Z warning: SierksmaLean/Proofs/Proof_Sierksma_test_map_degree_stability.lean:850:78: This simp argument is unused:
2026-10-07T01:45:43Z   h02
2026-10-07T01:45:43Z 
2026-10-07T01:45:43Z Hint: Omit it from the simp argument list.
2026-10-07T01:45:43Z   [apply] simp [TestW, k.isLt, hc, h01, h12, h10, h20, h21]
2026-10-07T01:45:43Z 
2026-10-07T01:45:43Z Note: This linter can be disabled with `set_option linter.unusedSimpArgs false`
2026-10-07T01:45:43Z warning: SierksmaLean/Proofs/Proof_Sierksma_test_map_degree_stability.lean:850:83: This simp argument is unused:
2026-10-07T01:45:43Z   h12
2026-10-07T01:45:43Z 
2026-10-07T01:45:43Z Hint: Omit it from the simp argument list.
2026-10-07T01:45:43Z   [apply] simp [TestW, k.isLt, hc, h01, h02, h10, h20, h21]
2026-10-07T01:45:43Z 
2026-10-07T01:45:43Z Note: This linter can be disabled with `set_option linter.unusedSimpArgs false`
2026-10-07T01:45:43Z warning: SierksmaLean/Proofs/Proof_Sierksma_test_map_degree_stability.lean:855:96: This simp argument is unused:
2026-10-07T01:45:43Z   h01
2026-10-07T01:45:43Z 
2026-10-07T01:45:43Z Hint: Omit it from the simp argument list.
2026-10-07T01:45:43Z   [apply] simp [TestW, show ¬k.val + 4 < 4 by omega, hc, h02, h12, h10, h20, h21]
2026-10-07T01:45:43Z 
2026-10-07T01:45:43Z Note: This linter can be disabled with `set_option linter.unusedSimpArgs false`
2026-10-07T01:45:43Z warning: SierksmaLean/Proofs/Proof_Sierksma_test_map_degree_stability.lean:884:31: This simp argument is unused:
2026-10-07T01:45:43Z   show ¬(3 : ℕ) < 3 by omega
2026-10-07T01:45:43Z 
2026-10-07T01:45:43Z Hint: Omit it from the simp argument list.
2026-10-07T01:45:43Z   [apply] simp only [X, LiftCoord, dif_neg, mul_one]
2026-10-07T01:45:43Z 
2026-10-07T01:45:43Z Note: This linter can be disabled with `set_option linter.unusedSimpArgs false`
2026-10-07T01:45:43Z warning: SierksmaLean/Proofs/Proof_Sierksma_test_map_degree_stability.lean:884:58: This simp argument is unused:
2026-10-07T01:45:43Z   dif_neg
2026-10-07T01:45:43Z 
2026-10-07T01:45:43Z Hint: Omit it from the simp argument list.
2026-10-07T01:45:43Z   [apply] simp only [X, LiftCoord, show ¬(3 : ℕ) < 3 by omega, mul_one]
2026-10-07T01:45:43Z 
2026-10-07T01:45:43Z Note: This linter can be disabled with `set_option linter.unusedSimpArgs false`
2026-10-07T01:45:43Z warning: SierksmaLean/Proofs/Proof_Sierksma_test_map_degree_stability.lean:884:67: This simp argument is unused:
2026-10-07T01:45:43Z   mul_one
2026-10-07T01:45:43Z 
2026-10-07T01:45:43Z Hint: Omit it from the simp argument list.
2026-10-07T01:45:43Z   [apply] simp only [X, LiftCoord, show ¬(3 : ℕ) < 3 by omega, dif_neg]
2026-10-07T01:45:43Z 
2026-10-07T01:45:43Z Note: This linter can be disabled with `set_option linter.unusedSimpArgs false`
2026-10-07T01:45:43Z warning: SierksmaLean/Proofs/Proof_Sierksma_test_map_degree_stability.lean:1050:13: This simp argument is unused:
2026-10-07T01:45:43Z   Function.comp_def
2026-10-07T01:45:43Z 
2026-10-07T01:45:43Z Hint: Omit it from the simp argument list.
2026-10-07T01:45:43Z   [apply] simp [a]
2026-10-07T01:45:43Z 
2026-10-07T01:45:43Z Note: This linter can be disabled with `set_option linter.unusedSimpArgs false`
2026-10-07T01:45:43Z warning: SierksmaLean/Proofs/Proof_Sierksma_test_map_degree_stability.lean:1088:27: This simp argument is unused:
2026-10-07T01:45:43Z   Matrix.vecTail
2026-10-07T01:45:43Z 
2026-10-07T01:45:43Z Hint: Omit it from the simp argument list.
2026-10-07T01:45:43Z   [apply] simp [Matrix.of_apply, Matrix.vecHead, Pi.sub_apply]
2026-10-07T01:45:43Z 
2026-10-07T01:45:43Z Note: This linter can be disabled with `set_option linter.unusedSimpArgs false`
2026-10-07T01:45:43Z warning: SierksmaLean/Proofs/Proof_Sierksma_test_map_degree_stability.lean:1088:43: This simp argument is unused:
2026-10-07T01:45:43Z   Matrix.vecHead
2026-10-07T01:45:43Z 
2026-10-07T01:45:43Z Hint: Omit it from the simp argument list.
2026-10-07T01:45:43Z   [apply] simp [Matrix.of_apply, Matrix.vecTail, Pi.sub_apply]
2026-10-07T01:45:43Z 
2026-10-07T01:45:43Z Note: This linter can be disabled with `set_option linter.unusedSimpArgs false`
2026-10-07T01:45:43Z warning: SierksmaLean/Proofs/Proof_Sierksma_test_map_degree_stability.lean:1186:12: This simp argument is unused:
2026-10-07T01:45:43Z   eq_comm
2026-10-07T01:45:43Z 
2026-10-07T01:45:43Z Hint: Omit it from the simp argument list.
2026-10-07T01:45:43Z   [apply] simp
2026-10-07T01:45:43Z 
2026-10-07T01:45:43Z Note: This linter can be disabled with `set_option linter.unusedSimpArgs false`
2026-10-07T01:45:43Z warning: SierksmaLean/Proofs/Proof_Sierksma_test_map_degree_stability.lean:1351:14: This simp argument is unused:
2026-10-07T01:45:43Z   Pi.add_apply
2026-10-07T01:45:43Z 
2026-10-07T01:45:43Z Hint: Omit it from the simp argument list.
2026-10-07T01:45:43Z   [apply] simp [Pi.smul_apply, smul_eq_mul]
2026-10-07T01:45:43Z 
2026-10-07T01:45:43Z Note: This linter can be disabled with `set_option linter.unusedSimpArgs false`
2026-10-07T01:45:43Z warning: SierksmaLean/Proofs/Proof_Sierksma_test_map_degree_stability.lean:1351:28: This simp argument is unused:
2026-10-07T01:45:43Z   Pi.smul_apply
2026-10-07T01:45:43Z 
2026-10-07T01:45:43Z Hint: Omit it from the simp argument list.
2026-10-07T01:45:43Z   [apply] simp [Pi.add_apply, smul_eq_mul]
2026-10-07T01:45:43Z 
2026-10-07T01:45:43Z Note: This linter can be disabled with `set_option linter.unusedSimpArgs false`
2026-10-07T01:45:43Z warning: SierksmaLean/Proofs/Proof_Sierksma_test_map_degree_stability.lean:1351:43: This simp argument is unused:
2026-10-07T01:45:43Z   smul_eq_mul
2026-10-07T01:45:43Z 
2026-10-07T01:45:43Z Hint: Omit it from the simp argument list.
2026-10-07T01:45:43Z   [apply] simp [Pi.add_apply, Pi.smul_apply]
2026-10-07T01:45:43Z 
2026-10-07T01:45:43Z Note: This linter can be disabled with `set_option linter.unusedSimpArgs false`
2026-10-07T01:45:43Z warning: SierksmaLean/Proofs/Proof_Sierksma_test_map_degree_stability.lean:1372:14: This simp argument is unused:
2026-10-07T01:45:43Z   Pi.single_apply
2026-10-07T01:45:43Z 
2026-10-07T01:45:43Z Hint: Omit it from the simp argument list.
2026-10-07T01:45:43Z   [apply] simp [hne, Ne.symm hne]
2026-10-07T01:45:43Z 
2026-10-07T01:45:43Z Note: This linter can be disabled with `set_option linter.unusedSimpArgs false`
2026-10-07T01:45:43Z warning: SierksmaLean/Proofs/Proof_Sierksma_test_map_degree_stability.lean:1372:36: This simp argument is unused:
2026-10-07T01:45:43Z   Ne.symm hne
2026-10-07T01:45:43Z 
2026-10-07T01:45:43Z Hint: Omit it from the simp argument list.
2026-10-07T01:45:43Z   [apply] simp [Pi.single_apply, hne]
2026-10-07T01:45:43Z 
2026-10-07T01:45:43Z Note: This linter can be disabled with `set_option linter.unusedSimpArgs false`
2026-10-07T01:45:43Z warning: SierksmaLean/Proofs/Proof_Sierksma_test_map_degree_stability.lean:1433:33: This simp argument is unused:
2026-10-07T01:45:43Z   Pi.single_apply
2026-10-07T01:45:43Z 
2026-10-07T01:45:43Z Hint: Omit it from the simp argument list.
2026-10-07T01:45:43Z   [apply] simp [augment, hj, originRow, hjlast, Ne.symm hjlast]
2026-10-07T01:45:43Z 
2026-10-07T01:45:43Z Note: This linter can be disabled with `set_option linter.unusedSimpArgs false`
2026-10-07T01:45:43Z warning: SierksmaLean/Proofs/Proof_Sierksma_test_map_degree_stability.lean:1433:56: This simp argument is unused:
2026-10-07T01:45:43Z   Ne.symm hjlast
2026-10-07T01:45:43Z 
2026-10-07T01:45:43Z Hint: Omit it from the simp argument list.
2026-10-07T01:45:43Z   [apply] simp [augment, hj, originRow, Pi.single_apply, hjlast]
2026-10-07T01:45:43Z 
2026-10-07T01:45:43Z Note: This linter can be disabled with `set_option linter.unusedSimpArgs false`
2026-10-07T01:45:43Z warning: SierksmaLean/Proofs/Proof_Sierksma_test_map_degree_stability.lean:1505:38: This simp argument is unused:
2026-10-07T01:45:43Z   heq
2026-10-07T01:45:43Z 
2026-10-07T01:45:43Z Hint: Omit it from the simp argument list.
2026-10-07T01:45:43Z   [apply] simp only [simplexDegree, dif_pos hs, hG, hd, true_and, hpall, hsgn]
2026-10-07T01:45:43Z 
2026-10-07T01:45:43Z Note: This linter can be disabled with `set_option linter.unusedSimpArgs false`
2026-10-07T01:45:43Z warning: SierksmaLean/Proofs/Proof_Sierksma_test_map_degree_stability.lean:1505:42: This simp argument is unused:
2026-10-07T01:45:43Z   hG
2026-10-07T01:45:43Z 
2026-10-07T01:45:43Z Hint: Omit it from the simp argument list.
2026-10-07T01:45:43Z   [apply] simp only [simplexDegree, dif_pos hs, heq, hd, true_and, hpall, hsgn]
2026-10-07T01:45:43Z 
2026-10-07T01:45:43Z Note: This linter can be disabled with `set_option linter.unusedSimpArgs false`
2026-10-07T01:45:43Z warning: SierksmaLean/Proofs/Proof_Sierksma_test_map_degree_stability.lean:1505:45: This simp argument is unused:
2026-10-07T01:45:43Z   hd
2026-10-07T01:45:43Z 
2026-10-07T01:45:43Z Hint: Omit it from the simp argument list.
2026-10-07T01:45:43Z   [apply] simp only [simplexDegree, dif_pos hs, heq, hG, true_and, hpall, hsgn]
2026-10-07T01:45:43Z 
2026-10-07T01:45:43Z Note: This linter can be disabled with `set_option linter.unusedSimpArgs false`
2026-10-07T01:45:43Z warning: SierksmaLean/Proofs/Proof_Sierksma_test_map_degree_stability.lean:1505:48: This simp argument is unused:
2026-10-07T01:45:43Z   true_and
2026-10-07T01:45:43Z 
2026-10-07T01:45:43Z Hint: Omit it from the simp argument list.
2026-10-07T01:45:43Z   [apply] simp only [simplexDegree, dif_pos hs, heq, hG, hd, hpall, hsgn]
2026-10-07T01:45:43Z 
2026-10-07T01:45:43Z Note: This linter can be disabled with `set_option linter.unusedSimpArgs false`
2026-10-07T01:45:43Z warning: SierksmaLean/Proofs/Proof_Sierksma_test_map_degree_stability.lean:1506:10: Used `tac1 <;> tac2` where `(tac1; tac2)` would suffice
2026-10-07T01:45:43Z 
2026-10-07T01:45:43Z Note: This linter can be disabled with `set_option linter.unnecessarySeqFocus false`
2026-10-07T01:45:43Z warning: SierksmaLean/Proofs/Proof_Sierksma_test_map_degree_stability.lean:1520:10: `continuous_finset_sum` has been deprecated: Use `continuous_finsetSum` instead
2026-10-07T01:45:43Z warning: SierksmaLean/Proofs/Proof_Sierksma_test_map_degree_stability.lean:1554:15: `Set.mem_setOf_eq` has been deprecated: Use `Set.mem_ofPred_eq` instead
2026-10-07T01:45:43Z warning: SierksmaLean/Proofs/Proof_Sierksma_test_map_degree_stability.lean:1650:31: Variable name `hpi` is not explicitly referenced.
2026-10-07T01:45:43Z 
2026-10-07T01:45:43Z Hint: The binding can be removed (if unused) or named `_` (if used implicitly). Alternatively, prefix the name with `_` to silence this warning:
2026-10-07T01:45:43Z   [apply] _hpi
2026-10-07T01:45:43Z 
2026-10-07T01:45:43Z Note: This linter can be disabled with `set_option linter.unusedVariables false`
2026-10-07T01:45:43Z ⚠ [10104/12386] Replayed SierksmaLean.Theorems.Thm_Sierksma_test_map_degree_stability
2026-10-07T01:45:43Z warning: SierksmaLean/Theorems/Thm_Sierksma_test_map_degree_stability.lean:7:24: Variable name `hP` is not explicitly referenced.
2026-10-07T01:45:43Z 
2026-10-07T01:45:43Z Hint: The binding can be removed (if unused) or named `_` (if used implicitly). Alternatively, prefix the name with `_` to silence this warning:
2026-10-07T01:45:43Z   [apply] _hP
2026-10-07T01:45:43Z 
2026-10-07T01:45:43Z Note: This linter can be disabled with `set_option linter.unusedVariables false`
2026-10-07T01:45:43Z warning: SierksmaLean/Theorems/Thm_Sierksma_test_map_degree_stability.lean:7:74: Variable name `hpi` is not explicitly referenced.
2026-10-07T01:45:43Z 
2026-10-07T01:45:43Z Hint: The binding can be removed (if unused) or named `_` (if used implicitly). Alternatively, prefix the name with `_` to silence this warning:
2026-10-07T01:45:43Z   [apply] _hpi
2026-10-07T01:45:43Z 
2026-10-07T01:45:43Z Note: This linter can be disabled with `set_option linter.unusedVariables false`
2026-10-07T01:45:43Z ⚠ [10105/12386] Replayed SierksmaLean.Proofs.Proof_Sierksma_dense_close_params
2026-10-07T01:45:43Z warning: SierksmaLean/Proofs/Proof_Sierksma_dense_close_params.lean:8:27: `Set.setOf_forall` has been deprecated: Use `Set.ofPred_forall` instead
2026-10-07T01:45:43Z ⚠ [10106/12386] Replayed SierksmaLean.Theorems.Thm_Sierksma_dense_close_params
2026-10-07T01:45:43Z warning: SierksmaLean/Theorems/Thm_Sierksma_dense_close_params.lean:7:30: Variable name `hS` is not explicitly referenced.
2026-10-07T01:45:43Z 
2026-10-07T01:45:43Z Hint: The binding can be removed (if unused) or named `_` (if used implicitly). Alternatively, prefix the name with `_` to silence this warning:
2026-10-07T01:45:43Z   [apply] _hS
2026-10-07T01:45:43Z 
2026-10-07T01:45:43Z Note: This linter can be disabled with `set_option linter.unusedVariables false`
2026-10-07T01:45:43Z warning: SierksmaLean/Theorems/Thm_Sierksma_dense_close_params.lean:7:74: Variable name `heps` is not explicitly referenced.
2026-10-07T01:45:43Z 
2026-10-07T01:45:43Z Hint: The binding can be removed (if unused) or named `_` (if used implicitly). Alternatively, prefix the name with `_` to silence this warning:
2026-10-07T01:45:43Z   [apply] _heps
2026-10-07T01:45:43Z 
2026-10-07T01:45:43Z Note: This linter can be disabled with `set_option linter.unusedVariables false`
2026-10-07T01:45:43Z ⚠ [10107/12386] Replayed SierksmaLean.Proofs.Proof_Sierksma_engine_generic_is_open
2026-10-07T01:45:43Z warning: SierksmaLean/Proofs/Proof_Sierksma_engine_generic_is_open.lean:9:2: Try this: 
2026-10-07T01:45:43Z   letI̵
2026-10-07T01:45:43Z 
2026-10-07T01:45:43Z The goal is a proposition, so `let` is preferred over `letI`.
2026-10-07T01:45:43Z The difference between `let` and `letI` is that `letI` inlines the value.
2026-10-07T01:45:43Z But this is not relevant for proofs because of proof irrelevance.
2026-10-07T01:45:43Z 
2026-10-07T01:45:43Z Note: This linter can be disabled with `set_option linter.style.haveILetI false`
2026-10-07T01:45:43Z warning: SierksmaLean/Proofs/Proof_Sierksma_engine_generic_is_open.lean:54:17: `Set.mem_setOf_eq` has been deprecated: Use `Set.mem_ofPred_eq` instead
2026-10-07T01:45:43Z ⚠ [10112/12386] Replayed SierksmaLean.Theorems.Thm_PLDegree_polynomial_nonzero_open_dense
2026-10-07T01:45:43Z warning: SierksmaLean/Theorems/Thm_PLDegree_polynomial_nonzero_open_dense.lean:7:34: Variable name `hp` is not explicitly referenced.
2026-10-07T01:45:43Z 
2026-10-07T01:45:43Z Hint: The binding can be removed (if unused) or named `_` (if used implicitly). Alternatively, prefix the name with `_` to silence this warning:
2026-10-07T01:45:43Z   [apply] _hp
2026-10-07T01:45:43Z 
2026-10-07T01:45:43Z Note: This linter can be disabled with `set_option linter.unusedVariables false`
2026-10-07T01:45:43Z ⚠ [10113/12386] Replayed SierksmaLean.Proofs.Proof_Sierksma_engine_generic_dense_of_witness
2026-10-07T01:45:43Z warning: SierksmaLean/Proofs/Proof_Sierksma_engine_generic_dense_of_witness.lean:10:2: Try this: 
2026-10-07T01:45:43Z   letI̵
2026-10-07T01:45:43Z 
2026-10-07T01:45:43Z The goal is a proposition, so `let` is preferred over `letI`.
2026-10-07T01:45:43Z The difference between `let` and `letI` is that `letI` inlines the value.
2026-10-07T01:45:43Z But this is not relevant for proofs because of proof irrelevance.
2026-10-07T01:45:43Z 
2026-10-07T01:45:43Z Note: This linter can be disabled with `set_option linter.style.haveILetI false`
2026-10-07T01:45:43Z ⚠ [10114/12386] Replayed SierksmaLean.Theorems.Thm_Sierksma_engine_generic_dense_of_witness
2026-10-07T01:45:43Z warning: SierksmaLean/Theorems/Thm_Sierksma_engine_generic_dense_of_witness.lean:7:26: Variable name `hw` is not explicitly referenced.
2026-10-07T01:45:43Z 
2026-10-07T01:45:43Z Hint: The binding can be removed (if unused) or named `_` (if used implicitly). Alternatively, prefix the name with `_` to silence this warning:
2026-10-07T01:45:43Z   [apply] _hw
2026-10-07T01:45:43Z 
2026-10-07T01:45:43Z Note: This linter can be disabled with `set_option linter.unusedVariables false`
2026-10-07T01:45:43Z ⚠ [10115/12386] Replayed SierksmaLean.Proofs.Proof_Sierksma_engine_generic_prefix_auxiliary
2026-10-07T01:45:43Z warning: SierksmaLean/Proofs/Proof_Sierksma_engine_generic_prefix_auxiliary.lean:12:2: Try this: 
2026-10-07T01:45:43Z   letI̵
2026-10-07T01:45:43Z 
2026-10-07T01:45:43Z The goal is a proposition, so `let` is preferred over `letI`.
2026-10-07T01:45:43Z The difference between `let` and `letI` is that `letI` inlines the value.
2026-10-07T01:45:43Z But this is not relevant for proofs because of proof irrelevance.
2026-10-07T01:45:43Z 
2026-10-07T01:45:43Z Note: This linter can be disabled with `set_option linter.style.haveILetI false`
2026-10-07T01:45:43Z ⚠ [10116/12386] Replayed SierksmaLean.Theorems.Thm_Sierksma_engine_generic_prefix_auxiliary
2026-10-07T01:45:43Z warning: SierksmaLean/Theorems/Thm_Sierksma_engine_generic_prefix_auxiliary.lean:8:5: Variable name `hx` is not explicitly referenced.
2026-10-07T01:45:43Z 
2026-10-07T01:45:43Z Hint: The binding can be removed (if unused) or named `_` (if used implicitly). Alternatively, prefix the name with `_` to silence this warning:
2026-10-07T01:45:43Z   [apply] _hx
2026-10-07T01:45:43Z 
2026-10-07T01:45:43Z Note: This linter can be disabled with `set_option linter.unusedVariables false`
2026-10-07T01:45:43Z warning: SierksmaLean/Theorems/Thm_Sierksma_engine_generic_prefix_auxiliary.lean:8:28: Variable name `hy` is not explicitly referenced.
2026-10-07T01:45:43Z 
2026-10-07T01:45:43Z Hint: The binding can be removed (if unused) or named `_` (if used implicitly). Alternatively, prefix the name with `_` to silence this warning:
2026-10-07T01:45:43Z   [apply] _hy
2026-10-07T01:45:43Z 
2026-10-07T01:45:43Z Note: This linter can be disabled with `set_option linter.unusedVariables false`
2026-10-07T01:45:43Z ⚠ [10118/12386] Replayed SierksmaLean.Theorems.Thm_PLDegree_lu_determinant_certificate
2026-10-07T01:45:43Z warning: SierksmaLean/Theorems/Thm_PLDegree_lu_determinant_certificate.lean:9:2: Variable name `hM` is not explicitly referenced.
2026-10-07T01:45:43Z 
2026-10-07T01:45:43Z Hint: The binding can be removed (if unused) or named `_` (if used implicitly). Alternatively, prefix the name with `_` to silence this warning:
2026-10-07T01:45:43Z   [apply] _hM
2026-10-07T01:45:43Z 
2026-10-07T01:45:43Z Note: This linter can be disabled with `set_option linter.unusedVariables false`
2026-10-07T01:45:43Z warning: SierksmaLean/Theorems/Thm_PLDegree_lu_determinant_certificate.lean:9:32: Variable name `hL` is not explicitly referenced.
2026-10-07T01:45:43Z 
2026-10-07T01:45:43Z Hint: The binding can be removed (if unused) or named `_` (if used implicitly). Alternatively, prefix the name with `_` to silence this warning:
2026-10-07T01:45:43Z   [apply] _hL
2026-10-07T01:45:43Z 
2026-10-07T01:45:43Z Note: This linter can be disabled with `set_option linter.unusedVariables false`
2026-10-07T01:45:43Z warning: SierksmaLean/Theorems/Thm_PLDegree_lu_determinant_certificate.lean:10:2: Variable name `hU` is not explicitly referenced.
2026-10-07T01:45:43Z 
2026-10-07T01:45:43Z Hint: The binding can be removed (if unused) or named `_` (if used implicitly). Alternatively, prefix the name with `_` to silence this warning:
2026-10-07T01:45:43Z   [apply] _hU
2026-10-07T01:45:43Z 
2026-10-07T01:45:43Z Note: This linter can be disabled with `set_option linter.unusedVariables false`
2026-10-07T01:45:43Z warning: SierksmaLean/Theorems/Thm_PLDegree_lu_determinant_certificate.lean:11:2: Variable name `hd` is not explicitly referenced.
2026-10-07T01:45:43Z 
2026-10-07T01:45:43Z Hint: The binding can be removed (if unused) or named `_` (if used implicitly). Alternatively, prefix the name with `_` to silence this warning:
2026-10-07T01:45:43Z   [apply] _hd
2026-10-07T01:45:43Z 
2026-10-07T01:45:43Z Note: This linter can be disabled with `set_option linter.unusedVariables false`
2026-10-07T01:45:43Z ⚠ [10120/12386] Replayed SierksmaLean.Theorems.Thm_Sierksma_last_cofactor_ratio_certificate
2026-10-07T01:45:43Z warning: SierksmaLean/Theorems/Thm_Sierksma_last_cofactor_ratio_certificate.lean:8:48: Variable name `hd` is not explicitly referenced.
2026-10-07T01:45:43Z 
2026-10-07T01:45:43Z Hint: The binding can be removed (if unused) or named `_` (if used implicitly). Alternatively, prefix the name with `_` to silence this warning:
2026-10-07T01:45:43Z   [apply] _hd
2026-10-07T01:45:43Z 
2026-10-07T01:45:43Z Note: This linter can be disabled with `set_option linter.unusedVariables false`
2026-10-07T01:45:43Z warning: SierksmaLean/Theorems/Thm_Sierksma_last_cofactor_ratio_certificate.lean:9:2: Variable name `hMB` is not explicitly referenced.
2026-10-07T01:45:43Z 
2026-10-07T01:45:43Z Hint: The binding can be removed (if unused) or named `_` (if used implicitly). Alternatively, prefix the name with `_` to silence this warning:
2026-10-07T01:45:43Z   [apply] _hMB
2026-10-07T01:45:43Z 
2026-10-07T01:45:43Z Note: This linter can be disabled with `set_option linter.unusedVariables false`
2026-10-07T01:45:43Z ⚠ [10121/12386] Replayed SierksmaLean.Proofs.Proof_Sierksma_model_facet_certificate
2026-10-07T01:45:43Z warning: SierksmaLean/Proofs/Proof_Sierksma_model_facet_certificate.lean:27:4: Try this: intro i hz
2026-10-07T01:45:43Z ⚠ [10122/12386] Replayed SierksmaLean.Theorems.Thm_Sierksma_model_facet_certificate
2026-10-07T01:45:43Z warning: SierksmaLean/Theorems/Thm_Sierksma_model_facet_certificate.lean:10:2: Variable name `hd` is not explicitly referenced.
2026-10-07T01:45:43Z 
2026-10-07T01:45:43Z Hint: The binding can be removed (if unused) or named `_` (if used implicitly). Alternatively, prefix the name with `_` to silence this warning:
2026-10-07T01:45:43Z   [apply] _hd
2026-10-07T01:45:43Z 
2026-10-07T01:45:43Z Note: This linter can be disabled with `set_option linter.unusedVariables false`
2026-10-07T01:45:43Z warning: SierksmaLean/Theorems/Thm_Sierksma_model_facet_certificate.lean:11:2: Variable name `hMB` is not explicitly referenced.
2026-10-07T01:45:43Z 
2026-10-07T01:45:43Z Hint: The binding can be removed (if unused) or named `_` (if used implicitly). Alternatively, prefix the name with `_` to silence this warning:
2026-10-07T01:45:43Z   [apply] _hMB
2026-10-07T01:45:43Z 
2026-10-07T01:45:43Z Note: This linter can be disabled with `set_option linter.unusedVariables false`
2026-10-07T01:45:43Z warning: SierksmaLean/Theorems/Thm_Sierksma_model_facet_certificate.lean:12:2: Variable name `hLU` is not explicitly referenced.
2026-10-07T01:45:43Z 
2026-10-07T01:45:43Z Hint: The binding can be removed (if unused) or named `_` (if used implicitly). Alternatively, prefix the name with `_` to silence this warning:
2026-10-07T01:45:43Z   [apply] _hLU
2026-10-07T01:45:43Z 
2026-10-07T01:45:43Z Note: This linter can be disabled with `set_option linter.unusedVariables false`
2026-10-07T01:45:43Z warning: SierksmaLean/Theorems/Thm_Sierksma_model_facet_certificate.lean:13:2: Variable name `hL` is not explicitly referenced.
2026-10-07T01:45:43Z 
2026-10-07T01:45:43Z Hint: The binding can be removed (if unused) or named `_` (if used implicitly). Alternatively, prefix the name with `_` to silence this warning:
2026-10-07T01:45:43Z   [apply] _hL
2026-10-07T01:45:43Z 
2026-10-07T01:45:43Z Note: This linter can be disabled with `set_option linter.unusedVariables false`
2026-10-07T01:45:43Z warning: SierksmaLean/Theorems/Thm_Sierksma_model_facet_certificate.lean:13:29: Variable name `hU` is not explicitly referenced.
2026-10-07T01:45:43Z 
2026-10-07T01:45:43Z Hint: The binding can be removed (if unused) or named `_` (if used implicitly). Alternatively, prefix the name with `_` to silence this warning:
2026-10-07T01:45:43Z   [apply] _hU
2026-10-07T01:45:43Z 
2026-10-07T01:45:43Z Note: This linter can be disabled with `set_option linter.unusedVariables false`
2026-10-07T01:45:43Z warning: SierksmaLean/Theorems/Thm_Sierksma_model_facet_certificate.lean:14:2: Variable name `hdiag` is not explicitly referenced.
2026-10-07T01:45:43Z 
2026-10-07T01:45:43Z Hint: The binding can be removed (if unused) or named `_` (if used implicitly). Alternatively, prefix the name with `_` to silence this warning:
2026-10-07T01:45:43Z   [apply] _hdiag
2026-10-07T01:45:43Z 
2026-10-07T01:45:43Z Note: This linter can be disabled with `set_option linter.unusedVariables false`
2026-10-07T01:45:43Z warning: SierksmaLean/Theorems/Thm_Sierksma_model_facet_certificate.lean:15:2: Variable name `hB` is not explicitly referenced.
2026-10-07T01:45:43Z 
2026-10-07T01:45:43Z Hint: The binding can be removed (if unused) or named `_` (if used implicitly). Alternatively, prefix the name with `_` to silence this warning:
2026-10-07T01:45:43Z   [apply] _hB
2026-10-07T01:45:43Z 
2026-10-07T01:45:43Z Note: This linter can be disabled with `set_option linter.unusedVariables false`
2026-10-07T01:45:43Z warning: SierksmaLean/Theorems/Thm_Sierksma_model_facet_certificate.lean:16:2: Variable name `hpositive` is not explicitly referenced.
2026-10-07T01:45:43Z 
2026-10-07T01:45:43Z Hint: The binding can be removed (if unused) or named `_` (if used implicitly). Alternatively, prefix the name with `_` to silence this warning:
2026-10-07T01:45:43Z   [apply] _hpositive
2026-10-07T01:45:43Z 
2026-10-07T01:45:43Z Note: This linter can be disabled with `set_option linter.unusedVariables false`
2026-10-07T01:45:43Z ⚠ [10556/12386] Replayed SierksmaLean.Theorems.Thm_Sierksma_model_facet_tuple_dispatch
2026-10-07T01:45:43Z warning: SierksmaLean/Theorems/Thm_Sierksma_model_facet_tuple_dispatch.lean:7:7: Variable name `h` is not explicitly referenced.
2026-10-07T01:45:43Z 
2026-10-07T01:45:43Z Hint: The binding can be removed (if unused) or named `_` (if used implicitly). Alternatively, prefix the name with `_` to silence this warning:
2026-10-07T01:45:43Z   [apply] _h
2026-10-07T01:45:43Z 
2026-10-07T01:45:43Z Note: This linter can be disabled with `set_option linter.unusedVariables false`
2026-10-07T01:45:43Z ⚠ [10562/12386] Replayed SierksmaLean.Proofs.Proof_Sierksma_model_exact_geometric_bridge
2026-10-07T01:45:43Z warning: SierksmaLean/Proofs/Proof_Sierksma_model_exact_geometric_bridge.lean:37:57: This simp argument is unused:
2026-10-07T01:45:43Z   Fin.ext_iff
2026-10-07T01:45:43Z 
2026-10-07T01:45:43Z Hint: Omit it from the simp argument list.
2026-10-07T01:45:43Z   [apply] simp [rayMatrix, B, Matrix.updateRow, f]
2026-10-07T01:45:43Z 
2026-10-07T01:45:43Z Note: This linter can be disabled with `set_option linter.unusedSimpArgs false`
2026-10-07T01:45:43Z warning: SierksmaLean/Proofs/Proof_Sierksma_model_exact_geometric_bridge.lean:97:42: This simp argument is unused:
2026-10-07T01:45:43Z   dite_true
2026-10-07T01:45:43Z 
2026-10-07T01:45:43Z Hint: Omit it from the simp argument list.
2026-10-07T01:45:43Z   [apply] simp only [rayMatrix, Fin.val_zero, Matrix.updateRow_self]
2026-10-07T01:45:43Z 
2026-10-07T01:45:43Z Note: This linter can be disabled with `set_option linter.unusedSimpArgs false`
2026-10-07T01:45:43Z warning: SierksmaLean/Proofs/Proof_Sierksma_model_exact_geometric_bridge.lean:99:56: This simp argument is unused:
2026-10-07T01:45:43Z   Pi.add_apply
2026-10-07T01:45:43Z 
2026-10-07T01:45:43Z Hint: Omit it from the simp argument list.
2026-10-07T01:45:43Z   [apply] simp only [Fin.cons_zero, Fin.cons_succ, augment, Pi.smul_apply, Pi.sub_apply, smul_eq_mul]
2026-10-07T01:45:43Z 
2026-10-07T01:45:43Z Note: This linter can be disabled with `set_option linter.unusedSimpArgs false`
2026-10-07T01:45:43Z warning: SierksmaLean/Proofs/Proof_Sierksma_model_exact_geometric_bridge.lean:99:70: This simp argument is unused:
2026-10-07T01:45:43Z   Pi.smul_apply
2026-10-07T01:45:43Z 
2026-10-07T01:45:43Z Hint: Omit it from the simp argument list.
2026-10-07T01:45:43Z   [apply] simp only [Fin.cons_zero, Fin.cons_succ, augment, Pi.add_apply, Pi.sub_apply, smul_eq_mul]
2026-10-07T01:45:43Z 
2026-10-07T01:45:43Z Note: This linter can be disabled with `set_option linter.unusedSimpArgs false`
2026-10-07T01:45:43Z warning: SierksmaLean/Proofs/Proof_Sierksma_model_exact_geometric_bridge.lean:99:99: This simp argument is unused:
2026-10-07T01:45:43Z   smul_eq_mul
2026-10-07T01:45:43Z 
2026-10-07T01:45:43Z Hint: Omit it from the simp argument list.
2026-10-07T01:45:43Z   [apply] simp only [Fin.cons_zero, Fin.cons_succ, augment, Pi.add_apply, Pi.smul_apply, Pi.sub_apply]
2026-10-07T01:45:43Z 
2026-10-07T01:45:43Z Note: This linter can be disabled with `set_option linter.unusedSimpArgs false`
2026-10-07T01:45:43Z warning: SierksmaLean/Proofs/Proof_Sierksma_model_exact_geometric_bridge.lean:151:2: Try this: 
2026-10-07T01:45:43Z   letI̵
2026-10-07T01:45:43Z 
2026-10-07T01:45:43Z The goal is a proposition, so `let` is preferred over `letI`.
2026-10-07T01:45:43Z The difference between `let` and `letI` is that `letI` inlines the value.
2026-10-07T01:45:43Z But this is not relevant for proofs because of proof irrelevance.
2026-10-07T01:45:43Z 
2026-10-07T01:45:43Z Note: This linter can be disabled with `set_option linter.style.haveILetI false`
2026-10-07T01:45:43Z warning: SierksmaLean/Proofs/Proof_Sierksma_model_exact_geometric_bridge.lean:236:4: `push_neg` has been deprecated. Prefer using `push Not` instead.
2026-10-07T01:45:43Z If you'd rather continue using `push_neg` in your project, you can implement it as follows:
2026-10-07T01:45:43Z ```
2026-10-07T01:45:43Z open Lean.Parser.Tactic in
2026-10-07T01:45:43Z macro "push_neg" cfg:optConfig loc:(location)? : tactic =>
2026-10-07T01:45:43Z   `(tactic| push $cfg:optConfig Not $[$loc]?)
2026-10-07T01:45:43Z ```
2026-10-07T01:45:43Z warning: SierksmaLean/Proofs/Proof_Sierksma_model_exact_geometric_bridge.lean:241:4: `push_neg` has been deprecated. Prefer using `push Not` instead.
2026-10-07T01:45:43Z If you'd rather continue using `push_neg` in your project, you can implement it as follows:
2026-10-07T01:45:43Z ```
2026-10-07T01:45:43Z open Lean.Parser.Tactic in
2026-10-07T01:45:43Z macro "push_neg" cfg:optConfig loc:(location)? : tactic =>
2026-10-07T01:45:43Z   `(tactic| push $cfg:optConfig Not $[$loc]?)
2026-10-07T01:45:43Z ```
2026-10-07T01:45:43Z warning: SierksmaLean/Proofs/Proof_Sierksma_model_exact_geometric_bridge.lean:220:5: Variable name `ha` is not explicitly referenced.
2026-10-07T01:45:43Z 
2026-10-07T01:45:43Z Hint: The binding can be removed (if unused) or named `_` (if used implicitly). Alternatively, prefix the name with `_` to silence this warning:
2026-10-07T01:45:43Z   [apply] _ha
2026-10-07T01:45:43Z 
2026-10-07T01:45:43Z Note: This linter can be disabled with `set_option linter.unusedVariables false`
2026-10-07T01:45:43Z warning: SierksmaLean/Proofs/Proof_Sierksma_model_exact_geometric_bridge.lean:421:14: This simp argument is unused:
2026-10-07T01:45:43Z   Pi.add_apply
2026-10-07T01:45:43Z 
2026-10-07T01:45:43Z Hint: Omit it from the simp argument list.
2026-10-07T01:45:43Z   [apply] simp [Pi.smul_apply, smul_eq_mul]
2026-10-07T01:45:43Z 
2026-10-07T01:45:43Z Note: This linter can be disabled with `set_option linter.unusedSimpArgs false`
2026-10-07T01:45:43Z warning: SierksmaLean/Proofs/Proof_Sierksma_model_exact_geometric_bridge.lean:421:28: This simp argument is unused:
2026-10-07T01:45:43Z   Pi.smul_apply
2026-10-07T01:45:43Z 
2026-10-07T01:45:43Z Hint: Omit it from the simp argument list.
2026-10-07T01:45:43Z   [apply] simp [Pi.add_apply, smul_eq_mul]
2026-10-07T01:45:43Z 
2026-10-07T01:45:43Z Note: This linter can be disabled with `set_option linter.unusedSimpArgs false`
2026-10-07T01:45:43Z warning: SierksmaLean/Proofs/Proof_Sierksma_model_exact_geometric_bridge.lean:421:43: This simp argument is unused:
2026-10-07T01:45:43Z   smul_eq_mul
2026-10-07T01:45:43Z 
2026-10-07T01:45:43Z Hint: Omit it from the simp argument list.
2026-10-07T01:45:43Z   [apply] simp [Pi.add_apply, Pi.smul_apply]
2026-10-07T01:45:43Z 
2026-10-07T01:45:43Z Note: This linter can be disabled with `set_option linter.unusedSimpArgs false`
2026-10-07T01:45:43Z warning: SierksmaLean/Proofs/Proof_Sierksma_model_exact_geometric_bridge.lean:442:14: This simp argument is unused:
2026-10-07T01:45:43Z   Pi.single_apply
2026-10-07T01:45:43Z 
2026-10-07T01:45:43Z Hint: Omit it from the simp argument list.
2026-10-07T01:45:43Z   [apply] simp [hne, Ne.symm hne]
2026-10-07T01:45:43Z 
2026-10-07T01:45:43Z Note: This linter can be disabled with `set_option linter.unusedSimpArgs false`
2026-10-07T01:45:43Z warning: SierksmaLean/Proofs/Proof_Sierksma_model_exact_geometric_bridge.lean:442:36: This simp argument is unused:
2026-10-07T01:45:43Z   Ne.symm hne
2026-10-07T01:45:43Z 
2026-10-07T01:45:43Z Hint: Omit it from the simp argument list.
2026-10-07T01:45:43Z   [apply] simp [Pi.single_apply, hne]
2026-10-07T01:45:43Z 
2026-10-07T01:45:43Z Note: This linter can be disabled with `set_option linter.unusedSimpArgs false`
2026-10-07T01:45:43Z warning: SierksmaLean/Proofs/Proof_Sierksma_model_exact_geometric_bridge.lean:568:57: Try `simp at hj` instead of `simpa using hj`
2026-10-07T01:45:43Z 
2026-10-07T01:45:43Z Note: This linter can be disabled with `set_option linter.unnecessarySimpa false`
2026-10-07T01:45:43Z warning: SierksmaLean/Proofs/Proof_Sierksma_model_exact_geometric_bridge.lean:569:36: This simp argument is unused:
2026-10-07T01:45:43Z   Pi.single_apply
2026-10-07T01:45:43Z 
2026-10-07T01:45:43Z Hint: Omit it from the simp argument list.
2026-10-07T01:45:43Z   [apply] simp [augment, hj, originRow, hjne, Ne.symm hjne, Pi.add_apply, Pi.smul_apply, smul_eq_mul]
2026-10-07T01:45:43Z 
2026-10-07T01:45:43Z Note: This linter can be disabled with `set_option linter.unusedSimpArgs false`
2026-10-07T01:45:43Z warning: SierksmaLean/Proofs/Proof_Sierksma_model_exact_geometric_bridge.lean:569:59: This simp argument is unused:
2026-10-07T01:45:43Z   Ne.symm hjne
2026-10-07T01:45:43Z 
2026-10-07T01:45:43Z Hint: Omit it from the simp argument list.
2026-10-07T01:45:43Z   [apply] simp [augment, hj, originRow, Pi.single_apply, hjne, Pi.add_apply, Pi.smul_apply, smul_eq_mul]
2026-10-07T01:45:43Z 
2026-10-07T01:45:43Z Note: This linter can be disabled with `set_option linter.unusedSimpArgs false`
2026-10-07T01:45:43Z warning: SierksmaLean/Proofs/Proof_Sierksma_model_exact_geometric_bridge.lean:834:13: This simp argument is unused:
2026-10-07T01:45:43Z   map_sum
2026-10-07T01:45:43Z 
2026-10-07T01:45:43Z Hint: Omit it from the simp argument list.
2026-10-07T01:45:43Z   [apply] simp only [map_zsmul, hface, smul_eq_mul, Finsupp.sum]
2026-10-07T01:45:43Z 
2026-10-07T01:45:43Z Note: This linter can be disabled with `set_option linter.unusedSimpArgs false`
2026-10-07T01:45:43Z warning: SierksmaLean/Proofs/Proof_Sierksma_model_exact_geometric_bridge.lean:968:47: This simp argument is unused:
2026-10-07T01:45:43Z   hne
2026-10-07T01:45:43Z 
2026-10-07T01:45:43Z Hint: Omit it from the simp argument list.
2026-10-07T01:45:43Z   [apply] simp [Finset.mem_erase, Finset.mem_insert]
2026-10-07T01:45:43Z 
2026-10-07T01:45:43Z Note: This linter can be disabled with `set_option linter.unusedSimpArgs false`
2026-10-07T01:45:43Z warning: SierksmaLean/Proofs/Proof_Sierksma_model_exact_geometric_bridge.lean:923:75: this tactic is never executed
2026-10-07T01:45:43Z 
2026-10-07T01:45:43Z Note: This linter can be disabled with `set_option linter.unreachableTactic false`
2026-10-07T01:45:43Z warning: SierksmaLean/Proofs/Proof_Sierksma_model_exact_geometric_bridge.lean:947:45: this tactic is never executed
2026-10-07T01:45:43Z 
2026-10-07T01:45:43Z Note: This linter can be disabled with `set_option linter.unreachableTactic false`
2026-10-07T01:45:43Z warning: SierksmaLean/Proofs/Proof_Sierksma_model_exact_geometric_bridge.lean:947:56: this tactic is never executed
2026-10-07T01:45:43Z 
2026-10-07T01:45:43Z Note: This linter can be disabled with `set_option linter.unreachableTactic false`
2026-10-07T01:45:43Z warning: SierksmaLean/Proofs/Proof_Sierksma_model_exact_geometric_bridge.lean:923:75: Unused tactic linter: `exact Subsingleton.elim _ _` does nothing
2026-10-07T01:45:43Z 
2026-10-07T01:45:43Z Note: This linter can be disabled with `set_option linter.unusedTactic false`
2026-10-07T01:45:43Z warning: SierksmaLean/Proofs/Proof_Sierksma_model_exact_geometric_bridge.lean:947:45: Unused tactic linter: `congr!` does nothing
2026-10-07T01:45:43Z 
2026-10-07T01:45:43Z Note: This linter can be disabled with `set_option linter.unusedTactic false`
2026-10-07T01:45:43Z warning: SierksmaLean/Proofs/Proof_Sierksma_model_exact_geometric_bridge.lean:947:56: Unused tactic linter: `exact Subsingleton.elim _ _` does nothing
2026-10-07T01:45:43Z 
2026-10-07T01:45:43Z Note: This linter can be disabled with `set_option linter.unusedTactic false`
2026-10-07T01:45:43Z warning: SierksmaLean/Proofs/Proof_Sierksma_model_exact_geometric_bridge.lean:1063:10: This simp argument is unused:
2026-10-07T01:45:43Z   Finsupp.single_apply
2026-10-07T01:45:43Z 
2026-10-07T01:45:43Z Hint: Omit it from the simp argument list.
2026-10-07T01:45:43Z   [apply] simp [hne]
2026-10-07T01:45:43Z 
2026-10-07T01:45:43Z Note: This linter can be disabled with `set_option linter.unusedSimpArgs false`
2026-10-07T01:45:43Z warning: SierksmaLean/Proofs/Proof_Sierksma_model_exact_geometric_bridge.lean:1241:5: Variable name `hz` is not explicitly referenced.
2026-10-07T01:45:43Z 
2026-10-07T01:45:43Z Hint: The binding can be removed (if unused) or named `_` (if used implicitly). Alternatively, prefix the name with `_` to silence this warning:
2026-10-07T01:45:43Z   [apply] _hz
2026-10-07T01:45:43Z 
2026-10-07T01:45:43Z Note: This linter can be disabled with `set_option linter.unusedVariables false`
2026-10-07T01:45:43Z warning: SierksmaLean/Proofs/Proof_Sierksma_model_exact_geometric_bridge.lean:1293:10: This simp argument is unused:
2026-10-07T01:45:43Z   Matrix.det_fromBlocks_zero₂₁
2026-10-07T01:45:43Z 
2026-10-07T01:45:43Z Hint: Omit it from the simp argument list.
2026-10-07T01:45:43Z   [apply] simp
2026-10-07T01:45:43Z 
2026-10-07T01:45:43Z Note: This linter can be disabled with `set_option linter.unusedSimpArgs false`
2026-10-07T01:45:43Z warning: SierksmaLean/Proofs/Proof_Sierksma_model_exact_geometric_bridge.lean:1439:23: This simp argument is unused:
2026-10-07T01:45:43Z   he
2026-10-07T01:45:43Z 
2026-10-07T01:45:43Z Hint: Omit it from the simp argument list.
2026-10-07T01:45:43Z   [apply] simp only [HexTuple, hg] at h
2026-10-07T01:45:43Z 
2026-10-07T01:45:43Z Note: This linter can be disabled with `set_option linter.unusedSimpArgs false`
2026-10-07T01:45:43Z warning: SierksmaLean/Proofs/Proof_Sierksma_model_exact_geometric_bridge.lean:1471:16: `Finsupp.finset_sum_apply` has been deprecated: Use `Finsupp.finsetSum_apply` instead
2026-10-07T01:45:43Z warning: SierksmaLean/Proofs/Proof_Sierksma_model_exact_geometric_bridge.lean:1500:30: This simp argument is unused:
2026-10-07T01:45:43Z   if_pos hbound
2026-10-07T01:45:43Z 
2026-10-07T01:45:43Z Hint: Omit it from the simp argument list.
2026-10-07T01:45:43Z   [apply] simp only [ShiftVertex, HexTuple] at heq
2026-10-07T01:45:43Z 
2026-10-07T01:45:43Z Note: This linter can be disabled with `set_option linter.unusedSimpArgs false`
2026-10-07T01:45:43Z warning: SierksmaLean/Proofs/Proof_Sierksma_model_exact_geometric_bridge.lean:1503:28: This simp argument is unused:
2026-10-07T01:45:43Z   if_pos hbound
2026-10-07T01:45:43Z 
2026-10-07T01:45:43Z Hint: Omit it from the simp argument list.
2026-10-07T01:45:43Z   [apply] simp only [ShiftVertex, HexTuple, hf, hblock] at heq
2026-10-07T01:45:43Z 
2026-10-07T01:45:43Z Note: This linter can be disabled with `set_option linter.unusedSimpArgs false`
2026-10-07T01:45:43Z warning: SierksmaLean/Proofs/Proof_Sierksma_model_exact_geometric_bridge.lean:1503:53: This simp argument is unused:
2026-10-07T01:45:43Z   hf
2026-10-07T01:45:43Z 
2026-10-07T01:45:43Z Hint: Omit it from the simp argument list.
2026-10-07T01:45:43Z   [apply] simp only [ShiftVertex, if_pos hbound, HexTuple, hblock] at heq
2026-10-07T01:45:43Z 
2026-10-07T01:45:43Z Note: This linter can be disabled with `set_option linter.unusedSimpArgs false`
2026-10-07T01:45:43Z warning: SierksmaLean/Proofs/Proof_Sierksma_model_exact_geometric_bridge.lean:1561:26: This simp argument is unused:
2026-10-07T01:45:43Z   and_true
2026-10-07T01:45:43Z 
2026-10-07T01:45:43Z Hint: Omit it from the simp argument list.
2026-10-07T01:45:43Z   [apply] simp only [and_false, false_and, true_and, ite_false, ite_true, add_zero, zero_add]
2026-10-07T01:45:43Z 
2026-10-07T01:45:43Z Note: This linter can be disabled with `set_option linter.unusedSimpArgs false`
2026-10-07T01:45:43Z warning: SierksmaLean/Proofs/Proof_Sierksma_model_exact_geometric_bridge.lean:1561:68: This simp argument is unused:
2026-10-07T01:45:43Z   ite_true
2026-10-07T01:45:43Z 
2026-10-07T01:45:43Z Hint: Omit it from the simp argument list.
2026-10-07T01:45:43Z   [apply] simp only [and_false, and_true, false_and, true_and, ite_false, add_zero, zero_add]
2026-10-07T01:45:43Z 
2026-10-07T01:45:43Z Note: This linter can be disabled with `set_option linter.unusedSimpArgs false`
2026-10-07T01:45:43Z warning: SierksmaLean/Proofs/Proof_Sierksma_model_exact_geometric_bridge.lean:1622:62: This simp argument is unused:
2026-10-07T01:45:43Z   add_zero
2026-10-07T01:45:43Z 
2026-10-07T01:45:43Z Hint: Omit it from the simp argument list.
2026-10-07T01:45:43Z   [apply] simp only [step_lt, lt_self_iff_false, ite_false, zero_add]
2026-10-07T01:45:43Z 
2026-10-07T01:45:43Z Note: This linter can be disabled with `set_option linter.unusedSimpArgs false`
2026-10-07T01:45:43Z warning: SierksmaLean/Proofs/Proof_Sierksma_model_exact_geometric_bridge.lean:1627:31: This simp argument is unused:
2026-10-07T01:45:43Z   Fin.ext_iff
2026-10-07T01:45:43Z 
2026-10-07T01:45:43Z Hint: Omit it from the simp argument list.
2026-10-07T01:45:43Z   [apply] simp only [step, Fin.lt_def]
2026-10-07T01:45:43Z 
2026-10-07T01:45:43Z Note: This linter can be disabled with `set_option linter.unusedSimpArgs false`
2026-10-07T01:45:43Z warning: SierksmaLean/Proofs/Proof_Sierksma_model_exact_geometric_bridge.lean:1638:72: This simp argument is unused:
2026-10-07T01:45:43Z   zero_add
2026-10-07T01:45:43Z 
2026-10-07T01:45:43Z Hint: Omit it from the simp argument list.
2026-10-07T01:45:43Z   [apply] simp only [step_gt, lt_self_iff_false, ite_false, add_zero]
2026-10-07T01:45:43Z 
2026-10-07T01:45:43Z Note: This linter can be disabled with `set_option linter.unusedSimpArgs false`
2026-10-07T01:45:43Z warning: SierksmaLean/Proofs/Proof_Sierksma_model_exact_geometric_bridge.lean:1838:18: This simp argument is unused:
2026-10-07T01:45:43Z   Fin.reduceEq
2026-10-07T01:45:43Z 
2026-10-07T01:45:43Z Hint: Omit it from the simp argument list.
2026-10-07T01:45:43Z   [apply] simp only [hb, ite_false, shiftAll_apply]
2026-10-07T01:45:43Z 
2026-10-07T01:45:43Z Note: This linter can be disabled with `set_option linter.unusedSimpArgs false`
2026-10-07T01:45:43Z warning: SierksmaLean/Proofs/Proof_Sierksma_model_exact_geometric_bridge.lean:1838:31: This simp argument is unused:
2026-10-07T01:45:43Z   ite_false
2026-10-07T01:45:43Z 
2026-10-07T01:45:43Z Hint: Omit it from the simp argument list.
2026-10-07T01:45:43Z   [apply] simp only [hb, Fin.reduceEq, shiftAll_apply]
2026-10-07T01:45:43Z 
2026-10-07T01:45:43Z Note: This linter can be disabled with `set_option linter.unusedSimpArgs false`
2026-10-07T01:45:43Z warning: SierksmaLean/Proofs/Proof_Sierksma_model_exact_geometric_bridge.lean:2015:50: This simp argument is unused:
2026-10-07T01:45:43Z   dif_pos hs
2026-10-07T01:45:43Z 
2026-10-07T01:45:43Z Hint: Omit it from the simp argument list.
2026-10-07T01:45:43Z   [apply] simp only [SimplexGP, hs, true_and, augmentedDet]
2026-10-07T01:45:43Z 
2026-10-07T01:45:43Z Note: This linter can be disabled with `set_option linter.unusedSimpArgs false`
2026-10-07T01:45:43Z warning: SierksmaLean/Proofs/Proof_Sierksma_model_exact_geometric_bridge.lean:2059:27: `Fin.coe_castSucc` has been deprecated: Use `Fin.val_castSucc` instead
2026-10-07T01:45:43Z warning: SierksmaLean/Proofs/Proof_Sierksma_model_exact_geometric_bridge.lean:2081:29: This simp argument is unused:
2026-10-07T01:45:43Z   Fin.last_eq_zero_iff
2026-10-07T01:45:43Z 
2026-10-07T01:45:43Z Hint: Omit it from the simp argument list.
2026-10-07T01:45:43Z   [apply] simp only [Fin.isValue, Fin.reduceLast, ite_true, Matrix.smul_apply, smul_eq_mul, one_mul]
2026-10-07T01:45:43Z 
2026-10-07T01:45:43Z Note: This linter can be disabled with `set_option linter.unusedSimpArgs false`
2026-10-07T01:45:43Z warning: SierksmaLean/Proofs/Proof_Sierksma_model_exact_geometric_bridge.lean:2111:6: Unused tactic linter: `congr 1` does nothing
2026-10-07T01:45:43Z 
2026-10-07T01:45:43Z Note: This linter can be disabled with `set_option linter.unusedTactic false`
2026-10-07T01:45:43Z warning: SierksmaLean/Proofs/Proof_Sierksma_model_exact_geometric_bridge.lean:2181:25: This simp argument is unused:
2026-10-07T01:45:43Z   hrank
2026-10-07T01:45:43Z 
2026-10-07T01:45:43Z Hint: Omit it from the simp argument list.
2026-10-07T01:45:43Z   [apply] simp only [incidence, Finsupp.smul_single, smul_eq_mul]
2026-10-07T01:45:43Z 
2026-10-07T01:45:43Z Note: This linter can be disabled with `set_option linter.unusedSimpArgs false`
2026-10-07T01:45:43Z warning: SierksmaLean/Proofs/Proof_Sierksma_model_exact_geometric_bridge.lean:2153:23: Used `tac1 <;> tac2` where `(tac1; tac2)` would suffice
2026-10-07T01:45:43Z 
2026-10-07T01:45:43Z Note: This linter can be disabled with `set_option linter.unnecessarySeqFocus false`
2026-10-07T01:45:43Z warning: SierksmaLean/Proofs/Proof_Sierksma_model_exact_geometric_bridge.lean:2153:33: Used `tac1 <;> tac2` where `(tac1; tac2)` would suffice
2026-10-07T01:45:43Z 
2026-10-07T01:45:43Z Note: This linter can be disabled with `set_option linter.unnecessarySeqFocus false`
2026-10-07T01:45:43Z warning: SierksmaLean/Proofs/Proof_Sierksma_model_exact_geometric_bridge.lean:2220:23: This simp argument is unused:
2026-10-07T01:45:43Z   he
2026-10-07T01:45:43Z 
2026-10-07T01:45:43Z Hint: Omit it from the simp argument list.
2026-10-07T01:45:43Z   [apply] simp only [HexTuple, hg] at h
2026-10-07T01:45:43Z 
2026-10-07T01:45:43Z Note: This linter can be disabled with `set_option linter.unusedSimpArgs false`
2026-10-07T01:45:43Z warning: SierksmaLean/Proofs/Proof_Sierksma_model_exact_geometric_bridge.lean:2261:71: This simp argument is unused:
2026-10-07T01:45:43Z   if_neg hj
2026-10-07T01:45:43Z 
2026-10-07T01:45:43Z Hint: Omit it from the simp argument list.
2026-10-07T01:45:43Z   [apply] simp only [Fin.cons_succ, augment, dif_pos hj8, ModelFacetMatrixQ, Fin.val_succ, Nat.add_sub_cancel,
2026-10-07T01:45:43Z     Nat.succ_ne_zero, ite_false]
2026-10-07T01:45:43Z 
2026-10-07T01:45:43Z Note: This linter can be disabled with `set_option linter.unusedSimpArgs false`
2026-10-07T01:45:43Z warning: SierksmaLean/Proofs/Proof_Sierksma_model_exact_geometric_bridge.lean:2262:59: This simp argument is unused:
2026-10-07T01:45:43Z   ite_false
2026-10-07T01:45:43Z 
2026-10-07T01:45:43Z Hint: Omit it from the simp argument list.
2026-10-07T01:45:43Z   [apply] simp only [Fin.cons_succ, augment, dif_pos hj8, ModelFacetMatrixQ, if_neg hj, Fin.val_succ,
2026-10-07T01:45:43Z     Nat.add_sub_cancel, Nat.succ_ne_zero]
2026-10-07T01:45:43Z 
2026-10-07T01:45:43Z Note: This linter can be disabled with `set_option linter.unusedSimpArgs false`
2026-10-07T01:45:43Z warning: SierksmaLean/Proofs/Proof_Sierksma_model_exact_geometric_bridge.lean:2271:23: This simp argument is unused:
2026-10-07T01:45:43Z   Fin.val_mk
2026-10-07T01:45:43Z 
2026-10-07T01:45:43Z Hint: Omit it from the simp argument list.
2026-10-07T01:45:43Z   [apply] simp only [r, b, dif_neg hj, dif_neg (by decide : ¬False)]
2026-10-07T01:45:43Z 
2026-10-07T01:45:43Z Note: This linter can be disabled with `set_option linter.unusedSimpArgs false`
2026-10-07T01:45:43Z warning: SierksmaLean/Proofs/Proof_Sierksma_model_exact_geometric_bridge.lean:2319:41: `Finsupp.finset_sum_apply` has been deprecated: Use `Finsupp.finsetSum_apply` instead
2026-10-07T01:45:43Z warning: SierksmaLean/Proofs/Proof_Sierksma_model_exact_geometric_bridge.lean:2327:31: Used `tac1 <;> tac2` where `(tac1; tac2)` would suffice
2026-10-07T01:45:43Z 
2026-10-07T01:45:43Z Note: This linter can be disabled with `set_option linter.unnecessarySeqFocus false`
2026-10-07T01:45:43Z warning: SierksmaLean/Proofs/Proof_Sierksma_model_exact_geometric_bridge.lean:2327:41: Used `tac1 <;> tac2` where `(tac1; tac2)` would suffice
2026-10-07T01:45:43Z 
2026-10-07T01:45:43Z Note: This linter can be disabled with `set_option linter.unnecessarySeqFocus false`
2026-10-07T01:45:43Z warning: SierksmaLean/Proofs/Proof_Sierksma_model_exact_geometric_bridge.lean:2374:4: Unused tactic linter: `congr 1` does nothing
2026-10-07T01:45:43Z 
2026-10-07T01:45:43Z Note: This linter can be disabled with `set_option linter.unusedTactic false`
2026-10-07T01:45:43Z warning: SierksmaLean/Proofs/Proof_Sierksma_model_exact_geometric_bridge.lean:2382:4: Unused tactic linter: `congr 1` does nothing
2026-10-07T01:45:43Z 
2026-10-07T01:45:43Z Note: This linter can be disabled with `set_option linter.unusedTactic false`
2026-10-07T01:45:43Z warning: SierksmaLean/Proofs/Proof_Sierksma_model_exact_geometric_bridge.lean:2469:39: `Finsupp.finset_sum_apply` has been deprecated: Use `Finsupp.finsetSum_apply` instead
2026-10-07T01:45:43Z warning: SierksmaLean/Proofs/Proof_Sierksma_model_exact_geometric_bridge.lean:2477:29: Used `tac1 <;> tac2` where `(tac1; tac2)` would suffice
2026-10-07T01:45:43Z 
2026-10-07T01:45:43Z Note: This linter can be disabled with `set_option linter.unnecessarySeqFocus false`
2026-10-07T01:45:43Z warning: SierksmaLean/Proofs/Proof_Sierksma_model_exact_geometric_bridge.lean:2477:39: Used `tac1 <;> tac2` where `(tac1; tac2)` would suffice
2026-10-07T01:45:43Z 
2026-10-07T01:45:43Z Note: This linter can be disabled with `set_option linter.unnecessarySeqFocus false`
2026-10-07T01:45:43Z ⚠ [10563/12386] Replayed SierksmaLean.Theorems.Thm_Sierksma_model_exact_geometric_bridge
2026-10-07T01:45:43Z warning: SierksmaLean/Theorems/Thm_Sierksma_model_exact_geometric_bridge.lean:8:7: Variable name `h` is not explicitly referenced.
2026-10-07T01:45:43Z 
2026-10-07T01:45:43Z Hint: The binding can be removed (if unused) or named `_` (if used implicitly). Alternatively, prefix the name with `_` to silence this warning:
2026-10-07T01:45:43Z   [apply] _h
2026-10-07T01:45:43Z 
2026-10-07T01:45:43Z Note: This linter can be disabled with `set_option linter.unusedVariables false`
2026-10-07T01:45:43Z ⚠ [10568/12386] Replayed SierksmaLean.Proofs.Proof_PLDegree_apex_independence
2026-10-07T01:45:43Z warning: SierksmaLean/Proofs/Proof_PLDegree_apex_independence.lean:34:57: This simp argument is unused:
2026-10-07T01:45:43Z   Fin.ext_iff
2026-10-07T01:45:43Z 
2026-10-07T01:45:43Z Hint: Omit it from the simp argument list.
2026-10-07T01:45:43Z   [apply] simp [rayMatrix, B, Matrix.updateRow, f]
2026-10-07T01:45:43Z 
2026-10-07T01:45:43Z Note: This linter can be disabled with `set_option linter.unusedSimpArgs false`
2026-10-07T01:45:43Z warning: SierksmaLean/Proofs/Proof_PLDegree_apex_independence.lean:94:42: This simp argument is unused:
2026-10-07T01:45:43Z   dite_true
2026-10-07T01:45:43Z 
2026-10-07T01:45:43Z Hint: Omit it from the simp argument list.
2026-10-07T01:45:43Z   [apply] simp only [rayMatrix, Fin.val_zero, Matrix.updateRow_self]
2026-10-07T01:45:43Z 
2026-10-07T01:45:43Z Note: This linter can be disabled with `set_option linter.unusedSimpArgs false`
2026-10-07T01:45:43Z warning: SierksmaLean/Proofs/Proof_PLDegree_apex_independence.lean:96:56: This simp argument is unused:
2026-10-07T01:45:43Z   Pi.add_apply
2026-10-07T01:45:43Z 
2026-10-07T01:45:43Z Hint: Omit it from the simp argument list.
2026-10-07T01:45:43Z   [apply] simp only [Fin.cons_zero, Fin.cons_succ, augment, Pi.smul_apply, Pi.sub_apply, smul_eq_mul]
2026-10-07T01:45:43Z 
2026-10-07T01:45:43Z Note: This linter can be disabled with `set_option linter.unusedSimpArgs false`
2026-10-07T01:45:43Z warning: SierksmaLean/Proofs/Proof_PLDegree_apex_independence.lean:96:70: This simp argument is unused:
2026-10-07T01:45:43Z   Pi.smul_apply
2026-10-07T01:45:43Z 
2026-10-07T01:45:43Z Hint: Omit it from the simp argument list.
2026-10-07T01:45:43Z   [apply] simp only [Fin.cons_zero, Fin.cons_succ, augment, Pi.add_apply, Pi.sub_apply, smul_eq_mul]
2026-10-07T01:45:43Z 
2026-10-07T01:45:43Z Note: This linter can be disabled with `set_option linter.unusedSimpArgs false`
2026-10-07T01:45:43Z warning: SierksmaLean/Proofs/Proof_PLDegree_apex_independence.lean:96:99: This simp argument is unused:
2026-10-07T01:45:43Z   smul_eq_mul
2026-10-07T01:45:43Z 
2026-10-07T01:45:43Z Hint: Omit it from the simp argument list.
2026-10-07T01:45:43Z   [apply] simp only [Fin.cons_zero, Fin.cons_succ, augment, Pi.add_apply, Pi.smul_apply, Pi.sub_apply]
2026-10-07T01:45:43Z 
2026-10-07T01:45:43Z Note: This linter can be disabled with `set_option linter.unusedSimpArgs false`
2026-10-07T01:45:43Z warning: SierksmaLean/Proofs/Proof_PLDegree_apex_independence.lean:148:2: Try this: 
2026-10-07T01:45:43Z   letI̵
2026-10-07T01:45:43Z 
2026-10-07T01:45:43Z The goal is a proposition, so `let` is preferred over `letI`.
2026-10-07T01:45:43Z The difference between `let` and `letI` is that `letI` inlines the value.
2026-10-07T01:45:43Z But this is not relevant for proofs because of proof irrelevance.
2026-10-07T01:45:43Z 
2026-10-07T01:45:43Z Note: This linter can be disabled with `set_option linter.style.haveILetI false`
2026-10-07T01:45:43Z warning: SierksmaLean/Proofs/Proof_PLDegree_apex_independence.lean:233:4: `push_neg` has been deprecated. Prefer using `push Not` instead.
2026-10-07T01:45:43Z If you'd rather continue using `push_neg` in your project, you can implement it as follows:
2026-10-07T01:45:43Z ```
2026-10-07T01:45:43Z open Lean.Parser.Tactic in
2026-10-07T01:45:43Z macro "push_neg" cfg:optConfig loc:(location)? : tactic =>
2026-10-07T01:45:43Z   `(tactic| push $cfg:optConfig Not $[$loc]?)
2026-10-07T01:45:43Z ```
2026-10-07T01:45:43Z warning: SierksmaLean/Proofs/Proof_PLDegree_apex_independence.lean:238:4: `push_neg` has been deprecated. Prefer using `push Not` instead.
2026-10-07T01:45:43Z If you'd rather continue using `push_neg` in your project, you can implement it as follows:
2026-10-07T01:45:43Z ```
2026-10-07T01:45:43Z open Lean.Parser.Tactic in
2026-10-07T01:45:43Z macro "push_neg" cfg:optConfig loc:(location)? : tactic =>
2026-10-07T01:45:43Z   `(tactic| push $cfg:optConfig Not $[$loc]?)
2026-10-07T01:45:43Z ```
2026-10-07T01:45:43Z warning: SierksmaLean/Proofs/Proof_PLDegree_apex_independence.lean:217:5: Variable name `ha` is not explicitly referenced.
2026-10-07T01:45:43Z 
2026-10-07T01:45:43Z Hint: The binding can be removed (if unused) or named `_` (if used implicitly). Alternatively, prefix the name with `_` to silence this warning:
2026-10-07T01:45:43Z   [apply] _ha
2026-10-07T01:45:43Z 
2026-10-07T01:45:43Z Note: This linter can be disabled with `set_option linter.unusedVariables false`
2026-10-07T01:45:43Z warning: SierksmaLean/Proofs/Proof_PLDegree_apex_independence.lean:418:14: This simp argument is unused:
2026-10-07T01:45:43Z   Pi.add_apply
2026-10-07T01:45:43Z 
2026-10-07T01:45:43Z Hint: Omit it from the simp argument list.
2026-10-07T01:45:43Z   [apply] simp [Pi.smul_apply, smul_eq_mul]
2026-10-07T01:45:43Z 
2026-10-07T01:45:43Z Note: This linter can be disabled with `set_option linter.unusedSimpArgs false`
2026-10-07T01:45:43Z warning: SierksmaLean/Proofs/Proof_PLDegree_apex_independence.lean:418:28: This simp argument is unused:
2026-10-07T01:45:43Z   Pi.smul_apply
2026-10-07T01:45:43Z 
2026-10-07T01:45:43Z Hint: Omit it from the simp argument list.
2026-10-07T01:45:43Z   [apply] simp [Pi.add_apply, smul_eq_mul]
2026-10-07T01:45:43Z 
2026-10-07T01:45:43Z Note: This linter can be disabled with `set_option linter.unusedSimpArgs false`
2026-10-07T01:45:43Z warning: SierksmaLean/Proofs/Proof_PLDegree_apex_independence.lean:418:43: This simp argument is unused:
2026-10-07T01:45:43Z   smul_eq_mul
2026-10-07T01:45:43Z 
2026-10-07T01:45:43Z Hint: Omit it from the simp argument list.
2026-10-07T01:45:43Z   [apply] simp [Pi.add_apply, Pi.smul_apply]
2026-10-07T01:45:43Z 
2026-10-07T01:45:43Z Note: This linter can be disabled with `set_option linter.unusedSimpArgs false`
2026-10-07T01:45:43Z warning: SierksmaLean/Proofs/Proof_PLDegree_apex_independence.lean:439:14: This simp argument is unused:
2026-10-07T01:45:43Z   Pi.single_apply
2026-10-07T01:45:43Z 
2026-10-07T01:45:43Z Hint: Omit it from the simp argument list.
2026-10-07T01:45:43Z   [apply] simp [hne, Ne.symm hne]
2026-10-07T01:45:43Z 
2026-10-07T01:45:43Z Note: This linter can be disabled with `set_option linter.unusedSimpArgs false`
2026-10-07T01:45:43Z warning: SierksmaLean/Proofs/Proof_PLDegree_apex_independence.lean:439:36: This simp argument is unused:
2026-10-07T01:45:43Z   Ne.symm hne
2026-10-07T01:45:43Z 
2026-10-07T01:45:43Z Hint: Omit it from the simp argument list.
2026-10-07T01:45:43Z   [apply] simp [Pi.single_apply, hne]
2026-10-07T01:45:43Z 
2026-10-07T01:45:43Z Note: This linter can be disabled with `set_option linter.unusedSimpArgs false`
2026-10-07T01:45:43Z warning: SierksmaLean/Proofs/Proof_PLDegree_apex_independence.lean:565:57: Try `simp at hj` instead of `simpa using hj`
2026-10-07T01:45:43Z 
2026-10-07T01:45:43Z Note: This linter can be disabled with `set_option linter.unnecessarySimpa false`
2026-10-07T01:45:43Z warning: SierksmaLean/Proofs/Proof_PLDegree_apex_independence.lean:566:36: This simp argument is unused:
2026-10-07T01:45:43Z   Pi.single_apply
2026-10-07T01:45:43Z 
2026-10-07T01:45:43Z Hint: Omit it from the simp argument list.
2026-10-07T01:45:43Z   [apply] simp [augment, hj, originRow, hjne, Ne.symm hjne, Pi.add_apply, Pi.smul_apply, smul_eq_mul]
2026-10-07T01:45:43Z 
2026-10-07T01:45:43Z Note: This linter can be disabled with `set_option linter.unusedSimpArgs false`
2026-10-07T01:45:43Z warning: SierksmaLean/Proofs/Proof_PLDegree_apex_independence.lean:566:59: This simp argument is unused:
2026-10-07T01:45:43Z   Ne.symm hjne
2026-10-07T01:45:43Z 
2026-10-07T01:45:43Z Hint: Omit it from the simp argument list.
2026-10-07T01:45:43Z   [apply] simp [augment, hj, originRow, Pi.single_apply, hjne, Pi.add_apply, Pi.smul_apply, smul_eq_mul]
2026-10-07T01:45:43Z 
2026-10-07T01:45:43Z Note: This linter can be disabled with `set_option linter.unusedSimpArgs false`
2026-10-07T01:45:43Z warning: SierksmaLean/Proofs/Proof_PLDegree_apex_independence.lean:831:13: This simp argument is unused:
2026-10-07T01:45:43Z   map_sum
2026-10-07T01:45:43Z 
2026-10-07T01:45:43Z Hint: Omit it from the simp argument list.
2026-10-07T01:45:43Z   [apply] simp only [map_zsmul, hface, smul_eq_mul, Finsupp.sum]
2026-10-07T01:45:43Z 
2026-10-07T01:45:43Z Note: This linter can be disabled with `set_option linter.unusedSimpArgs false`
2026-10-07T01:45:43Z warning: SierksmaLean/Proofs/Proof_PLDegree_apex_independence.lean:965:47: This simp argument is unused:
2026-10-07T01:45:43Z   hne
2026-10-07T01:45:43Z 
2026-10-07T01:45:43Z Hint: Omit it from the simp argument list.
2026-10-07T01:45:43Z   [apply] simp [Finset.mem_erase, Finset.mem_insert]
2026-10-07T01:45:43Z 
2026-10-07T01:45:43Z Note: This linter can be disabled with `set_option linter.unusedSimpArgs false`
2026-10-07T01:45:43Z warning: SierksmaLean/Proofs/Proof_PLDegree_apex_independence.lean:920:75: this tactic is never executed
2026-10-07T01:45:43Z 
2026-10-07T01:45:43Z Note: This linter can be disabled with `set_option linter.unreachableTactic false`
2026-10-07T01:45:43Z warning: SierksmaLean/Proofs/Proof_PLDegree_apex_independence.lean:944:45: this tactic is never executed
2026-10-07T01:45:43Z 
2026-10-07T01:45:43Z Note: This linter can be disabled with `set_option linter.unreachableTactic false`
2026-10-07T01:45:43Z warning: SierksmaLean/Proofs/Proof_PLDegree_apex_independence.lean:944:56: this tactic is never executed
2026-10-07T01:45:43Z 
2026-10-07T01:45:43Z Note: This linter can be disabled with `set_option linter.unreachableTactic false`
2026-10-07T01:45:43Z warning: SierksmaLean/Proofs/Proof_PLDegree_apex_independence.lean:920:75: Unused tactic linter: `exact Subsingleton.elim _ _` does nothing
2026-10-07T01:45:43Z 
2026-10-07T01:45:43Z Note: This linter can be disabled with `set_option linter.unusedTactic false`
2026-10-07T01:45:43Z warning: SierksmaLean/Proofs/Proof_PLDegree_apex_independence.lean:944:45: Unused tactic linter: `congr!` does nothing
2026-10-07T01:45:43Z 
2026-10-07T01:45:43Z Note: This linter can be disabled with `set_option linter.unusedTactic false`
2026-10-07T01:45:43Z warning: SierksmaLean/Proofs/Proof_PLDegree_apex_independence.lean:944:56: Unused tactic linter: `exact Subsingleton.elim _ _` does nothing
2026-10-07T01:45:43Z 
2026-10-07T01:45:43Z Note: This linter can be disabled with `set_option linter.unusedTactic false`
2026-10-07T01:45:43Z warning: SierksmaLean/Proofs/Proof_PLDegree_apex_independence.lean:1060:10: This simp argument is unused:
2026-10-07T01:45:43Z   Finsupp.single_apply
2026-10-07T01:45:43Z 
2026-10-07T01:45:43Z Hint: Omit it from the simp argument list.
2026-10-07T01:45:43Z   [apply] simp [hne]
2026-10-07T01:45:43Z 
2026-10-07T01:45:43Z Note: This linter can be disabled with `set_option linter.unusedSimpArgs false`
2026-10-07T01:45:43Z warning: SierksmaLean/Proofs/Proof_PLDegree_apex_independence.lean:1238:5: Variable name `hz` is not explicitly referenced.
2026-10-07T01:45:43Z 
2026-10-07T01:45:43Z Hint: The binding can be removed (if unused) or named `_` (if used implicitly). Alternatively, prefix the name with `_` to silence this warning:
2026-10-07T01:45:43Z   [apply] _hz
2026-10-07T01:45:43Z 
2026-10-07T01:45:43Z Note: This linter can be disabled with `set_option linter.unusedVariables false`
2026-10-07T01:45:43Z ⚠ [10569/12386] Replayed SierksmaLean.Theorems.Thm_PLDegree_apex_independence
2026-10-07T01:45:43Z warning: SierksmaLean/Theorems/Thm_PLDegree_apex_independence.lean:9:5: Variable name `hn` is not explicitly referenced.
2026-10-07T01:45:43Z 
2026-10-07T01:45:43Z Hint: The binding can be removed (if unused) or named `_` (if used implicitly). Alternatively, prefix the name with `_` to silence this warning:
2026-10-07T01:45:43Z   [apply] _hn
2026-10-07T01:45:43Z 
2026-10-07T01:45:43Z Note: This linter can be disabled with `set_option linter.unusedVariables false`
2026-10-07T01:45:43Z warning: SierksmaLean/Theorems/Thm_PLDegree_apex_independence.lean:10:5: Variable name `hz` is not explicitly referenced.
2026-10-07T01:45:43Z 
2026-10-07T01:45:43Z Hint: The binding can be removed (if unused) or named `_` (if used implicitly). Alternatively, prefix the name with `_` to silence this warning:
2026-10-07T01:45:43Z   [apply] _hz
2026-10-07T01:45:43Z 
2026-10-07T01:45:43Z Note: This linter can be disabled with `set_option linter.unusedVariables false`
2026-10-07T01:45:43Z warning: SierksmaLean/Theorems/Thm_PLDegree_apex_independence.lean:10:28: Variable name `hcycle` is not explicitly referenced.
2026-10-07T01:45:43Z 
2026-10-07T01:45:43Z Hint: The binding can be removed (if unused) or named `_` (if used implicitly). Alternatively, prefix the name with `_` to silence this warning:
2026-10-07T01:45:43Z   [apply] _hcycle
2026-10-07T01:45:43Z 
2026-10-07T01:45:43Z Note: This linter can be disabled with `set_option linter.unusedVariables false`
2026-10-07T01:45:43Z warning: SierksmaLean/Theorems/Thm_PLDegree_apex_independence.lean:11:5: Variable name `hs` is not explicitly referenced.
2026-10-07T01:45:43Z 
2026-10-07T01:45:43Z Hint: The binding can be removed (if unused) or named `_` (if used implicitly). Alternatively, prefix the name with `_` to silence this warning:
2026-10-07T01:45:43Z   [apply] _hs
2026-10-07T01:45:43Z 
2026-10-07T01:45:43Z Note: This linter can be disabled with `set_option linter.unusedVariables false`
2026-10-07T01:45:43Z warning: SierksmaLean/Theorems/Thm_PLDegree_apex_independence.lean:11:22: Variable name `hs'` is not explicitly referenced.
2026-10-07T01:45:43Z 
2026-10-07T01:45:43Z Hint: The binding can be removed (if unused) or named `_` (if used implicitly). Alternatively, prefix the name with `_` to silence this warning:
2026-10-07T01:45:43Z   [apply] _hs'
2026-10-07T01:45:43Z 
2026-10-07T01:45:43Z Note: This linter can be disabled with `set_option linter.unusedVariables false`
2026-10-07T01:45:43Z warning: SierksmaLean/Theorems/Thm_PLDegree_apex_independence.lean:12:5: Variable name `hg` is not explicitly referenced.
2026-10-07T01:45:43Z 
2026-10-07T01:45:43Z Hint: The binding can be removed (if unused) or named `_` (if used implicitly). Alternatively, prefix the name with `_` to silence this warning:
2026-10-07T01:45:43Z   [apply] _hg
2026-10-07T01:45:43Z 
2026-10-07T01:45:43Z Note: This linter can be disabled with `set_option linter.unusedVariables false`
2026-10-07T01:45:43Z warning: SierksmaLean/Theorems/Thm_PLDegree_apex_independence.lean:12:33: Variable name `hg'` is not explicitly referenced.
2026-10-07T01:45:43Z 
2026-10-07T01:45:43Z Hint: The binding can be removed (if unused) or named `_` (if used implicitly). Alternatively, prefix the name with `_` to silence this warning:
2026-10-07T01:45:43Z   [apply] _hg'
2026-10-07T01:45:43Z 
2026-10-07T01:45:43Z Note: This linter can be disabled with `set_option linter.unusedVariables false`
2026-10-07T01:45:43Z ⚠ [10570/12386] Replayed SierksmaLean.Proofs.Proof_Sierksma_hexagon_join_cycle
2026-10-07T01:45:43Z warning: SierksmaLean/Proofs/Proof_Sierksma_hexagon_join_cycle.lean:46:23: This simp argument is unused:
2026-10-07T01:45:43Z   he
2026-10-07T01:45:43Z 
2026-10-07T01:45:43Z Hint: Omit it from the simp argument list.
2026-10-07T01:45:43Z   [apply] simp only [HexTuple, hg] at h
2026-10-07T01:45:43Z 
2026-10-07T01:45:43Z Note: This linter can be disabled with `set_option linter.unusedSimpArgs false`
2026-10-07T01:45:43Z warning: SierksmaLean/Proofs/Proof_Sierksma_hexagon_join_cycle.lean:78:16: `Finsupp.finset_sum_apply` has been deprecated: Use `Finsupp.finsetSum_apply` instead
2026-10-07T01:45:43Z warning: SierksmaLean/Proofs/Proof_Sierksma_hexagon_join_cycle.lean:107:30: This simp argument is unused:
2026-10-07T01:45:43Z   if_pos hbound
2026-10-07T01:45:43Z 
2026-10-07T01:45:43Z Hint: Omit it from the simp argument list.
2026-10-07T01:45:43Z   [apply] simp only [ShiftVertex, HexTuple] at heq
2026-10-07T01:45:43Z 
2026-10-07T01:45:43Z Note: This linter can be disabled with `set_option linter.unusedSimpArgs false`
2026-10-07T01:45:43Z warning: SierksmaLean/Proofs/Proof_Sierksma_hexagon_join_cycle.lean:110:28: This simp argument is unused:
2026-10-07T01:45:43Z   if_pos hbound
2026-10-07T01:45:43Z 
2026-10-07T01:45:43Z Hint: Omit it from the simp argument list.
2026-10-07T01:45:43Z   [apply] simp only [ShiftVertex, HexTuple, hf, hblock] at heq
2026-10-07T01:45:43Z 
2026-10-07T01:45:43Z Note: This linter can be disabled with `set_option linter.unusedSimpArgs false`
2026-10-07T01:45:43Z warning: SierksmaLean/Proofs/Proof_Sierksma_hexagon_join_cycle.lean:110:53: This simp argument is unused:
2026-10-07T01:45:43Z   hf
2026-10-07T01:45:43Z 
2026-10-07T01:45:43Z Hint: Omit it from the simp argument list.
2026-10-07T01:45:43Z   [apply] simp only [ShiftVertex, if_pos hbound, HexTuple, hblock] at heq
2026-10-07T01:45:43Z 
2026-10-07T01:45:43Z Note: This linter can be disabled with `set_option linter.unusedSimpArgs false`
2026-10-07T01:45:43Z warning: SierksmaLean/Proofs/Proof_Sierksma_hexagon_join_cycle.lean:165:26: This simp argument is unused:
2026-10-07T01:45:43Z   and_true
2026-10-07T01:45:43Z 
2026-10-07T01:45:43Z Hint: Omit it from the simp argument list.
2026-10-07T01:45:43Z   [apply] simp only [and_false, false_and, true_and, ite_false, ite_true, add_zero, zero_add]
2026-10-07T01:45:43Z 
2026-10-07T01:45:43Z Note: This linter can be disabled with `set_option linter.unusedSimpArgs false`
2026-10-07T01:45:43Z warning: SierksmaLean/Proofs/Proof_Sierksma_hexagon_join_cycle.lean:165:68: This simp argument is unused:
2026-10-07T01:45:43Z   ite_true
2026-10-07T01:45:43Z 
2026-10-07T01:45:43Z Hint: Omit it from the simp argument list.
2026-10-07T01:45:43Z   [apply] simp only [and_false, and_true, false_and, true_and, ite_false, add_zero, zero_add]
2026-10-07T01:45:43Z 
2026-10-07T01:45:43Z Note: This linter can be disabled with `set_option linter.unusedSimpArgs false`
2026-10-07T01:45:43Z warning: SierksmaLean/Proofs/Proof_Sierksma_hexagon_join_cycle.lean:217:62: This simp argument is unused:
2026-10-07T01:45:43Z   add_zero
2026-10-07T01:45:43Z 
2026-10-07T01:45:43Z Hint: Omit it from the simp argument list.
2026-10-07T01:45:43Z   [apply] simp only [step_lt, lt_self_iff_false, ite_false, zero_add]
2026-10-07T01:45:43Z 
2026-10-07T01:45:43Z Note: This linter can be disabled with `set_option linter.unusedSimpArgs false`
2026-10-07T01:45:43Z warning: SierksmaLean/Proofs/Proof_Sierksma_hexagon_join_cycle.lean:221:31: This simp argument is unused:
2026-10-07T01:45:43Z   Fin.ext_iff
2026-10-07T01:45:43Z 
2026-10-07T01:45:43Z Hint: Omit it from the simp argument list.
2026-10-07T01:45:43Z   [apply] simp only [step, Fin.lt_def]
2026-10-07T01:45:43Z 
2026-10-07T01:45:43Z Note: This linter can be disabled with `set_option linter.unusedSimpArgs false`
2026-10-07T01:45:43Z warning: SierksmaLean/Proofs/Proof_Sierksma_hexagon_join_cycle.lean:231:72: This simp argument is unused:
2026-10-07T01:45:43Z   zero_add
2026-10-07T01:45:43Z 
2026-10-07T01:45:43Z Hint: Omit it from the simp argument list.
2026-10-07T01:45:43Z   [apply] simp only [step_gt, lt_self_iff_false, ite_false, add_zero]
2026-10-07T01:45:43Z 
2026-10-07T01:45:43Z Note: This linter can be disabled with `set_option linter.unusedSimpArgs false`
2026-10-07T01:45:43Z warning: SierksmaLean/Proofs/Proof_Sierksma_hexagon_join_cycle.lean:402:18: This simp argument is unused:
2026-10-07T01:45:43Z   Fin.reduceEq
2026-10-07T01:45:43Z 
2026-10-07T01:45:43Z Hint: Omit it from the simp argument list.
2026-10-07T01:45:43Z   [apply] simp only [hb, ite_false, shiftAll_apply]
2026-10-07T01:45:43Z 
2026-10-07T01:45:43Z Note: This linter can be disabled with `set_option linter.unusedSimpArgs false`
2026-10-07T01:45:43Z warning: SierksmaLean/Proofs/Proof_Sierksma_hexagon_join_cycle.lean:402:31: This simp argument is unused:
2026-10-07T01:45:43Z   ite_false
2026-10-07T01:45:43Z 
2026-10-07T01:45:43Z Hint: Omit it from the simp argument list.
2026-10-07T01:45:43Z   [apply] simp only [hb, Fin.reduceEq, shiftAll_apply]
2026-10-07T01:45:43Z 
2026-10-07T01:45:43Z Note: This linter can be disabled with `set_option linter.unusedSimpArgs false`
2026-10-07T01:45:43Z ⚠ [10573/12386] Replayed SierksmaLean.Proofs.Proof_Sierksma_pl_orbit_move_multiple_three
2026-10-07T01:45:43Z warning: SierksmaLean/Proofs/Proof_Sierksma_pl_orbit_move_multiple_three.lean:39:57: This simp argument is unused:
2026-10-07T01:45:43Z   Fin.ext_iff
2026-10-07T01:45:43Z 
2026-10-07T01:45:43Z Hint: Omit it from the simp argument list.
2026-10-07T01:45:43Z   [apply] simp [rayMatrix, B, Matrix.updateRow, f]
2026-10-07T01:45:43Z 
2026-10-07T01:45:43Z Note: This linter can be disabled with `set_option linter.unusedSimpArgs false`
2026-10-07T01:45:43Z warning: SierksmaLean/Proofs/Proof_Sierksma_pl_orbit_move_multiple_three.lean:99:42: This simp argument is unused:
2026-10-07T01:45:43Z   dite_true
2026-10-07T01:45:43Z 
2026-10-07T01:45:43Z Hint: Omit it from the simp argument list.
2026-10-07T01:45:43Z   [apply] simp only [rayMatrix, Fin.val_zero, Matrix.updateRow_self]
2026-10-07T01:45:43Z 
2026-10-07T01:45:43Z Note: This linter can be disabled with `set_option linter.unusedSimpArgs false`
2026-10-07T01:45:43Z warning: SierksmaLean/Proofs/Proof_Sierksma_pl_orbit_move_multiple_three.lean:101:56: This simp argument is unused:
2026-10-07T01:45:43Z   Pi.add_apply
2026-10-07T01:45:43Z 
2026-10-07T01:45:43Z Hint: Omit it from the simp argument list.
2026-10-07T01:45:43Z   [apply] simp only [Fin.cons_zero, Fin.cons_succ, augment, Pi.smul_apply, Pi.sub_apply, smul_eq_mul]
2026-10-07T01:45:43Z 
2026-10-07T01:45:43Z Note: This linter can be disabled with `set_option linter.unusedSimpArgs false`
2026-10-07T01:45:43Z warning: SierksmaLean/Proofs/Proof_Sierksma_pl_orbit_move_multiple_three.lean:101:70: This simp argument is unused:
2026-10-07T01:45:43Z   Pi.smul_apply
2026-10-07T01:45:43Z 
2026-10-07T01:45:43Z Hint: Omit it from the simp argument list.
2026-10-07T01:45:43Z   [apply] simp only [Fin.cons_zero, Fin.cons_succ, augment, Pi.add_apply, Pi.sub_apply, smul_eq_mul]
2026-10-07T01:45:43Z 
2026-10-07T01:45:43Z Note: This linter can be disabled with `set_option linter.unusedSimpArgs false`
2026-10-07T01:45:43Z warning: SierksmaLean/Proofs/Proof_Sierksma_pl_orbit_move_multiple_three.lean:101:99: This simp argument is unused:
2026-10-07T01:45:43Z   smul_eq_mul
2026-10-07T01:45:43Z 
2026-10-07T01:45:43Z Hint: Omit it from the simp argument list.
2026-10-07T01:45:43Z   [apply] simp only [Fin.cons_zero, Fin.cons_succ, augment, Pi.add_apply, Pi.smul_apply, Pi.sub_apply]
2026-10-07T01:45:43Z 
2026-10-07T01:45:43Z Note: This linter can be disabled with `set_option linter.unusedSimpArgs false`
2026-10-07T01:45:43Z warning: SierksmaLean/Proofs/Proof_Sierksma_pl_orbit_move_multiple_three.lean:153:2: Try this: 
2026-10-07T01:45:43Z   letI̵
2026-10-07T01:45:43Z 
2026-10-07T01:45:43Z The goal is a proposition, so `let` is preferred over `letI`.
2026-10-07T01:45:43Z The difference between `let` and `letI` is that `letI` inlines the value.
2026-10-07T01:45:43Z But this is not relevant for proofs because of proof irrelevance.
2026-10-07T01:45:43Z 
2026-10-07T01:45:43Z Note: This linter can be disabled with `set_option linter.style.haveILetI false`
2026-10-07T01:45:43Z warning: SierksmaLean/Proofs/Proof_Sierksma_pl_orbit_move_multiple_three.lean:238:4: `push_neg` has been deprecated. Prefer using `push Not` instead.
2026-10-07T01:45:43Z If you'd rather continue using `push_neg` in your project, you can implement it as follows:
2026-10-07T01:45:43Z ```
2026-10-07T01:45:43Z open Lean.Parser.Tactic in
2026-10-07T01:45:43Z macro "push_neg" cfg:optConfig loc:(location)? : tactic =>
2026-10-07T01:45:43Z   `(tactic| push $cfg:optConfig Not $[$loc]?)
2026-10-07T01:45:43Z ```
2026-10-07T01:45:43Z warning: SierksmaLean/Proofs/Proof_Sierksma_pl_orbit_move_multiple_three.lean:243:4: `push_neg` has been deprecated. Prefer using `push Not` instead.
2026-10-07T01:45:43Z If you'd rather continue using `push_neg` in your project, you can implement it as follows:
2026-10-07T01:45:43Z ```
2026-10-07T01:45:43Z open Lean.Parser.Tactic in
2026-10-07T01:45:43Z macro "push_neg" cfg:optConfig loc:(location)? : tactic =>
2026-10-07T01:45:43Z   `(tactic| push $cfg:optConfig Not $[$loc]?)
2026-10-07T01:45:43Z ```
2026-10-07T01:45:43Z warning: SierksmaLean/Proofs/Proof_Sierksma_pl_orbit_move_multiple_three.lean:222:5: Variable name `ha` is not explicitly referenced.
2026-10-07T01:45:43Z 
2026-10-07T01:45:43Z Hint: The binding can be removed (if unused) or named `_` (if used implicitly). Alternatively, prefix the name with `_` to silence this warning:
2026-10-07T01:45:43Z   [apply] _ha
2026-10-07T01:45:43Z 
2026-10-07T01:45:43Z Note: This linter can be disabled with `set_option linter.unusedVariables false`
2026-10-07T01:45:43Z warning: SierksmaLean/Proofs/Proof_Sierksma_pl_orbit_move_multiple_three.lean:423:14: This simp argument is unused:
2026-10-07T01:45:43Z   Pi.add_apply
2026-10-07T01:45:43Z 
2026-10-07T01:45:43Z Hint: Omit it from the simp argument list.
2026-10-07T01:45:43Z   [apply] simp [Pi.smul_apply, smul_eq_mul]
2026-10-07T01:45:43Z 
2026-10-07T01:45:43Z Note: This linter can be disabled with `set_option linter.unusedSimpArgs false`
2026-10-07T01:45:43Z warning: SierksmaLean/Proofs/Proof_Sierksma_pl_orbit_move_multiple_three.lean:423:28: This simp argument is unused:
2026-10-07T01:45:43Z   Pi.smul_apply
2026-10-07T01:45:43Z 
2026-10-07T01:45:43Z Hint: Omit it from the simp argument list.
2026-10-07T01:45:43Z   [apply] simp [Pi.add_apply, smul_eq_mul]
2026-10-07T01:45:43Z 
2026-10-07T01:45:43Z Note: This linter can be disabled with `set_option linter.unusedSimpArgs false`
2026-10-07T01:45:43Z warning: SierksmaLean/Proofs/Proof_Sierksma_pl_orbit_move_multiple_three.lean:423:43: This simp argument is unused:
2026-10-07T01:45:43Z   smul_eq_mul
2026-10-07T01:45:43Z 
2026-10-07T01:45:43Z Hint: Omit it from the simp argument list.
2026-10-07T01:45:43Z   [apply] simp [Pi.add_apply, Pi.smul_apply]
2026-10-07T01:45:43Z 
2026-10-07T01:45:43Z Note: This linter can be disabled with `set_option linter.unusedSimpArgs false`
2026-10-07T01:45:43Z warning: SierksmaLean/Proofs/Proof_Sierksma_pl_orbit_move_multiple_three.lean:444:14: This simp argument is unused:
2026-10-07T01:45:43Z   Pi.single_apply
2026-10-07T01:45:43Z 
2026-10-07T01:45:43Z Hint: Omit it from the simp argument list.
2026-10-07T01:45:43Z   [apply] simp [hne, Ne.symm hne]
2026-10-07T01:45:43Z 
2026-10-07T01:45:43Z Note: This linter can be disabled with `set_option linter.unusedSimpArgs false`
2026-10-07T01:45:43Z warning: SierksmaLean/Proofs/Proof_Sierksma_pl_orbit_move_multiple_three.lean:444:36: This simp argument is unused:
2026-10-07T01:45:43Z   Ne.symm hne
2026-10-07T01:45:43Z 
2026-10-07T01:45:43Z Hint: Omit it from the simp argument list.
2026-10-07T01:45:43Z   [apply] simp [Pi.single_apply, hne]
2026-10-07T01:45:43Z 
2026-10-07T01:45:43Z Note: This linter can be disabled with `set_option linter.unusedSimpArgs false`
2026-10-07T01:45:43Z warning: SierksmaLean/Proofs/Proof_Sierksma_pl_orbit_move_multiple_three.lean:570:57: Try `simp at hj` instead of `simpa using hj`
2026-10-07T01:45:43Z 
2026-10-07T01:45:43Z Note: This linter can be disabled with `set_option linter.unnecessarySimpa false`
2026-10-07T01:45:43Z warning: SierksmaLean/Proofs/Proof_Sierksma_pl_orbit_move_multiple_three.lean:571:36: This simp argument is unused:
2026-10-07T01:45:43Z   Pi.single_apply
2026-10-07T01:45:43Z 
2026-10-07T01:45:43Z Hint: Omit it from the simp argument list.
2026-10-07T01:45:43Z   [apply] simp [augment, hj, originRow, hjne, Ne.symm hjne, Pi.add_apply, Pi.smul_apply, smul_eq_mul]
2026-10-07T01:45:43Z 
2026-10-07T01:45:43Z Note: This linter can be disabled with `set_option linter.unusedSimpArgs false`
2026-10-07T01:45:43Z warning: SierksmaLean/Proofs/Proof_Sierksma_pl_orbit_move_multiple_three.lean:571:59: This simp argument is unused:
2026-10-07T01:45:43Z   Ne.symm hjne
2026-10-07T01:45:43Z 
2026-10-07T01:45:43Z Hint: Omit it from the simp argument list.
2026-10-07T01:45:43Z   [apply] simp [augment, hj, originRow, Pi.single_apply, hjne, Pi.add_apply, Pi.smul_apply, smul_eq_mul]
2026-10-07T01:45:43Z 
2026-10-07T01:45:43Z Note: This linter can be disabled with `set_option linter.unusedSimpArgs false`
2026-10-07T01:45:43Z warning: SierksmaLean/Proofs/Proof_Sierksma_pl_orbit_move_multiple_three.lean:836:13: This simp argument is unused:
2026-10-07T01:45:43Z   map_sum
2026-10-07T01:45:43Z 
2026-10-07T01:45:43Z Hint: Omit it from the simp argument list.
2026-10-07T01:45:43Z   [apply] simp only [map_zsmul, hface, smul_eq_mul, Finsupp.sum]
2026-10-07T01:45:43Z 
2026-10-07T01:45:43Z Note: This linter can be disabled with `set_option linter.unusedSimpArgs false`
2026-10-07T01:45:43Z warning: SierksmaLean/Proofs/Proof_Sierksma_pl_orbit_move_multiple_three.lean:970:47: This simp argument is unused:
2026-10-07T01:45:43Z   hne
2026-10-07T01:45:43Z 
2026-10-07T01:45:43Z Hint: Omit it from the simp argument list.
2026-10-07T01:45:43Z   [apply] simp [Finset.mem_erase, Finset.mem_insert]
2026-10-07T01:45:43Z 
2026-10-07T01:45:43Z Note: This linter can be disabled with `set_option linter.unusedSimpArgs false`
2026-10-07T01:45:43Z warning: SierksmaLean/Proofs/Proof_Sierksma_pl_orbit_move_multiple_three.lean:925:75: this tactic is never executed
2026-10-07T01:45:43Z 
2026-10-07T01:45:43Z Note: This linter can be disabled with `set_option linter.unreachableTactic false`
2026-10-07T01:45:43Z warning: SierksmaLean/Proofs/Proof_Sierksma_pl_orbit_move_multiple_three.lean:949:45: this tactic is never executed
2026-10-07T01:45:43Z 
2026-10-07T01:45:43Z Note: This linter can be disabled with `set_option linter.unreachableTactic false`
2026-10-07T01:45:43Z warning: SierksmaLean/Proofs/Proof_Sierksma_pl_orbit_move_multiple_three.lean:949:56: this tactic is never executed
2026-10-07T01:45:43Z 
2026-10-07T01:45:43Z Note: This linter can be disabled with `set_option linter.unreachableTactic false`
2026-10-07T01:45:43Z warning: SierksmaLean/Proofs/Proof_Sierksma_pl_orbit_move_multiple_three.lean:925:75: Unused tactic linter: `exact Subsingleton.elim _ _` does nothing
2026-10-07T01:45:43Z 
2026-10-07T01:45:43Z Note: This linter can be disabled with `set_option linter.unusedTactic false`
2026-10-07T01:45:43Z warning: SierksmaLean/Proofs/Proof_Sierksma_pl_orbit_move_multiple_three.lean:949:45: Unused tactic linter: `congr!` does nothing
2026-10-07T01:45:43Z 
2026-10-07T01:45:43Z Note: This linter can be disabled with `set_option linter.unusedTactic false`
2026-10-07T01:45:43Z warning: SierksmaLean/Proofs/Proof_Sierksma_pl_orbit_move_multiple_three.lean:949:56: Unused tactic linter: `exact Subsingleton.elim _ _` does nothing
2026-10-07T01:45:43Z 
2026-10-07T01:45:43Z Note: This linter can be disabled with `set_option linter.unusedTactic false`
2026-10-07T01:45:43Z warning: SierksmaLean/Proofs/Proof_Sierksma_pl_orbit_move_multiple_three.lean:1065:10: This simp argument is unused:
2026-10-07T01:45:43Z   Finsupp.single_apply
2026-10-07T01:45:43Z 
2026-10-07T01:45:43Z Hint: Omit it from the simp argument list.
2026-10-07T01:45:43Z   [apply] simp [hne]
2026-10-07T01:45:43Z 
2026-10-07T01:45:43Z Note: This linter can be disabled with `set_option linter.unusedSimpArgs false`
2026-10-07T01:45:43Z warning: SierksmaLean/Proofs/Proof_Sierksma_pl_orbit_move_multiple_three.lean:1243:5: Variable name `hz` is not explicitly referenced.
2026-10-07T01:45:43Z 
2026-10-07T01:45:43Z Hint: The binding can be removed (if unused) or named `_` (if used implicitly). Alternatively, prefix the name with `_` to silence this warning:
2026-10-07T01:45:43Z   [apply] _hz
2026-10-07T01:45:43Z 
2026-10-07T01:45:43Z Note: This linter can be disabled with `set_option linter.unusedVariables false`
2026-10-07T01:45:43Z warning: SierksmaLean/Proofs/Proof_Sierksma_pl_orbit_move_multiple_three.lean:1297:5: Variable name `hz` is not explicitly referenced.
2026-10-07T01:45:43Z 
2026-10-07T01:45:43Z Hint: The binding can be removed (if unused) or named `_` (if used implicitly). Alternatively, prefix the name with `_` to silence this warning:
2026-10-07T01:45:43Z   [apply] _hz
2026-10-07T01:45:43Z 
2026-10-07T01:45:43Z Note: This linter can be disabled with `set_option linter.unusedVariables false`
2026-10-07T01:45:43Z warning: SierksmaLean/Proofs/Proof_Sierksma_pl_orbit_move_multiple_three.lean:1351:13: This simp argument is unused:
2026-10-07T01:45:43Z   add_zero
2026-10-07T01:45:43Z 
2026-10-07T01:45:43Z Hint: Omit it from the simp argument list.
2026-10-07T01:45:43Z   [apply] simp only [zero_add]
2026-10-07T01:45:43Z 
2026-10-07T01:45:43Z Note: This linter can be disabled with `set_option linter.unusedSimpArgs false`
2026-10-07T01:45:43Z warning: SierksmaLean/Proofs/Proof_Sierksma_pl_orbit_move_multiple_three.lean:1352:10: Used `tac1 <;> tac2` where `(tac1; tac2)` would suffice
2026-10-07T01:45:43Z 
2026-10-07T01:45:43Z Note: This linter can be disabled with `set_option linter.unnecessarySeqFocus false`
2026-10-07T01:45:43Z warning: SierksmaLean/Proofs/Proof_Sierksma_pl_orbit_move_multiple_three.lean:1400:55: This simp argument is unused:
2026-10-07T01:45:43Z   hrank
2026-10-07T01:45:43Z 
2026-10-07T01:45:43Z Hint: Omit it from the simp argument list.
2026-10-07T01:45:43Z   [apply] simp only [Finsupp.smul_single, smul_eq_mul, incidence]
2026-10-07T01:45:43Z 
2026-10-07T01:45:43Z Note: This linter can be disabled with `set_option linter.unusedSimpArgs false`
2026-10-07T01:45:43Z warning: SierksmaLean/Proofs/Proof_Sierksma_pl_orbit_move_multiple_three.lean:1366:12: Used `tac1 <;> tac2` where `(tac1; tac2)` would suffice
2026-10-07T01:45:43Z 
2026-10-07T01:45:43Z Note: This linter can be disabled with `set_option linter.unnecessarySeqFocus false`
2026-10-07T01:45:43Z warning: SierksmaLean/Proofs/Proof_Sierksma_pl_orbit_move_multiple_three.lean:1366:22: Used `tac1 <;> tac2` where `(tac1; tac2)` would suffice
2026-10-07T01:45:43Z 
2026-10-07T01:45:43Z Note: This linter can be disabled with `set_option linter.unnecessarySeqFocus false`
2026-10-07T01:45:43Z warning: SierksmaLean/Proofs/Proof_Sierksma_pl_orbit_move_multiple_three.lean:1519:56: This simp argument is unused:
2026-10-07T01:45:43Z   himage
2026-10-07T01:45:43Z 
2026-10-07T01:45:43Z Hint: Omit it from the simp argument list.
2026-10-07T01:45:43Z   [apply] simp only [listedFace, Finsupp.smul_single, smul_eq_mul, htsign, hftsign]
2026-10-07T01:45:43Z 
2026-10-07T01:45:43Z Note: This linter can be disabled with `set_option linter.unusedSimpArgs false`
2026-10-07T01:45:43Z warning: SierksmaLean/Proofs/Proof_Sierksma_pl_orbit_move_multiple_three.lean:1512:12: Used `tac1 <;> tac2` where `(tac1; tac2)` would suffice
2026-10-07T01:45:43Z 
2026-10-07T01:45:43Z Note: This linter can be disabled with `set_option linter.unnecessarySeqFocus false`
2026-10-07T01:45:43Z warning: SierksmaLean/Proofs/Proof_Sierksma_pl_orbit_move_multiple_three.lean:1512:22: Used `tac1 <;> tac2` where `(tac1; tac2)` would suffice
2026-10-07T01:45:43Z 
2026-10-07T01:45:43Z Note: This linter can be disabled with `set_option linter.unnecessarySeqFocus false`
2026-10-07T01:45:43Z warning: SierksmaLean/Proofs/Proof_Sierksma_pl_orbit_move_multiple_three.lean:1570:23: This simp argument is unused:
2026-10-07T01:45:43Z   he
2026-10-07T01:45:43Z 
2026-10-07T01:45:43Z Hint: Omit it from the simp argument list.
2026-10-07T01:45:43Z   [apply] simp only [HexTuple, hg] at h
2026-10-07T01:45:43Z 
2026-10-07T01:45:43Z Note: This linter can be disabled with `set_option linter.unusedSimpArgs false`
2026-10-07T01:45:43Z warning: SierksmaLean/Proofs/Proof_Sierksma_pl_orbit_move_multiple_three.lean:1602:16: `Finsupp.finset_sum_apply` has been deprecated: Use `Finsupp.finsetSum_apply` instead
2026-10-07T01:45:43Z warning: SierksmaLean/Proofs/Proof_Sierksma_pl_orbit_move_multiple_three.lean:1631:30: This simp argument is unused:
2026-10-07T01:45:43Z   if_pos hbound
2026-10-07T01:45:43Z 
2026-10-07T01:45:43Z Hint: Omit it from the simp argument list.
2026-10-07T01:45:43Z   [apply] simp only [ShiftVertex, HexTuple] at heq
2026-10-07T01:45:43Z 
2026-10-07T01:45:43Z Note: This linter can be disabled with `set_option linter.unusedSimpArgs false`
2026-10-07T01:45:43Z warning: SierksmaLean/Proofs/Proof_Sierksma_pl_orbit_move_multiple_three.lean:1634:28: This simp argument is unused:
2026-10-07T01:45:43Z   if_pos hbound
2026-10-07T01:45:43Z 
2026-10-07T01:45:43Z Hint: Omit it from the simp argument list.
2026-10-07T01:45:43Z   [apply] simp only [ShiftVertex, HexTuple, hf, hblock] at heq
2026-10-07T01:45:43Z 
2026-10-07T01:45:43Z Note: This linter can be disabled with `set_option linter.unusedSimpArgs false`
2026-10-07T01:45:43Z warning: SierksmaLean/Proofs/Proof_Sierksma_pl_orbit_move_multiple_three.lean:1634:53: This simp argument is unused:
2026-10-07T01:45:43Z   hf
2026-10-07T01:45:43Z 
2026-10-07T01:45:43Z Hint: Omit it from the simp argument list.
2026-10-07T01:45:43Z   [apply] simp only [ShiftVertex, if_pos hbound, HexTuple, hblock] at heq
2026-10-07T01:45:43Z 
2026-10-07T01:45:43Z Note: This linter can be disabled with `set_option linter.unusedSimpArgs false`
2026-10-07T01:45:43Z warning: SierksmaLean/Proofs/Proof_Sierksma_pl_orbit_move_multiple_three.lean:1689:26: This simp argument is unused:
2026-10-07T01:45:43Z   and_true
2026-10-07T01:45:43Z 
2026-10-07T01:45:43Z Hint: Omit it from the simp argument list.
2026-10-07T01:45:43Z   [apply] simp only [and_false, false_and, true_and, ite_false, ite_true, add_zero, zero_add]
2026-10-07T01:45:43Z 
2026-10-07T01:45:43Z Note: This linter can be disabled with `set_option linter.unusedSimpArgs false`
2026-10-07T01:45:43Z warning: SierksmaLean/Proofs/Proof_Sierksma_pl_orbit_move_multiple_three.lean:1689:68: This simp argument is unused:
2026-10-07T01:45:43Z   ite_true
2026-10-07T01:45:43Z 
2026-10-07T01:45:43Z Hint: Omit it from the simp argument list.
2026-10-07T01:45:43Z   [apply] simp only [and_false, and_true, false_and, true_and, ite_false, add_zero, zero_add]
2026-10-07T01:45:43Z 
2026-10-07T01:45:43Z Note: This linter can be disabled with `set_option linter.unusedSimpArgs false`
2026-10-07T01:45:43Z warning: SierksmaLean/Proofs/Proof_Sierksma_pl_orbit_move_multiple_three.lean:1741:73: This simp argument is unused:
2026-10-07T01:45:43Z   add_zero
2026-10-07T01:45:43Z 
2026-10-07T01:45:43Z Hint: Omit it from the simp argument list.
2026-10-07T01:45:43Z   [apply] simp only [l6closed_4_step_lt, lt_self_iff_false, ite_false, zero_add]
2026-10-07T01:45:43Z 
2026-10-07T01:45:43Z Note: This linter can be disabled with `set_option linter.unusedSimpArgs false`
2026-10-07T01:45:43Z warning: SierksmaLean/Proofs/Proof_Sierksma_pl_orbit_move_multiple_three.lean:1745:42: This simp argument is unused:
2026-10-07T01:45:43Z   Fin.ext_iff
2026-10-07T01:45:43Z 
2026-10-07T01:45:43Z Hint: Omit it from the simp argument list.
2026-10-07T01:45:43Z   [apply] simp only [l6closed_4_step, Fin.lt_def]
2026-10-07T01:45:43Z 
2026-10-07T01:45:43Z Note: This linter can be disabled with `set_option linter.unusedSimpArgs false`
2026-10-07T01:45:43Z warning: SierksmaLean/Proofs/Proof_Sierksma_pl_orbit_move_multiple_three.lean:1755:83: This simp argument is unused:
2026-10-07T01:45:43Z   zero_add
2026-10-07T01:45:43Z 
2026-10-07T01:45:43Z Hint: Omit it from the simp argument list.
2026-10-07T01:45:43Z   [apply] simp only [l6closed_4_step_gt, lt_self_iff_false, ite_false, add_zero]
2026-10-07T01:45:43Z 
2026-10-07T01:45:43Z Note: This linter can be disabled with `set_option linter.unusedSimpArgs false`
2026-10-07T01:45:43Z warning: SierksmaLean/Proofs/Proof_Sierksma_pl_orbit_move_multiple_three.lean:1926:29: This simp argument is unused:
2026-10-07T01:45:43Z   Fin.reduceEq
2026-10-07T01:45:43Z 
2026-10-07T01:45:43Z Hint: Omit it from the simp argument list.
2026-10-07T01:45:43Z   [apply] simp only [l6closed_4_hb, ite_false, l6closed_4_shiftAll_apply]
2026-10-07T01:45:43Z 
2026-10-07T01:45:43Z Note: This linter can be disabled with `set_option linter.unusedSimpArgs false`
2026-10-07T01:45:43Z warning: SierksmaLean/Proofs/Proof_Sierksma_pl_orbit_move_multiple_three.lean:1926:42: This simp argument is unused:
2026-10-07T01:45:43Z   ite_false
2026-10-07T01:45:43Z 
2026-10-07T01:45:43Z Hint: Omit it from the simp argument list.
2026-10-07T01:45:43Z   [apply] simp only [l6closed_4_hb, Fin.reduceEq, l6closed_4_shiftAll_apply]
2026-10-07T01:45:43Z 
2026-10-07T01:45:43Z Note: This linter can be disabled with `set_option linter.unusedSimpArgs false`
2026-10-07T01:45:43Z warning: SierksmaLean/Proofs/Proof_Sierksma_pl_orbit_move_multiple_three.lean:2138:10: This simp argument is unused:
2026-10-07T01:45:43Z   Matrix.det_fromBlocks_zero₂₁
2026-10-07T01:45:43Z 
2026-10-07T01:45:43Z Hint: Omit it from the simp argument list.
2026-10-07T01:45:43Z   [apply] simp
2026-10-07T01:45:43Z 
2026-10-07T01:45:43Z Note: This linter can be disabled with `set_option linter.unusedSimpArgs false`
2026-10-07T01:45:43Z warning: SierksmaLean/Proofs/Proof_Sierksma_pl_orbit_move_multiple_three.lean:2467:50: This simp argument is unused:
2026-10-07T01:45:43Z   augmentedMatrix
2026-10-07T01:45:43Z 
2026-10-07T01:45:43Z Hint: Omit it from the simp argument list.
2026-10-07T01:45:43Z   [apply] simp only [augmentedDet, dif_pos hs, dif_pos ht]
2026-10-07T01:45:43Z 
2026-10-07T01:45:43Z Note: This linter can be disabled with `set_option linter.unusedSimpArgs false`
2026-10-07T01:45:43Z warning: SierksmaLean/Proofs/Proof_Sierksma_pl_orbit_move_multiple_three.lean:2528:24: Used `tac1 <;> tac2` where `(tac1; tac2)` would suffice
2026-10-07T01:45:43Z 
2026-10-07T01:45:43Z Note: This linter can be disabled with `set_option linter.unnecessarySeqFocus false`
2026-10-07T01:45:43Z warning: SierksmaLean/Proofs/Proof_Sierksma_pl_orbit_move_multiple_three.lean:2528:34: Used `tac1 <;> tac2` where `(tac1; tac2)` would suffice
2026-10-07T01:45:43Z 
2026-10-07T01:45:43Z Note: This linter can be disabled with `set_option linter.unnecessarySeqFocus false`
2026-10-07T01:45:43Z warning: SierksmaLean/Proofs/Proof_Sierksma_pl_orbit_move_multiple_three.lean:2622:24: Used `tac1 <;> tac2` where `(tac1; tac2)` would suffice
2026-10-07T01:45:43Z 
2026-10-07T01:45:43Z Note: This linter can be disabled with `set_option linter.unnecessarySeqFocus false`
2026-10-07T01:45:43Z warning: SierksmaLean/Proofs/Proof_Sierksma_pl_orbit_move_multiple_three.lean:2622:34: Used `tac1 <;> tac2` where `(tac1; tac2)` would suffice
2026-10-07T01:45:43Z 
2026-10-07T01:45:43Z Note: This linter can be disabled with `set_option linter.unnecessarySeqFocus false`
2026-10-07T01:45:43Z warning: SierksmaLean/Proofs/Proof_Sierksma_pl_orbit_move_multiple_three.lean:2774:24: Used `tac1 <;> tac2` where `(tac1; tac2)` would suffice
2026-10-07T01:45:43Z 
2026-10-07T01:45:43Z Note: This linter can be disabled with `set_option linter.unnecessarySeqFocus false`
2026-10-07T01:45:43Z warning: SierksmaLean/Proofs/Proof_Sierksma_pl_orbit_move_multiple_three.lean:2774:34: Used `tac1 <;> tac2` where `(tac1; tac2)` would suffice
2026-10-07T01:45:43Z 
2026-10-07T01:45:43Z Note: This linter can be disabled with `set_option linter.unnecessarySeqFocus false`
2026-10-07T01:45:43Z warning: SierksmaLean/Proofs/Proof_Sierksma_pl_orbit_move_multiple_three.lean:2948:8: Unused tactic linter: `change _ - cone _ (boundary (link (old i) z)) = _` does nothing
2026-10-07T01:45:43Z 
2026-10-07T01:45:43Z Note: This linter can be disabled with `set_option linter.unusedTactic false`
2026-10-07T01:45:43Z warning: SierksmaLean/Proofs/Proof_Sierksma_pl_orbit_move_multiple_three.lean:3040:8: This simp argument is unused:
2026-10-07T01:45:43Z   if_neg (by omega : ¬L6Shift v < 27)
2026-10-07T01:45:43Z 
2026-10-07T01:45:43Z Hint: Omit it from the simp argument list.
2026-10-07T01:45:43Z   [apply] simp only [L6Shift, if_neg (by omega : ¬v < 27), if_pos h', if_pos ha.2]
2026-10-07T01:45:43Z 
2026-10-07T01:45:43Z Note: This linter can be disabled with `set_option linter.unusedSimpArgs false`
2026-10-07T01:45:43Z warning: SierksmaLean/Proofs/Proof_Sierksma_pl_orbit_move_multiple_three.lean:3040:42: This simp argument is unused:
2026-10-07T01:45:43Z   if_pos ha.2
2026-10-07T01:45:43Z 
2026-10-07T01:45:43Z Hint: Omit it from the simp argument list.
2026-10-07T01:45:43Z   [apply] simp only [L6Shift, if_neg (by omega : ¬v < 27), if_pos h', if_neg (by omega : ¬L6Shift v < 27)]
2026-10-07T01:45:43Z 
2026-10-07T01:45:43Z Note: This linter can be disabled with `set_option linter.unusedSimpArgs false`
2026-10-07T01:45:43Z warning: SierksmaLean/Proofs/Proof_Sierksma_pl_orbit_move_multiple_three.lean:3137:24: Used `tac1 <;> tac2` where `(tac1; tac2)` would suffice
2026-10-07T01:45:43Z 
2026-10-07T01:45:43Z Note: This linter can be disabled with `set_option linter.unnecessarySeqFocus false`
2026-10-07T01:45:43Z warning: SierksmaLean/Proofs/Proof_Sierksma_pl_orbit_move_multiple_three.lean:3137:34: Used `tac1 <;> tac2` where `(tac1; tac2)` would suffice
2026-10-07T01:45:43Z 
2026-10-07T01:45:43Z Note: This linter can be disabled with `set_option linter.unnecessarySeqFocus false`
2026-10-07T01:45:43Z warning: SierksmaLean/Proofs/Proof_Sierksma_pl_orbit_move_multiple_three.lean:3260:46: This simp argument is unused:
2026-10-07T01:45:43Z   Fin.val_add
2026-10-07T01:45:43Z 
2026-10-07T01:45:43Z Hint: Omit it from the simp argument list.
2026-10-07T01:45:43Z   [apply] simp_all
2026-10-07T01:45:43Z 
2026-10-07T01:45:43Z Note: This linter can be disabled with `set_option linter.unusedSimpArgs false`
2026-10-07T01:45:43Z warning: SierksmaLean/Proofs/Proof_Sierksma_pl_orbit_move_multiple_three.lean:3336:6: `AddMonoidHom.finset_sum_apply` has been deprecated: Use `AddMonoidHom.finsetSum_apply` instead
2026-10-07T01:45:43Z warning: SierksmaLean/Proofs/Proof_Sierksma_pl_orbit_move_multiple_three.lean:3375:24: Used `tac1 <;> tac2` where `(tac1; tac2)` would suffice
2026-10-07T01:45:43Z 
2026-10-07T01:45:43Z Note: This linter can be disabled with `set_option linter.unnecessarySeqFocus false`
2026-10-07T01:45:43Z warning: SierksmaLean/Proofs/Proof_Sierksma_pl_orbit_move_multiple_three.lean:3375:34: Used `tac1 <;> tac2` where `(tac1; tac2)` would suffice
2026-10-07T01:45:43Z 
2026-10-07T01:45:43Z Note: This linter can be disabled with `set_option linter.unnecessarySeqFocus false`
2026-10-07T01:45:43Z warning: SierksmaLean/Proofs/Proof_Sierksma_pl_orbit_move_multiple_three.lean:3521:50: Variable name `hv` is not explicitly referenced.
2026-10-07T01:45:43Z 
2026-10-07T01:45:43Z Hint: The binding can be removed (if unused) or named `_` (if used implicitly). Alternatively, prefix the name with `_` to silence this warning:
2026-10-07T01:45:43Z   [apply] _hv
2026-10-07T01:45:43Z 
2026-10-07T01:45:43Z Note: This linter can be disabled with `set_option linter.unusedVariables false`
2026-10-07T01:45:43Z warning: SierksmaLean/Proofs/Proof_Sierksma_pl_orbit_move_multiple_three.lean:3596:34: This simp argument is unused:
2026-10-07T01:45:43Z   Fin.reduceFinMk
2026-10-07T01:45:43Z 
2026-10-07T01:45:43Z Hint: Omit it from the simp argument list.
2026-10-07T01:45:43Z   [apply] simp only [Fin.val_castSucc]
2026-10-07T01:45:43Z 
2026-10-07T01:45:43Z Note: This linter can be disabled with `set_option linter.unusedSimpArgs false`
2026-10-07T01:45:43Z warning: SierksmaLean/Proofs/Proof_Sierksma_pl_orbit_move_multiple_three.lean:3592:6: Unused tactic linter: `change EngineMap x p = EngineMap y p` does nothing
2026-10-07T01:45:43Z 
2026-10-07T01:45:43Z Note: This linter can be disabled with `set_option linter.unusedTactic false`
2026-10-07T01:45:43Z warning: SierksmaLean/Proofs/Proof_Sierksma_pl_orbit_move_multiple_three.lean:3652:24: Used `tac1 <;> tac2` where `(tac1; tac2)` would suffice
2026-10-07T01:45:43Z 
2026-10-07T01:45:43Z Note: This linter can be disabled with `set_option linter.unnecessarySeqFocus false`
2026-10-07T01:45:43Z warning: SierksmaLean/Proofs/Proof_Sierksma_pl_orbit_move_multiple_three.lean:3652:34: Used `tac1 <;> tac2` where `(tac1; tac2)` would suffice
2026-10-07T01:45:43Z 
2026-10-07T01:45:43Z Note: This linter can be disabled with `set_option linter.unnecessarySeqFocus false`
2026-10-07T01:45:43Z warning: SierksmaLean/Proofs/Proof_Sierksma_pl_orbit_move_multiple_three.lean:3766:30: Used `tac1 <;> tac2` where `(tac1; tac2)` would suffice
2026-10-07T01:45:43Z 
2026-10-07T01:45:43Z Note: This linter can be disabled with `set_option linter.unnecessarySeqFocus false`
2026-10-07T01:45:43Z warning: SierksmaLean/Proofs/Proof_Sierksma_pl_orbit_move_multiple_three.lean:3766:40: Used `tac1 <;> tac2` where `(tac1; tac2)` would suffice
2026-10-07T01:45:43Z 
2026-10-07T01:45:43Z Note: This linter can be disabled with `set_option linter.unnecessarySeqFocus false`
2026-10-07T01:45:43Z warning: SierksmaLean/Proofs/Proof_Sierksma_pl_orbit_move_multiple_three.lean:3834:50: This simp argument is unused:
2026-10-07T01:45:43Z   augmentedMatrix
2026-10-07T01:45:43Z 
2026-10-07T01:45:43Z Hint: Omit it from the simp argument list.
2026-10-07T01:45:43Z   [apply] simp only [augmentedDet, dif_pos hs, dif_pos ht]
2026-10-07T01:45:43Z 
2026-10-07T01:45:43Z Note: This linter can be disabled with `set_option linter.unusedSimpArgs false`
2026-10-07T01:45:43Z warning: SierksmaLean/Proofs/Proof_Sierksma_pl_orbit_move_multiple_three.lean:4011:23: This simp argument is unused:
2026-10-07T01:45:43Z   Function.update_of_ne ht
2026-10-07T01:45:43Z 
2026-10-07T01:45:43Z Hint: Omit it from the simp argument list.
2026-10-07T01:45:43Z   [apply] simp [Y, L6Aux, ht]
2026-10-07T01:45:43Z 
2026-10-07T01:45:43Z Note: This linter can be disabled with `set_option linter.unusedSimpArgs false`
2026-10-07T01:45:43Z warning: SierksmaLean/Proofs/Proof_Sierksma_pl_orbit_move_multiple_three.lean:4101:23: Used `tac1 <;> tac2` where `(tac1; tac2)` would suffice
2026-10-07T01:45:43Z 
2026-10-07T01:45:43Z Note: This linter can be disabled with `set_option linter.unnecessarySeqFocus false`
2026-10-07T01:45:43Z warning: SierksmaLean/Proofs/Proof_Sierksma_pl_orbit_move_multiple_three.lean:4101:35: Used `tac1 <;> tac2` where `(tac1; tac2)` would suffice
2026-10-07T01:45:43Z 
2026-10-07T01:45:43Z Note: This linter can be disabled with `set_option linter.unnecessarySeqFocus false`
2026-10-07T01:45:43Z warning: SierksmaLean/Proofs/Proof_Sierksma_pl_orbit_move_multiple_three.lean:4101:45: Used `tac1 <;> tac2` where `(tac1; tac2)` would suffice
2026-10-07T01:45:43Z 
2026-10-07T01:45:43Z Note: This linter can be disabled with `set_option linter.unnecessarySeqFocus false`
2026-10-07T01:45:43Z warning: SierksmaLean/Proofs/Proof_Sierksma_pl_orbit_move_multiple_three.lean:4197:5: Variable name `hm` is not explicitly referenced.
2026-10-07T01:45:43Z 
2026-10-07T01:45:43Z Hint: The binding can be removed (if unused) or named `_` (if used implicitly). Alternatively, prefix the name with `_` to silence this warning:
2026-10-07T01:45:43Z   [apply] _hm
2026-10-07T01:45:43Z 
2026-10-07T01:45:43Z Note: This linter can be disabled with `set_option linter.unusedVariables false`
2026-10-07T01:45:43Z warning: SierksmaLean/Proofs/Proof_Sierksma_pl_orbit_move_multiple_three.lean:4261:22: this tactic is never executed
2026-10-07T01:45:43Z 
2026-10-07T01:45:43Z Note: This linter can be disabled with `set_option linter.unreachableTactic false`
2026-10-07T01:45:43Z warning: SierksmaLean/Proofs/Proof_Sierksma_pl_orbit_move_multiple_three.lean:4261:32: this tactic is never executed
2026-10-07T01:45:43Z 
2026-10-07T01:45:43Z Note: This linter can be disabled with `set_option linter.unreachableTactic false`
2026-10-07T01:45:43Z warning: SierksmaLean/Proofs/Proof_Sierksma_pl_orbit_move_multiple_three.lean:4264:22: this tactic is never executed
2026-10-07T01:45:43Z 
2026-10-07T01:45:43Z Note: This linter can be disabled with `set_option linter.unreachableTactic false`
2026-10-07T01:45:43Z warning: SierksmaLean/Proofs/Proof_Sierksma_pl_orbit_move_multiple_three.lean:4264:32: this tactic is never executed
2026-10-07T01:45:43Z 
2026-10-07T01:45:43Z Note: This linter can be disabled with `set_option linter.unreachableTactic false`
2026-10-07T01:45:43Z warning: SierksmaLean/Proofs/Proof_Sierksma_pl_orbit_move_multiple_three.lean:4255:61: Used `tac1 <;> tac2` where `(tac1; tac2)` would suffice
2026-10-07T01:45:43Z 
2026-10-07T01:45:43Z Note: This linter can be disabled with `set_option linter.unnecessarySeqFocus false`
2026-10-07T01:45:43Z warning: SierksmaLean/Proofs/Proof_Sierksma_pl_orbit_move_multiple_three.lean:4256:16: Used `tac1 <;> tac2` where `(tac1; tac2)` would suffice
2026-10-07T01:45:43Z 
2026-10-07T01:45:43Z Note: This linter can be disabled with `set_option linter.unnecessarySeqFocus false`
2026-10-07T01:45:43Z warning: SierksmaLean/Proofs/Proof_Sierksma_pl_orbit_move_multiple_three.lean:4256:26: Used `tac1 <;> tac2` where `(tac1; tac2)` would suffice
2026-10-07T01:45:43Z 
2026-10-07T01:45:43Z Note: This linter can be disabled with `set_option linter.unnecessarySeqFocus false`
2026-10-07T01:45:43Z warning: SierksmaLean/Proofs/Proof_Sierksma_pl_orbit_move_multiple_three.lean:4260:104: Used `tac1 <;> tac2` where `(tac1; tac2)` would suffice
2026-10-07T01:45:43Z 
2026-10-07T01:45:43Z Note: This linter can be disabled with `set_option linter.unnecessarySeqFocus false`
2026-10-07T01:45:43Z warning: SierksmaLean/Proofs/Proof_Sierksma_pl_orbit_move_multiple_three.lean:4263:104: Used `tac1 <;> tac2` where `(tac1; tac2)` would suffice
2026-10-07T01:45:43Z 
2026-10-07T01:45:43Z Note: This linter can be disabled with `set_option linter.unnecessarySeqFocus false`
2026-10-07T01:45:43Z warning: SierksmaLean/Proofs/Proof_Sierksma_pl_orbit_move_multiple_three.lean:4261:22: Unused tactic linter: `ext w` does nothing
2026-10-07T01:45:43Z 
2026-10-07T01:45:43Z Note: This linter can be disabled with `set_option linter.unusedTactic false`
2026-10-07T01:45:43Z warning: SierksmaLean/Proofs/Proof_Sierksma_pl_orbit_move_multiple_three.lean:4261:32: Unused tactic linter: `simp only [Finset.mem_erase]` does nothing
2026-10-07T01:45:43Z 
2026-10-07T01:45:43Z Note: This linter can be disabled with `set_option linter.unusedTactic false`
2026-10-07T01:45:43Z warning: SierksmaLean/Proofs/Proof_Sierksma_pl_orbit_move_multiple_three.lean:4264:22: Unused tactic linter: `ext w` does nothing
2026-10-07T01:45:43Z 
2026-10-07T01:45:43Z Note: This linter can be disabled with `set_option linter.unusedTactic false`
2026-10-07T01:45:43Z warning: SierksmaLean/Proofs/Proof_Sierksma_pl_orbit_move_multiple_three.lean:4264:32: Unused tactic linter: `simp only [Finset.mem_erase]` does nothing
2026-10-07T01:45:43Z 
2026-10-07T01:45:43Z Note: This linter can be disabled with `set_option linter.unusedTactic false`
2026-10-07T01:45:43Z ⚠ [10574/12386] Replayed SierksmaLean.Theorems.Thm_Sierksma_pl_orbit_move_multiple_three
2026-10-07T01:45:43Z warning: SierksmaLean/Theorems/Thm_Sierksma_pl_orbit_move_multiple_three.lean:9:5: Variable name `hx` is not explicitly referenced.
2026-10-07T01:45:43Z 
2026-10-07T01:45:43Z Hint: The binding can be removed (if unused) or named `_` (if used implicitly). Alternatively, prefix the name with `_` to silence this warning:
2026-10-07T01:45:43Z   [apply] _hx
2026-10-07T01:45:43Z 
2026-10-07T01:45:43Z Note: This linter can be disabled with `set_option linter.unusedVariables false`
2026-10-07T01:45:43Z warning: SierksmaLean/Theorems/Thm_Sierksma_pl_orbit_move_multiple_three.lean:9:28: Variable name `hy` is not explicitly referenced.
2026-10-07T01:45:43Z 
2026-10-07T01:45:43Z Hint: The binding can be removed (if unused) or named `_` (if used implicitly). Alternatively, prefix the name with `_` to silence this warning:
2026-10-07T01:45:43Z   [apply] _hy
2026-10-07T01:45:43Z 
2026-10-07T01:45:43Z Note: This linter can be disabled with `set_option linter.unusedVariables false`
2026-10-07T01:45:43Z warning: SierksmaLean/Theorems/Thm_Sierksma_pl_orbit_move_multiple_three.lean:9:51: Variable name `hm` is not explicitly referenced.
2026-10-07T01:45:43Z 
2026-10-07T01:45:43Z Hint: The binding can be removed (if unused) or named `_` (if used implicitly). Alternatively, prefix the name with `_` to silence this warning:
2026-10-07T01:45:43Z   [apply] _hm
2026-10-07T01:45:43Z 
2026-10-07T01:45:43Z Note: This linter can be disabled with `set_option linter.unusedVariables false`
2026-10-07T01:45:43Z ⚠ [10575/12386] Replayed SierksmaLean.Proofs.Proof_PLDegree_finite_hull_zero_closed
2026-10-07T01:45:43Z warning: SierksmaLean/Proofs/Proof_PLDegree_finite_hull_zero_closed.lean:13:10: `continuous_finset_sum` has been deprecated: Use `continuous_finsetSum` instead
2026-10-07T01:45:43Z warning: SierksmaLean/Proofs/Proof_PLDegree_finite_hull_zero_closed.lean:47:15: `Set.mem_setOf_eq` has been deprecated: Use `Set.mem_ofPred_eq` instead
2026-10-07T01:45:43Z ⚠ [10578/12386] Replayed SierksmaLean.Theorems.Thm_PLDegree_simplex_degree_nonzero_mem_hull
2026-10-07T01:45:43Z warning: SierksmaLean/Theorems/Thm_PLDegree_simplex_degree_nonzero_mem_hull.lean:8:40: Variable name `h` is not explicitly referenced.
2026-10-07T01:45:43Z 
2026-10-07T01:45:43Z Hint: The binding can be removed (if unused) or named `_` (if used implicitly). Alternatively, prefix the name with `_` to silence this warning:
2026-10-07T01:45:43Z   [apply] _h
2026-10-07T01:45:43Z 
2026-10-07T01:45:43Z Note: This linter can be disabled with `set_option linter.unusedVariables false`
2026-10-07T01:45:43Z ⚠ [10582/12386] Replayed SierksmaLean.Proofs.Proof_Sierksma_test_map_zero_equivalence
2026-10-07T01:45:43Z warning: SierksmaLean/Proofs/Proof_Sierksma_test_map_zero_equivalence.lean:154:47: This simp argument is unused:
2026-10-07T01:45:43Z   Pi.single_apply
2026-10-07T01:45:43Z 
2026-10-07T01:45:43Z Hint: Omit it from the simp argument list.
2026-10-07T01:45:43Z   [apply] simp [h]
2026-10-07T01:45:43Z 
2026-10-07T01:45:43Z Note: This linter can be disabled with `set_option linter.unusedSimpArgs false`
2026-10-07T01:45:43Z warning: SierksmaLean/Proofs/Proof_Sierksma_test_map_zero_equivalence.lean:156:12: This simp argument is unused:
2026-10-07T01:45:43Z   Pi.single_apply
2026-10-07T01:45:43Z 
2026-10-07T01:45:43Z Hint: Omit it from the simp argument list.
2026-10-07T01:45:43Z   [apply] simp [h]
2026-10-07T01:45:43Z 
2026-10-07T01:45:43Z Note: This linter can be disabled with `set_option linter.unusedSimpArgs false`
2026-10-07T01:45:43Z warning: SierksmaLean/Proofs/Proof_Sierksma_test_map_zero_equivalence.lean:185:78: This simp argument is unused:
2026-10-07T01:45:43Z   h02
2026-10-07T01:45:43Z 
2026-10-07T01:45:43Z Hint: Omit it from the simp argument list.
2026-10-07T01:45:43Z   [apply] simp [TestW, k.isLt, hc, h01, h12, h10, h20, h21]
2026-10-07T01:45:43Z 
2026-10-07T01:45:43Z Note: This linter can be disabled with `set_option linter.unusedSimpArgs false`
2026-10-07T01:45:43Z warning: SierksmaLean/Proofs/Proof_Sierksma_test_map_zero_equivalence.lean:185:83: This simp argument is unused:
2026-10-07T01:45:43Z   h12
2026-10-07T01:45:43Z 
2026-10-07T01:45:43Z Hint: Omit it from the simp argument list.
2026-10-07T01:45:43Z   [apply] simp [TestW, k.isLt, hc, h01, h02, h10, h20, h21]
2026-10-07T01:45:43Z 
2026-10-07T01:45:43Z Note: This linter can be disabled with `set_option linter.unusedSimpArgs false`
2026-10-07T01:45:43Z warning: SierksmaLean/Proofs/Proof_Sierksma_test_map_zero_equivalence.lean:190:96: This simp argument is unused:
2026-10-07T01:45:43Z   h01
2026-10-07T01:45:43Z 
2026-10-07T01:45:43Z Hint: Omit it from the simp argument list.
2026-10-07T01:45:43Z   [apply] simp [TestW, show ¬k.val + 4 < 4 by omega, hc, h02, h12, h10, h20, h21]
2026-10-07T01:45:43Z 
2026-10-07T01:45:43Z Note: This linter can be disabled with `set_option linter.unusedSimpArgs false`
2026-10-07T01:45:43Z warning: SierksmaLean/Proofs/Proof_Sierksma_test_map_zero_equivalence.lean:219:31: This simp argument is unused:
2026-10-07T01:45:43Z   show ¬(3 : ℕ) < 3 by omega
2026-10-07T01:45:43Z 
2026-10-07T01:45:43Z Hint: Omit it from the simp argument list.
2026-10-07T01:45:43Z   [apply] simp only [X, LiftCoord, dif_neg, mul_one]
2026-10-07T01:45:43Z 
2026-10-07T01:45:43Z Note: This linter can be disabled with `set_option linter.unusedSimpArgs false`
2026-10-07T01:45:43Z warning: SierksmaLean/Proofs/Proof_Sierksma_test_map_zero_equivalence.lean:219:58: This simp argument is unused:
2026-10-07T01:45:43Z   dif_neg
2026-10-07T01:45:43Z 
2026-10-07T01:45:43Z Hint: Omit it from the simp argument list.
2026-10-07T01:45:43Z   [apply] simp only [X, LiftCoord, show ¬(3 : ℕ) < 3 by omega, mul_one]
2026-10-07T01:45:43Z 
2026-10-07T01:45:43Z Note: This linter can be disabled with `set_option linter.unusedSimpArgs false`
2026-10-07T01:45:43Z warning: SierksmaLean/Proofs/Proof_Sierksma_test_map_zero_equivalence.lean:219:67: This simp argument is unused:
2026-10-07T01:45:43Z   mul_one
2026-10-07T01:45:43Z 
2026-10-07T01:45:43Z Hint: Omit it from the simp argument list.
2026-10-07T01:45:43Z   [apply] simp only [X, LiftCoord, show ¬(3 : ℕ) < 3 by omega, dif_neg]
2026-10-07T01:45:43Z 
2026-10-07T01:45:43Z Note: This linter can be disabled with `set_option linter.unusedSimpArgs false`
2026-10-07T01:45:43Z warning: SierksmaLean/Proofs/Proof_Sierksma_test_map_zero_equivalence.lean:383:13: This simp argument is unused:
2026-10-07T01:45:43Z   Function.comp_def
2026-10-07T01:45:43Z 
2026-10-07T01:45:43Z Hint: Omit it from the simp argument list.
2026-10-07T01:45:43Z   [apply] simp [a]
2026-10-07T01:45:43Z 
2026-10-07T01:45:43Z Note: This linter can be disabled with `set_option linter.unusedSimpArgs false`
2026-10-07T01:45:43Z warning: SierksmaLean/Proofs/Proof_Sierksma_test_map_zero_equivalence.lean:419:27: This simp argument is unused:
2026-10-07T01:45:43Z   Matrix.vecTail
2026-10-07T01:45:43Z 
2026-10-07T01:45:43Z Hint: Omit it from the simp argument list.
2026-10-07T01:45:43Z   [apply] simp [Matrix.of_apply, Matrix.vecHead, Pi.sub_apply]
2026-10-07T01:45:43Z 
2026-10-07T01:45:43Z Note: This linter can be disabled with `set_option linter.unusedSimpArgs false`
2026-10-07T01:45:43Z warning: SierksmaLean/Proofs/Proof_Sierksma_test_map_zero_equivalence.lean:419:43: This simp argument is unused:
2026-10-07T01:45:43Z   Matrix.vecHead
2026-10-07T01:45:43Z 
2026-10-07T01:45:43Z Hint: Omit it from the simp argument list.
2026-10-07T01:45:43Z   [apply] simp [Matrix.of_apply, Matrix.vecTail, Pi.sub_apply]
2026-10-07T01:45:43Z 
2026-10-07T01:45:43Z Note: This linter can be disabled with `set_option linter.unusedSimpArgs false`
2026-10-07T01:45:43Z warning: SierksmaLean/Proofs/Proof_Sierksma_test_map_zero_equivalence.lean:679:32: This simp argument is unused:
2026-10-07T01:45:43Z   hkne
2026-10-07T01:45:43Z 
2026-10-07T01:45:43Z Hint: Omit it from the simp argument list.
2026-10-07T01:45:43Z   [apply] simp [b, Pi.single_apply, Ne.symm hkne]
2026-10-07T01:45:43Z 
2026-10-07T01:45:43Z Note: This linter can be disabled with `set_option linter.unusedSimpArgs false`
2026-10-07T01:45:43Z warning: SierksmaLean/Proofs/Proof_Sierksma_test_map_zero_equivalence.lean:679:37: This simp argument is unused:
2026-10-07T01:45:43Z   Ne.symm hkne
2026-10-07T01:45:43Z 
2026-10-07T01:45:43Z Hint: Omit it from the simp argument list.
2026-10-07T01:45:43Z   [apply] simp [b, Pi.single_apply, hkne]
2026-10-07T01:45:43Z 
2026-10-07T01:45:43Z Note: This linter can be disabled with `set_option linter.unusedSimpArgs false`
2026-10-07T01:45:43Z ⚠ [10615/12386] Replayed SierksmaLean.Theorems.Thm_Sierksma_FB_fibre_partition_spec
2026-10-07T01:45:43Z warning: SierksmaLean/Theorems/Thm_Sierksma_FB_fibre_partition_spec.lean:6:27: Variable name `hs` is not explicitly referenced.
2026-10-07T01:45:43Z 
2026-10-07T01:45:43Z Hint: The binding can be removed (if unused) or named `_` (if used implicitly). Alternatively, prefix the name with `_` to silence this warning:
2026-10-07T01:45:43Z   [apply] _hs
2026-10-07T01:45:43Z 
2026-10-07T01:45:43Z Note: This linter can be disabled with `set_option linter.unusedVariables false`
2026-10-07T01:45:43Z ⚠ [10617/12386] Replayed SierksmaLean.Theorems.Thm_Sierksma_FB_rgs_canonical
2026-10-07T01:45:43Z warning: SierksmaLean/Theorems/Thm_Sierksma_FB_rgs_canonical.lean:6:27: Variable name `hs` is not explicitly referenced.
2026-10-07T01:45:43Z 
2026-10-07T01:45:43Z Hint: The binding can be removed (if unused) or named `_` (if used implicitly). Alternatively, prefix the name with `_` to silence this warning:
2026-10-07T01:45:43Z   [apply] _hs
2026-10-07T01:45:43Z 
2026-10-07T01:45:43Z Note: This linter can be disabled with `set_option linter.unusedVariables false`
2026-10-07T01:45:43Z warning: SierksmaLean/Theorems/Thm_Sierksma_FB_rgs_canonical.lean:7:5: Variable name `hr` is not explicitly referenced.
2026-10-07T01:45:43Z 
2026-10-07T01:45:43Z Hint: The binding can be removed (if unused) or named `_` (if used implicitly). Alternatively, prefix the name with `_` to silence this warning:
2026-10-07T01:45:43Z   [apply] _hr
2026-10-07T01:45:43Z 
2026-10-07T01:45:43Z Note: This linter can be disabled with `set_option linter.unusedVariables false`
2026-10-07T01:45:43Z ⚠ [10618/12386] Replayed SierksmaLean.Proofs.Proof_Sierksma_FB_nine_list_bridge
2026-10-07T01:45:43Z warning: SierksmaLean/Proofs/Proof_Sierksma_FB_nine_list_bridge.lean:12:8: this tactic is never executed
2026-10-07T01:45:43Z 
2026-10-07T01:45:43Z Note: This linter can be disabled with `set_option linter.unreachableTactic false`
2026-10-07T01:45:43Z warning: SierksmaLean/Proofs/Proof_Sierksma_FB_nine_list_bridge.lean:12:8: Unused tactic linter: `omega` does nothing
2026-10-07T01:45:43Z 
2026-10-07T01:45:43Z Note: This linter can be disabled with `set_option linter.unusedTactic false`
2026-10-07T01:45:43Z ⚠ [10621/12386] Replayed SierksmaLean.Theorems.Thm_Sierksma_FB_indexed_partition_spec
2026-10-07T01:45:43Z warning: SierksmaLean/Theorems/Thm_Sierksma_FB_indexed_partition_spec.lean:6:15: Variable name `hi` is not explicitly referenced.
2026-10-07T01:45:43Z 
2026-10-07T01:45:43Z Hint: The binding can be removed (if unused) or named `_` (if used implicitly). Alternatively, prefix the name with `_` to silence this warning:
2026-10-07T01:45:43Z   [apply] _hi
2026-10-07T01:45:43Z 
2026-10-07T01:45:43Z Note: This linter can be disabled with `set_option linter.unusedVariables false`
2026-10-07T01:45:43Z ⚠ [10622/12386] Replayed SierksmaLean.Proofs.Proof_Sierksma_FB_ternary_code_spec
2026-10-07T01:45:43Z warning: SierksmaLean/Proofs/Proof_Sierksma_FB_ternary_code_spec.lean:21:4: Used `tac1 <;> tac2` where `(tac1; tac2)` would suffice
2026-10-07T01:45:43Z 
2026-10-07T01:45:43Z Note: This linter can be disabled with `set_option linter.unnecessarySeqFocus false`
2026-10-07T01:45:43Z ⚠ [10623/12386] Replayed SierksmaLean.Theorems.Thm_Sierksma_FB_ternary_code_spec
2026-10-07T01:45:43Z warning: SierksmaLean/Theorems/Thm_Sierksma_FB_ternary_code_spec.lean:7:23: Variable name `hc` is not explicitly referenced.
2026-10-07T01:45:43Z 
2026-10-07T01:45:43Z Hint: The binding can be removed (if unused) or named `_` (if used implicitly). Alternatively, prefix the name with `_` to silence this warning:
2026-10-07T01:45:43Z   [apply] _hc
2026-10-07T01:45:43Z 
2026-10-07T01:45:43Z Note: This linter can be disabled with `set_option linter.unusedVariables false`
2026-10-07T01:45:43Z ⚠ [10625/12386] Replayed SierksmaLean.Theorems.Thm_Sierksma_FB_partition_ext_internal
2026-10-07T01:45:43Z warning: SierksmaLean/Theorems/Thm_Sierksma_FB_partition_ext_internal.lean:7:5: Variable name `hQ` is not explicitly referenced.
2026-10-07T01:45:43Z 
2026-10-07T01:45:43Z Hint: The binding can be removed (if unused) or named `_` (if used implicitly). Alternatively, prefix the name with `_` to silence this warning:
2026-10-07T01:45:43Z   [apply] _hQ
2026-10-07T01:45:43Z 
2026-10-07T01:45:43Z Note: This linter can be disabled with `set_option linter.unusedVariables false`
2026-10-07T01:45:43Z warning: SierksmaLean/Theorems/Thm_Sierksma_FB_partition_ext_internal.lean:7:35: Variable name `hR` is not explicitly referenced.
2026-10-07T01:45:43Z 
2026-10-07T01:45:43Z Hint: The binding can be removed (if unused) or named `_` (if used implicitly). Alternatively, prefix the name with `_` to silence this warning:
2026-10-07T01:45:43Z   [apply] _hR
2026-10-07T01:45:43Z 
2026-10-07T01:45:43Z Note: This linter can be disabled with `set_option linter.unusedVariables false`
2026-10-07T01:45:43Z warning: SierksmaLean/Theorems/Thm_Sierksma_FB_partition_ext_internal.lean:8:5: Variable name `h` is not explicitly referenced.
2026-10-07T01:45:43Z 
2026-10-07T01:45:43Z Hint: The binding can be removed (if unused) or named `_` (if used implicitly). Alternatively, prefix the name with `_` to silence this warning:
2026-10-07T01:45:43Z   [apply] _h
2026-10-07T01:45:43Z 
2026-10-07T01:45:43Z Note: This linter can be disabled with `set_option linter.unusedVariables false`
2026-10-07T01:45:43Z ⚠ [10627/12386] Replayed SierksmaLean.Theorems.Thm_Sierksma_FB_colour_index_spec
2026-10-07T01:45:43Z warning: SierksmaLean/Theorems/Thm_Sierksma_FB_colour_index_spec.lean:7:27: Variable name `hs` is not explicitly referenced.
2026-10-07T01:45:43Z 
2026-10-07T01:45:43Z Hint: The binding can be removed (if unused) or named `_` (if used implicitly). Alternatively, prefix the name with `_` to silence this warning:
2026-10-07T01:45:43Z   [apply] _hs
2026-10-07T01:45:43Z 
2026-10-07T01:45:43Z Note: This linter can be disabled with `set_option linter.unusedVariables false`
2026-10-07T01:45:43Z warning: SierksmaLean/Theorems/Thm_Sierksma_FB_colour_index_spec.lean:8:5: Variable name `hc` is not explicitly referenced.
2026-10-07T01:45:43Z 
2026-10-07T01:45:43Z Hint: The binding can be removed (if unused) or named `_` (if used implicitly). Alternatively, prefix the name with `_` to silence this warning:
2026-10-07T01:45:43Z   [apply] _hc
2026-10-07T01:45:43Z 
2026-10-07T01:45:43Z Note: This linter can be disabled with `set_option linter.unusedVariables false`
2026-10-07T01:45:43Z ⚠ [10629/12386] Replayed SierksmaLean.Theorems.Thm_Sierksma_FB_three_partition_colouring
2026-10-07T01:45:43Z warning: SierksmaLean/Theorems/Thm_Sierksma_FB_three_partition_colouring.lean:6:32: Variable name `hQ` is not explicitly referenced.
2026-10-07T01:45:43Z 
2026-10-07T01:45:43Z Hint: The binding can be removed (if unused) or named `_` (if used implicitly). Alternatively, prefix the name with `_` to silence this warning:
2026-10-07T01:45:43Z   [apply] _hQ
2026-10-07T01:45:43Z 
2026-10-07T01:45:43Z Note: This linter can be disabled with `set_option linter.unusedVariables false`
2026-10-07T01:45:43Z ⚠ [10635/12386] Replayed SierksmaLean.Theorems.Thm_Sierksma_respects_two_orientations
2026-10-07T01:45:43Z warning: SierksmaLean/Theorems/Thm_Sierksma_respects_two_orientations.lean:6:63: Variable name `hc` is not explicitly referenced.
2026-10-07T01:45:43Z 
2026-10-07T01:45:43Z Hint: The binding can be removed (if unused) or named `_` (if used implicitly). Alternatively, prefix the name with `_` to silence this warning:
2026-10-07T01:45:43Z   [apply] _hc
2026-10-07T01:45:43Z 
2026-10-07T01:45:43Z Note: This linter can be disabled with `set_option linter.unusedVariables false`
2026-10-07T01:45:43Z warning: SierksmaLean/Theorems/Thm_Sierksma_respects_two_orientations.lean:6:92: Variable name `hd` is not explicitly referenced.
2026-10-07T01:45:43Z 
2026-10-07T01:45:43Z Hint: The binding can be removed (if unused) or named `_` (if used implicitly). Alternatively, prefix the name with `_` to silence this warning:
2026-10-07T01:45:43Z   [apply] _hd
2026-10-07T01:45:43Z 
2026-10-07T01:45:43Z Note: This linter can be disabled with `set_option linter.unusedVariables false`
2026-10-07T01:45:43Z warning: SierksmaLean/Theorems/Thm_Sierksma_respects_two_orientations.lean:6:135: Variable name `hne` is not explicitly referenced.
2026-10-07T01:45:43Z 
2026-10-07T01:45:43Z Hint: The binding can be removed (if unused) or named `_` (if used implicitly). Alternatively, prefix the name with `_` to silence this warning:
2026-10-07T01:45:43Z   [apply] _hne
2026-10-07T01:45:43Z 
2026-10-07T01:45:43Z Note: This linter can be disabled with `set_option linter.unusedVariables false`
2026-10-07T01:45:43Z ⚠ [10636/12386] Replayed SierksmaLean.Proofs.Proof_Sierksma_FB_covOf_spec
2026-10-07T01:45:43Z warning: SierksmaLean/Proofs/Proof_Sierksma_FB_covOf_spec.lean:292:12: `push_neg` has been deprecated. Prefer using `push Not` instead.
2026-10-07T01:45:43Z If you'd rather continue using `push_neg` in your project, you can implement it as follows:
2026-10-07T01:45:43Z ```
2026-10-07T01:45:43Z open Lean.Parser.Tactic in
2026-10-07T01:45:43Z macro "push_neg" cfg:optConfig loc:(location)? : tactic =>
2026-10-07T01:45:43Z   `(tactic| push $cfg:optConfig Not $[$loc]?)
2026-10-07T01:45:43Z ```
2026-10-07T01:45:43Z warning: SierksmaLean/Proofs/Proof_Sierksma_FB_covOf_spec.lean:209:10: This simp argument is unused:
2026-10-07T01:45:43Z   if_pos rfl
2026-10-07T01:45:43Z 
2026-10-07T01:45:43Z Hint: Omit it from the simp argument list.
2026-10-07T01:45:43Z   [apply] simp [constraintOf, hgm, hgc, hrec0, hrec1, hrec2, hrec3, c, ht0, ht1, ht2, ht3, t,
2026-10-07T01:45:43Z     if_neg (hneq 1 0 (by decide)), if_neg (hneq 2 0 (by decide)), if_neg (hneq 2 1 (by decide)),
2026-10-07T01:45:43Z     if_neg (hneq 3 0 (by decide)), if_neg (hneq 3 1 (by decide)), if_neg (hneq 3 2 (by decide)), ZMod.natCast_zmod_val]
2026-10-07T01:45:43Z 
2026-10-07T01:45:43Z Note: This linter can be disabled with `set_option linter.unusedSimpArgs false`
2026-10-07T01:45:43Z warning: SierksmaLean/Proofs/Proof_Sierksma_FB_covOf_spec.lean:211:72: This simp argument is unused:
2026-10-07T01:45:43Z   ZMod.natCast_zmod_val
2026-10-07T01:45:43Z 
2026-10-07T01:45:43Z Hint: Omit it from the simp argument list.
2026-10-07T01:45:43Z   [apply] simp [constraintOf, hgm, hgc, hrec0, hrec1, hrec2, hrec3, c, ht0, ht1, ht2, ht3, t, if_pos rfl,
2026-10-07T01:45:43Z     if_neg (hneq 1 0 (by decide)), if_neg (hneq 2 0 (by decide)), if_neg (hneq 2 1 (by decide)),
2026-10-07T01:45:43Z     if_neg (hneq 3 0 (by decide)), if_neg (hneq 3 1 (by decide)), if_neg (hneq 3 2 (by decide))]
2026-10-07T01:45:43Z 
2026-10-07T01:45:43Z Note: This linter can be disabled with `set_option linter.unusedSimpArgs false`
2026-10-07T01:45:43Z warning: SierksmaLean/Proofs/Proof_Sierksma_FB_covOf_spec.lean:66:84: this tactic is never executed
2026-10-07T01:45:43Z 
2026-10-07T01:45:43Z Note: This linter can be disabled with `set_option linter.unreachableTactic false`
2026-10-07T01:45:43Z warning: SierksmaLean/Proofs/Proof_Sierksma_FB_covOf_spec.lean:66:84: Unused tactic linter: `assumption` does nothing
2026-10-07T01:45:43Z 
2026-10-07T01:45:43Z Note: This linter can be disabled with `set_option linter.unusedTactic false`
2026-10-07T01:45:43Z ⚠ [10638/12386] Replayed SierksmaLean.Proofs.Proof_Sierksma_signed_covers
2026-10-07T01:45:43Z warning: SierksmaLean/Proofs/Proof_Sierksma_signed_covers.lean:60:49: try 'simp' instead of 'simpa'
2026-10-07T01:45:43Z 
2026-10-07T01:45:43Z Note: This linter can be disabled with `set_option linter.unnecessarySimpa false`
2026-10-07T01:45:43Z warning: SierksmaLean/Proofs/Proof_Sierksma_signed_covers.lean:299:4: `push_neg` has been deprecated. Prefer using `push Not` instead.
2026-10-07T01:45:43Z If you'd rather continue using `push_neg` in your project, you can implement it as follows:
2026-10-07T01:45:43Z ```
2026-10-07T01:45:43Z open Lean.Parser.Tactic in
2026-10-07T01:45:43Z macro "push_neg" cfg:optConfig loc:(location)? : tactic =>
2026-10-07T01:45:43Z   `(tactic| push $cfg:optConfig Not $[$loc]?)
2026-10-07T01:45:43Z ```
2026-10-07T01:45:43Z ⚠ [10639/12386] Replayed SierksmaLean.Theorems.Thm_Sierksma_signed_covers
2026-10-07T01:45:43Z warning: SierksmaLean/Theorems/Thm_Sierksma_signed_covers.lean:9:5: Variable name `hy` is not explicitly referenced.
2026-10-07T01:45:43Z 
2026-10-07T01:45:43Z Hint: The binding can be removed (if unused) or named `_` (if used implicitly). Alternatively, prefix the name with `_` to silence this warning:
2026-10-07T01:45:43Z   [apply] _hy
2026-10-07T01:45:43Z 
2026-10-07T01:45:43Z Note: This linter can be disabled with `set_option linter.unusedVariables false`
2026-10-07T01:45:43Z warning: SierksmaLean/Theorems/Thm_Sierksma_signed_covers.lean:9:50: Variable name `hg` is not explicitly referenced.
2026-10-07T01:45:43Z 
2026-10-07T01:45:43Z Hint: The binding can be removed (if unused) or named `_` (if used implicitly). Alternatively, prefix the name with `_` to silence this warning:
2026-10-07T01:45:43Z   [apply] _hg
2026-10-07T01:45:43Z 
2026-10-07T01:45:43Z Note: This linter can be disabled with `set_option linter.unusedVariables false`
2026-10-07T01:45:43Z ⚠ [10641/12386] Replayed SierksmaLean.Theorems.Thm_Sierksma_FB_index_transfer
2026-10-07T01:45:43Z warning: SierksmaLean/Theorems/Thm_Sierksma_FB_index_transfer.lean:7:5: Variable name `hsupp` is not explicitly referenced.
2026-10-07T01:45:43Z 
2026-10-07T01:45:43Z Hint: The binding can be removed (if unused) or named `_` (if used implicitly). Alternatively, prefix the name with `_` to silence this warning:
2026-10-07T01:45:43Z   [apply] _hsupp
2026-10-07T01:45:43Z 
2026-10-07T01:45:43Z Note: This linter can be disabled with `set_option linter.unusedVariables false`
2026-10-07T01:45:43Z warning: SierksmaLean/Theorems/Thm_Sierksma_FB_index_transfer.lean:7:54: Variable name `hy` is not explicitly referenced.
2026-10-07T01:45:43Z 
2026-10-07T01:45:43Z Hint: The binding can be removed (if unused) or named `_` (if used implicitly). Alternatively, prefix the name with `_` to silence this warning:
2026-10-07T01:45:43Z   [apply] _hy
2026-10-07T01:45:43Z 
2026-10-07T01:45:43Z Note: This linter can be disabled with `set_option linter.unusedVariables false`
2026-10-07T01:45:43Z ⚠ [10644/12386] Replayed SierksmaLean.Proofs.Proof_Sierksma_FB_relIdx_spec
2026-10-07T01:45:43Z warning: SierksmaLean/Proofs/Proof_Sierksma_FB_relIdx_spec.lean:57:10: this tactic is never executed
2026-10-07T01:45:43Z 
2026-10-07T01:45:43Z Note: This linter can be disabled with `set_option linter.unreachableTactic false`
2026-10-07T01:45:43Z warning: SierksmaLean/Proofs/Proof_Sierksma_FB_relIdx_spec.lean:57:10: Unused tactic linter: `omega` does nothing
2026-10-07T01:45:43Z 
2026-10-07T01:45:43Z Note: This linter can be disabled with `set_option linter.unusedTactic false`
2026-10-07T01:45:43Z ⚠ [10645/12386] Replayed SierksmaLean.Theorems.Thm_Sierksma_FB_relIdx_spec
2026-10-07T01:45:43Z warning: SierksmaLean/Theorems/Thm_Sierksma_FB_relIdx_spec.lean:7:5: Variable name `hp` is not explicitly referenced.
2026-10-07T01:45:43Z 
2026-10-07T01:45:43Z Hint: The binding can be removed (if unused) or named `_` (if used implicitly). Alternatively, prefix the name with `_` to silence this warning:
2026-10-07T01:45:43Z   [apply] _hp
2026-10-07T01:45:43Z 
2026-10-07T01:45:43Z Note: This linter can be disabled with `set_option linter.unusedVariables false`
2026-10-07T01:45:43Z ⚠ [10648/12386] Replayed SierksmaLean.Proofs.Proof_Sierksma_signed_relabel
2026-10-07T01:45:43Z warning: SierksmaLean/Proofs/Proof_Sierksma_signed_relabel.lean:433:49: try 'simp' instead of 'simpa'
2026-10-07T01:45:43Z 
2026-10-07T01:45:43Z Note: This linter can be disabled with `set_option linter.unnecessarySimpa false`
2026-10-07T01:45:43Z ⚠ [10649/12386] Replayed SierksmaLean.Theorems.Thm_Sierksma_signed_relabel
2026-10-07T01:45:43Z warning: SierksmaLean/Theorems/Thm_Sierksma_signed_relabel.lean:10:5: Variable name `hy` is not explicitly referenced.
2026-10-07T01:45:43Z 
2026-10-07T01:45:43Z Hint: The binding can be removed (if unused) or named `_` (if used implicitly). Alternatively, prefix the name with `_` to silence this warning:
2026-10-07T01:45:43Z   [apply] _hy
2026-10-07T01:45:43Z 
2026-10-07T01:45:43Z Note: This linter can be disabled with `set_option linter.unusedVariables false`
2026-10-07T01:45:43Z ⚠ [10651/12386] Replayed SierksmaLean.Theorems.Thm_Sierksma_relabel_universe
2026-10-07T01:45:43Z warning: SierksmaLean/Theorems/Thm_Sierksma_relabel_universe.lean:9:5: Variable name `hQ` is not explicitly referenced.
2026-10-07T01:45:43Z 
2026-10-07T01:45:43Z Hint: The binding can be removed (if unused) or named `_` (if used implicitly). Alternatively, prefix the name with `_` to silence this warning:
2026-10-07T01:45:43Z   [apply] _hQ
2026-10-07T01:45:43Z 
2026-10-07T01:45:43Z Note: This linter can be disabled with `set_option linter.unusedVariables false`
2026-10-07T01:45:43Z ⚠ [10653/12386] Replayed SierksmaLean.Theorems.Thm_Sierksma_FB_relabel_idx
2026-10-07T01:45:43Z warning: SierksmaLean/Theorems/Thm_Sierksma_FB_relabel_idx.lean:7:5: Variable name `hsupp` is not explicitly referenced.
2026-10-07T01:45:43Z 
2026-10-07T01:45:43Z Hint: The binding can be removed (if unused) or named `_` (if used implicitly). Alternatively, prefix the name with `_` to silence this warning:
2026-10-07T01:45:43Z   [apply] _hsupp
2026-10-07T01:45:43Z 
2026-10-07T01:45:43Z Note: This linter can be disabled with `set_option linter.unusedVariables false`
2026-10-07T01:45:43Z warning: SierksmaLean/Theorems/Thm_Sierksma_FB_relabel_idx.lean:7:54: Variable name `hy` is not explicitly referenced.
2026-10-07T01:45:43Z 
2026-10-07T01:45:43Z Hint: The binding can be removed (if unused) or named `_` (if used implicitly). Alternatively, prefix the name with `_` to silence this warning:
2026-10-07T01:45:43Z   [apply] _hy
2026-10-07T01:45:43Z 
2026-10-07T01:45:43Z Note: This linter can be disabled with `set_option linter.unusedVariables false`
2026-10-07T01:45:43Z warning: SierksmaLean/Theorems/Thm_Sierksma_FB_relabel_idx.lean:8:13: Variable name `hp` is not explicitly referenced.
2026-10-07T01:45:43Z 
2026-10-07T01:45:43Z Hint: The binding can be removed (if unused) or named `_` (if used implicitly). Alternatively, prefix the name with `_` to silence this warning:
2026-10-07T01:45:43Z   [apply] _hp
2026-10-07T01:45:43Z 
2026-10-07T01:45:43Z Note: This linter can be disabled with `set_option linter.unusedVariables false`
2026-10-07T01:45:43Z ⚠ [10654/12386] Replayed SierksmaLean.Proofs.Proof_Sierksma_FB_tab_pe
2026-10-07T01:45:43Z warning: SierksmaLean/Proofs/Proof_Sierksma_FB_tab_pe.lean:14:62: exponent 1855 exceeds the threshold 256, exponentiation operation was not evaluated, use `set_option exponentiation.threshold <num>` to set a new threshold
2026-10-07T01:45:43Z ⚠ [10657/12386] Replayed SierksmaLean.Theorems.Thm_Sierksma_FB_edge_count
2026-10-07T01:45:43Z warning: SierksmaLean/Theorems/Thm_Sierksma_FB_edge_count.lean:6:22: Variable name `hS` is not explicitly referenced.
2026-10-07T01:45:43Z 
2026-10-07T01:45:43Z Hint: The binding can be removed (if unused) or named `_` (if used implicitly). Alternatively, prefix the name with `_` to silence this warning:
2026-10-07T01:45:43Z   [apply] _hS
2026-10-07T01:45:43Z 
2026-10-07T01:45:43Z Note: This linter can be disabled with `set_option linter.unusedVariables false`
2026-10-07T01:45:43Z ⚠ [10659/12386] Replayed SierksmaLean.Theorems.Thm_Sierksma_FB_validPerm_equiv
2026-10-07T01:45:43Z warning: SierksmaLean/Theorems/Thm_Sierksma_FB_validPerm_equiv.lean:6:15: Variable name `hp` is not explicitly referenced.
2026-10-07T01:45:43Z 
2026-10-07T01:45:43Z Hint: The binding can be removed (if unused) or named `_` (if used implicitly). Alternatively, prefix the name with `_` to silence this warning:
2026-10-07T01:45:43Z   [apply] _hp
2026-10-07T01:45:43Z 
2026-10-07T01:45:43Z Note: This linter can be disabled with `set_option linter.unusedVariables false`
2026-10-07T01:45:43Z ⚠ [10663/12386] Replayed SierksmaLean.Theorems.Thm_Sierksma_FB_edge_transport_endpoints
2026-10-07T01:45:43Z warning: SierksmaLean/Theorems/Thm_Sierksma_FB_edge_transport_endpoints.lean:6:40: Variable name `hπ` is not explicitly referenced.
2026-10-07T01:45:43Z 
2026-10-07T01:45:43Z Hint: The binding can be removed (if unused) or named `_` (if used implicitly). Alternatively, prefix the name with `_` to silence this warning:
2026-10-07T01:45:43Z   [apply] _hπ
2026-10-07T01:45:43Z 
2026-10-07T01:45:43Z Note: This linter can be disabled with `set_option linter.unusedVariables false`
2026-10-07T01:45:43Z ⚠ [10667/12386] Replayed SierksmaLean.Definitions.Def_Sierksma_FBNorm
2026-10-07T01:45:43Z warning: SierksmaLean/Definitions/Def_Sierksma_FBNorm.lean:47:14: Variable name `k` is not explicitly referenced.
2026-10-07T01:45:43Z 
2026-10-07T01:45:43Z Hint: The binding can be removed (if unused) or named `_` (if used implicitly). Alternatively, prefix the name with `_` to silence this warning:
2026-10-07T01:45:43Z   [apply] _k
2026-10-07T01:45:43Z 
2026-10-07T01:45:43Z Note: This linter can be disabled with `set_option linter.unusedVariables false`
2026-10-07T01:45:43Z ⚠ [10668/12386] Replayed SierksmaLean.Proofs.Proof_Sierksma_FB_run_sound
2026-10-07T01:45:43Z warning: SierksmaLean/Proofs/Proof_Sierksma_FB_run_sound.lean:17:62: exponent 1855 exceeds the threshold 256, exponentiation operation was not evaluated, use `set_option exponentiation.threshold <num>` to set a new threshold
2026-10-07T01:45:43Z warning: SierksmaLean/Proofs/Proof_Sierksma_FB_run_sound.lean:238:6: Try `simp at hw` instead of `simpa using hw`
2026-10-07T01:45:43Z 
2026-10-07T01:45:43Z Note: This linter can be disabled with `set_option linter.unnecessarySimpa false`
2026-10-07T01:45:43Z warning: SierksmaLean/Proofs/Proof_Sierksma_FB_run_sound.lean:248:80: This simp argument is unused:
2026-10-07T01:45:43Z   Nat.sub_eq
2026-10-07T01:45:43Z 
2026-10-07T01:45:43Z Hint: Omit it from the simp argument list.
2026-10-07T01:45:43Z   [apply] simp only [Bool.and_eq_true, Bool.or_eq_true, Nat.blt_eq, Nat.beq_eq] at hp
2026-10-07T01:45:43Z 
2026-10-07T01:45:43Z Note: This linter can be disabled with `set_option linter.unusedSimpArgs false`
2026-10-07T01:45:43Z warning: SierksmaLean/Proofs/Proof_Sierksma_FB_run_sound.lean:268:78: This simp argument is unused:
2026-10-07T01:45:43Z   Nat.sub_eq
2026-10-07T01:45:43Z 
2026-10-07T01:45:43Z Hint: Omit it from the simp argument list.
2026-10-07T01:45:43Z   [apply] simp only [Bool.and_eq_true, Bool.or_eq_true, Nat.blt_eq, Nat.beq_eq] at hp
2026-10-07T01:45:43Z 
2026-10-07T01:45:43Z Note: This linter can be disabled with `set_option linter.unusedSimpArgs false`
2026-10-07T01:45:43Z warning: SierksmaLean/Proofs/Proof_Sierksma_FB_run_sound.lean:434:12: This simp argument is unused:
2026-10-07T01:45:43Z   hb
2026-10-07T01:45:43Z 
2026-10-07T01:45:43Z Hint: Omit it from the simp argument list.
2026-10-07T01:45:43Z   [apply] simp [hn]
2026-10-07T01:45:43Z 
2026-10-07T01:45:43Z Note: This linter can be disabled with `set_option linter.unusedSimpArgs false`
2026-10-07T01:45:43Z warning: SierksmaLean/Proofs/Proof_Sierksma_FB_run_sound.lean:436:12: This simp argument is unused:
2026-10-07T01:45:43Z   hb
2026-10-07T01:45:43Z 
2026-10-07T01:45:43Z Hint: Omit it from the simp argument list.
2026-10-07T01:45:43Z   [apply] simp [hi]
2026-10-07T01:45:43Z 
2026-10-07T01:45:43Z Note: This linter can be disabled with `set_option linter.unusedSimpArgs false`
2026-10-07T01:45:43Z warning: SierksmaLean/Proofs/Proof_Sierksma_FB_run_sound.lean:489:45: This simp argument is unused:
2026-10-07T01:45:43Z   if_pos rfl
2026-10-07T01:45:43Z 
2026-10-07T01:45:43Z Hint: Omit it from the simp argument list.
2026-10-07T01:45:43Z   [apply] simp only [Bool.cond_eq_ite, Nat.beq_eq, Nat.blt_eq, Nat.ble_eq, Bool.and_eq_true, Bool.or_eq_true, ite_true,
2026-10-07T01:45:43Z     ite_false] at h
2026-10-07T01:45:43Z 
2026-10-07T01:45:43Z Note: This linter can be disabled with `set_option linter.unusedSimpArgs false`
2026-10-07T01:45:43Z warning: SierksmaLean/Proofs/Proof_Sierksma_FB_run_sound.lean:489:67: This simp argument is unused:
2026-10-07T01:45:43Z   ite_false
2026-10-07T01:45:43Z 
2026-10-07T01:45:43Z Hint: Omit it from the simp argument list.
2026-10-07T01:45:43Z   [apply] simp only [Bool.cond_eq_ite, Nat.beq_eq, Nat.blt_eq, Nat.ble_eq, Bool.and_eq_true, Bool.or_eq_true,
2026-10-07T01:45:43Z     if_pos rfl, ite_true] at h
2026-10-07T01:45:43Z 
2026-10-07T01:45:43Z Note: This linter can be disabled with `set_option linter.unusedSimpArgs false`
2026-10-07T01:45:43Z warning: SierksmaLean/Proofs/Proof_Sierksma_FB_run_sound.lean:621:79: This simp argument is unused:
2026-10-07T01:45:43Z   ite_true
2026-10-07T01:45:43Z 
2026-10-07T01:45:43Z Hint: Omit it from the simp argument list.
2026-10-07T01:45:43Z   [apply] simp only [Bool.cond_eq_ite, Nat.beq_eq, Nat.blt_eq, Nat.ble_eq, Bool.and_eq_true, Bool.or_eq_true,
2026-10-07T01:45:43Z     if_neg (by decide : (1 : ℕ) ≠ 0), ite_false] at h
2026-10-07T01:45:43Z 
2026-10-07T01:45:43Z Note: This linter can be disabled with `set_option linter.unusedSimpArgs false`
2026-10-07T01:45:43Z warning: SierksmaLean/Proofs/Proof_Sierksma_FB_run_sound.lean:621:89: This simp argument is unused:
2026-10-07T01:45:43Z   ite_false
2026-10-07T01:45:43Z 
2026-10-07T01:45:43Z Hint: Omit it from the simp argument list.
2026-10-07T01:45:43Z   [apply] simp only [Bool.cond_eq_ite, Nat.beq_eq, Nat.blt_eq, Nat.ble_eq, Bool.and_eq_true, Bool.or_eq_true,
2026-10-07T01:45:43Z     if_neg (by decide : (1 : ℕ) ≠ 0), ite_true] at h
2026-10-07T01:45:43Z 
2026-10-07T01:45:43Z Note: This linter can be disabled with `set_option linter.unusedSimpArgs false`
2026-10-07T01:45:43Z warning: SierksmaLean/Proofs/Proof_Sierksma_FB_run_sound.lean:797:4: exponent 1855 exceeds the threshold 256, exponentiation operation was not evaluated, use `set_option exponentiation.threshold <num>` to set a new threshold
2026-10-07T01:45:43Z warning: SierksmaLean/Proofs/Proof_Sierksma_FB_run_sound.lean:782:12: This simp argument is unused:
2026-10-07T01:45:43Z   hb
2026-10-07T01:45:43Z 
2026-10-07T01:45:43Z Hint: Omit it from the simp argument list.
2026-10-07T01:45:43Z   [apply] simp [hn]
2026-10-07T01:45:43Z 
2026-10-07T01:45:43Z Note: This linter can be disabled with `set_option linter.unusedSimpArgs false`
2026-10-07T01:45:43Z warning: SierksmaLean/Proofs/Proof_Sierksma_FB_run_sound.lean:784:12: This simp argument is unused:
2026-10-07T01:45:43Z   hb
2026-10-07T01:45:43Z 
2026-10-07T01:45:43Z Hint: Omit it from the simp argument list.
2026-10-07T01:45:43Z   [apply] simp [hi]
2026-10-07T01:45:43Z 
2026-10-07T01:45:43Z Note: This linter can be disabled with `set_option linter.unusedSimpArgs false`
2026-10-07T01:45:43Z ⚠ [10669/12386] Replayed SierksmaLean.Theorems.Thm_Sierksma_FB_run_sound
2026-10-07T01:45:43Z warning: SierksmaLean/Theorems/Thm_Sierksma_FB_run_sound.lean:7:5: Variable name `h` is not explicitly referenced.
2026-10-07T01:45:43Z 
2026-10-07T01:45:43Z Hint: The binding can be removed (if unused) or named `_` (if used implicitly). Alternatively, prefix the name with `_` to silence this warning:
2026-10-07T01:45:43Z   [apply] _h
2026-10-07T01:45:43Z 
2026-10-07T01:45:43Z Note: This linter can be disabled with `set_option linter.unusedVariables false`
2026-10-07T01:45:43Z warning: SierksmaLean/Theorems/Thm_Sierksma_FB_run_sound.lean:8:5: Variable name `hext` is not explicitly referenced.
2026-10-07T01:45:43Z 
2026-10-07T01:45:43Z Hint: The binding can be removed (if unused) or named `_` (if used implicitly). Alternatively, prefix the name with `_` to silence this warning:
2026-10-07T01:45:43Z   [apply] _hext
2026-10-07T01:45:43Z 
2026-10-07T01:45:43Z Note: This linter can be disabled with `set_option linter.unusedVariables false`
2026-10-07T01:45:43Z ⚠ [11667/12386] Replayed SierksmaLean.Proofs.Proof_Sierksma_count_lower_of_dense
2026-10-07T01:45:43Z warning: SierksmaLean/Proofs/Proof_Sierksma_count_lower_of_dense.lean:49:14: `continuous_finset_sum` has been deprecated: Use `continuous_finsetSum` instead
2026-10-07T01:45:43Z warning: SierksmaLean/Proofs/Proof_Sierksma_count_lower_of_dense.lean:59:22: `Set.setOf_forall` has been deprecated: Use `Set.ofPred_forall` instead
2026-10-07T01:45:43Z warning: SierksmaLean/Proofs/Proof_Sierksma_count_lower_of_dense.lean:90:18: `Set.setOf_forall` has been deprecated: Use `Set.ofPred_forall` instead
2026-10-07T01:45:43Z warning: SierksmaLean/Proofs/Proof_Sierksma_count_lower_of_dense.lean:94:6: try 'simp' instead of 'simpa'
2026-10-07T01:45:43Z 
2026-10-07T01:45:43Z Note: This linter can be disabled with `set_option linter.unnecessarySimpa false`
2026-10-07T01:45:43Z warning: SierksmaLean/Proofs/Proof_Sierksma_count_lower_of_dense.lean:25:16: This simp argument is unused:
2026-10-07T01:45:43Z   eq_comm
2026-10-07T01:45:43Z 
2026-10-07T01:45:43Z Hint: Omit it from the simp argument list.
2026-10-07T01:45:43Z   [apply] simp
2026-10-07T01:45:43Z 
2026-10-07T01:45:43Z Note: This linter can be disabled with `set_option linter.unusedSimpArgs false`
2026-10-07T01:45:43Z ⚠ [11668/12386] Replayed SierksmaLean.Theorems.Thm_Sierksma_count_lower_of_dense
2026-10-07T01:45:43Z warning: SierksmaLean/Theorems/Thm_Sierksma_count_lower_of_dense.lean:8:30: Variable name `hD` is not explicitly referenced.
2026-10-07T01:45:43Z 
2026-10-07T01:45:43Z Hint: The binding can be removed (if unused) or named `_` (if used implicitly). Alternatively, prefix the name with `_` to silence this warning:
2026-10-07T01:45:43Z   [apply] _hD
2026-10-07T01:45:43Z 
2026-10-07T01:45:43Z Note: This linter can be disabled with `set_option linter.unusedVariables false`
2026-10-07T01:45:43Z warning: SierksmaLean/Theorems/Thm_Sierksma_count_lower_of_dense.lean:9:5: Variable name `hk` is not explicitly referenced.
2026-10-07T01:45:43Z 
2026-10-07T01:45:43Z Hint: The binding can be removed (if unused) or named `_` (if used implicitly). Alternatively, prefix the name with `_` to silence this warning:
2026-10-07T01:45:43Z   [apply] _hk
2026-10-07T01:45:43Z 
2026-10-07T01:45:43Z Note: This linter can be disabled with `set_option linter.unusedVariables false`
2026-10-07T01:45:43Z ⚠ [11670/12386] Replayed SierksmaLean.Theorems.Thm_Sierksma_classification
2026-10-07T01:45:43Z warning: SierksmaLean/Theorems/Thm_Sierksma_classification.lean:13:24: Variable name `hP` is not explicitly referenced.
2026-10-07T01:45:43Z 
2026-10-07T01:45:43Z Hint: The binding can be removed (if unused) or named `_` (if used implicitly). Alternatively, prefix the name with `_` to silence this warning:
2026-10-07T01:45:43Z   [apply] _hP
2026-10-07T01:45:43Z 
2026-10-07T01:45:43Z Note: This linter can be disabled with `set_option linter.unusedVariables false`
2026-10-07T01:45:43Z warning: SierksmaLean/Theorems/Thm_Sierksma_classification.lean:13:67: Variable name `hQ` is not explicitly referenced.
2026-10-07T01:45:43Z 
2026-10-07T01:45:43Z Hint: The binding can be removed (if unused) or named `_` (if used implicitly). Alternatively, prefix the name with `_` to silence this warning:
2026-10-07T01:45:43Z   [apply] _hQ
2026-10-07T01:45:43Z 
2026-10-07T01:45:43Z Note: This linter can be disabled with `set_option linter.unusedVariables false`
2026-10-07T01:45:43Z warning: SierksmaLean/Theorems/Thm_Sierksma_classification.lean:13:100: Variable name `hcard` is not explicitly referenced.
2026-10-07T01:45:43Z 
2026-10-07T01:45:43Z Hint: The binding can be removed (if unused) or named `_` (if used implicitly). Alternatively, prefix the name with `_` to silence this warning:
2026-10-07T01:45:43Z   [apply] _hcard
2026-10-07T01:45:43Z 
2026-10-07T01:45:43Z Note: This linter can be disabled with `set_option linter.unusedVariables false`
2026-10-07T01:45:43Z warning: SierksmaLean/Theorems/Thm_Sierksma_classification.lean:13:121: Variable name `hz` is not explicitly referenced.
2026-10-07T01:45:43Z 
2026-10-07T01:45:43Z Hint: The binding can be removed (if unused) or named `_` (if used implicitly). Alternatively, prefix the name with `_` to silence this warning:
2026-10-07T01:45:43Z   [apply] _hz
2026-10-07T01:45:43Z 
2026-10-07T01:45:43Z Note: This linter can be disabled with `set_option linter.unusedVariables false`
2026-10-07T01:45:43Z ⚠ [11865/12386] Replayed SierksmaLean.Theorems.Thm_Sierksma_test_map_perturbation_stability
2026-10-07T01:45:43Z warning: SierksmaLean/Theorems/Thm_Sierksma_test_map_perturbation_stability.lean:9:5: Variable name `hP` is not explicitly referenced.
2026-10-07T01:45:43Z 
2026-10-07T01:45:43Z Hint: The binding can be removed (if unused) or named `_` (if used implicitly). Alternatively, prefix the name with `_` to silence this warning:
2026-10-07T01:45:43Z   [apply] _hP
2026-10-07T01:45:43Z 
2026-10-07T01:45:43Z Note: This linter can be disabled with `set_option linter.unusedVariables false`
2026-10-07T01:45:43Z warning: SierksmaLean/Theorems/Thm_Sierksma_test_map_perturbation_stability.lean:9:55: Variable name `hpi` is not explicitly referenced.
2026-10-07T01:45:43Z 
2026-10-07T01:45:43Z Hint: The binding can be removed (if unused) or named `_` (if used implicitly). Alternatively, prefix the name with `_` to silence this warning:
2026-10-07T01:45:43Z   [apply] _hpi
2026-10-07T01:45:43Z 
2026-10-07T01:45:43Z Note: This linter can be disabled with `set_option linter.unusedVariables false`
2026-10-07T01:45:43Z ⚠ [11867/12386] Replayed SierksmaLean.Theorems.Thm_Sierksma_twist_signed_polynomial
2026-10-07T01:45:43Z warning: SierksmaLean/Theorems/Thm_Sierksma_twist_signed_polynomial.lean:8:24: Variable name `hP` is not explicitly referenced.
2026-10-07T01:45:43Z 
2026-10-07T01:45:43Z Hint: The binding can be removed (if unused) or named `_` (if used implicitly). Alternatively, prefix the name with `_` to silence this warning:
2026-10-07T01:45:43Z   [apply] _hP
2026-10-07T01:45:43Z 
2026-10-07T01:45:43Z Note: This linter can be disabled with `set_option linter.unusedVariables false`
2026-10-07T01:45:43Z warning: SierksmaLean/Theorems/Thm_Sierksma_twist_signed_polynomial.lean:9:31: Variable name `hpi` is not explicitly referenced.
2026-10-07T01:45:43Z 
2026-10-07T01:45:43Z Hint: The binding can be removed (if unused) or named `_` (if used implicitly). Alternatively, prefix the name with `_` to silence this warning:
2026-10-07T01:45:43Z   [apply] _hpi
2026-10-07T01:45:43Z 
2026-10-07T01:45:43Z Note: This linter can be disabled with `set_option linter.unusedVariables false`
2026-10-07T01:45:43Z ⚠ [11878/12386] Replayed SierksmaLean.Theorems.Thm_Sierksma_FB_pe_transport
2026-10-07T01:45:43Z warning: SierksmaLean/Theorems/Thm_Sierksma_FB_pe_transport.lean:6:15: Variable name `hp` is not explicitly referenced.
2026-10-07T01:45:43Z 
2026-10-07T01:45:43Z Hint: The binding can be removed (if unused) or named `_` (if used implicitly). Alternatively, prefix the name with `_` to silence this warning:
2026-10-07T01:45:43Z   [apply] _hp
2026-10-07T01:45:43Z 
2026-10-07T01:45:43Z Note: This linter can be disabled with `set_option linter.unusedVariables false`
2026-10-07T01:45:43Z ⚠ [11883/12386] Replayed SierksmaLean.Proofs.Proof_Sierksma_FB_norm_transport
2026-10-07T01:45:43Z warning: SierksmaLean/Proofs/Proof_Sierksma_FB_norm_transport.lean:63:32: This simp argument is unused:
2026-10-07T01:45:43Z   Nat.rec
2026-10-07T01:45:43Z 
2026-10-07T01:45:43Z Hint: Omit it from the simp argument list.
2026-10-07T01:45:43Z   [apply] simp only [hn, Finset.sum_range_succ]
2026-10-07T01:45:43Z 
2026-10-07T01:45:43Z Note: This linter can be disabled with `set_option linter.unusedSimpArgs false`
2026-10-07T01:45:43Z ⚠ [11884/12386] Replayed SierksmaLean.Theorems.Thm_Sierksma_FB_norm_transport
2026-10-07T01:45:43Z warning: SierksmaLean/Theorems/Thm_Sierksma_FB_norm_transport.lean:6:15: Variable name `hp` is not explicitly referenced.
2026-10-07T01:45:43Z 
2026-10-07T01:45:43Z Hint: The binding can be removed (if unused) or named `_` (if used implicitly). Alternatively, prefix the name with `_` to silence this warning:
2026-10-07T01:45:43Z   [apply] _hp
2026-10-07T01:45:43Z 
2026-10-07T01:45:43Z Note: This linter can be disabled with `set_option linter.unusedVariables false`
2026-10-07T01:45:43Z warning: SierksmaLean/Theorems/Thm_Sierksma_FB_norm_transport.lean:7:5: Variable name `ht` is not explicitly referenced.
2026-10-07T01:45:43Z 
2026-10-07T01:45:43Z Hint: The binding can be removed (if unused) or named `_` (if used implicitly). Alternatively, prefix the name with `_` to silence this warning:
2026-10-07T01:45:43Z   [apply] _ht
2026-10-07T01:45:43Z 
2026-10-07T01:45:43Z Note: This linter can be disabled with `set_option linter.unusedVariables false`
2026-10-07T01:45:43Z ⚠ [11905/12386] Replayed SierksmaLean.Proofs.Proof_Sierksma_FB_Kbuild_spec
2026-10-07T01:45:43Z warning: SierksmaLean/Proofs/Proof_Sierksma_FB_Kbuild_spec.lean:21:16: This simp argument is unused:
2026-10-07T01:45:43Z   hp
2026-10-07T01:45:43Z 
2026-10-07T01:45:43Z Hint: Omit it from the simp argument list.
2026-10-07T01:45:43Z   [apply] simp [Nat.shiftLeft_eq', Nat.shiftLeft_eq, Nat.one_mul, Nat.testBit_two_pow]
2026-10-07T01:45:43Z 
2026-10-07T01:45:43Z Note: This linter can be disabled with `set_option linter.unusedSimpArgs false`
2026-10-07T01:45:43Z warning: SierksmaLean/Proofs/Proof_Sierksma_FB_Kbuild_spec.lean:21:57: This simp argument is unused:
2026-10-07T01:45:43Z   Nat.one_mul
2026-10-07T01:45:43Z 
2026-10-07T01:45:43Z Hint: Omit it from the simp argument list.
2026-10-07T01:45:43Z   [apply] simp [hp, Nat.shiftLeft_eq', Nat.shiftLeft_eq, Nat.testBit_two_pow]
2026-10-07T01:45:43Z 
2026-10-07T01:45:43Z Note: This linter can be disabled with `set_option linter.unusedSimpArgs false`
2026-10-07T01:45:43Z warning: SierksmaLean/Proofs/Proof_Sierksma_FB_Kbuild_spec.lean:21:70: This simp argument is unused:
2026-10-07T01:45:43Z   Nat.testBit_two_pow
2026-10-07T01:45:43Z 
2026-10-07T01:45:43Z Hint: Omit it from the simp argument list.
2026-10-07T01:45:43Z   [apply] simp [hp, Nat.shiftLeft_eq', Nat.shiftLeft_eq, Nat.one_mul]
2026-10-07T01:45:43Z 
2026-10-07T01:45:43Z Note: This linter can be disabled with `set_option linter.unusedSimpArgs false`
2026-10-07T01:45:43Z warning: SierksmaLean/Proofs/Proof_Sierksma_FB_Kbuild_spec.lean:24:16: This simp argument is unused:
2026-10-07T01:45:43Z   hp
2026-10-07T01:45:43Z 
2026-10-07T01:45:43Z Hint: Omit it from the simp argument list.
2026-10-07T01:45:43Z   [apply] simp [Nat.shiftLeft_eq', Nat.shiftLeft_eq, Nat.one_mul, Nat.testBit_two_pow, hx, Ne.symm hx, hlt]
2026-10-07T01:45:43Z 
2026-10-07T01:45:43Z Note: This linter can be disabled with `set_option linter.unusedSimpArgs false`
2026-10-07T01:45:43Z warning: SierksmaLean/Proofs/Proof_Sierksma_FB_Kbuild_spec.lean:24:57: This simp argument is unused:
2026-10-07T01:45:43Z   Nat.one_mul
2026-10-07T01:45:43Z 
2026-10-07T01:45:43Z Hint: Omit it from the simp argument list.
2026-10-07T01:45:43Z   [apply] simp [hp, Nat.shiftLeft_eq', Nat.shiftLeft_eq, Nat.testBit_two_pow, hx, Ne.symm hx, hlt]
2026-10-07T01:45:43Z 
2026-10-07T01:45:43Z Note: This linter can be disabled with `set_option linter.unusedSimpArgs false`
2026-10-07T01:45:43Z warning: SierksmaLean/Proofs/Proof_Sierksma_FB_Kbuild_spec.lean:24:70: This simp argument is unused:
2026-10-07T01:45:43Z   Nat.testBit_two_pow
2026-10-07T01:45:43Z 
2026-10-07T01:45:43Z Hint: Omit it from the simp argument list.
2026-10-07T01:45:43Z   [apply] simp [hp, Nat.shiftLeft_eq', Nat.shiftLeft_eq, Nat.one_mul, hx, Ne.symm hx, hlt]
2026-10-07T01:45:43Z 
2026-10-07T01:45:43Z Note: This linter can be disabled with `set_option linter.unusedSimpArgs false`
2026-10-07T01:45:43Z warning: SierksmaLean/Proofs/Proof_Sierksma_FB_Kbuild_spec.lean:25:12: This simp argument is unused:
2026-10-07T01:45:43Z   hx
2026-10-07T01:45:43Z 
2026-10-07T01:45:43Z Hint: Omit it from the simp argument list.
2026-10-07T01:45:43Z   [apply] simp [hp, Nat.shiftLeft_eq', Nat.shiftLeft_eq, Nat.one_mul, Nat.testBit_two_pow, Ne.symm hx, hlt]
2026-10-07T01:45:43Z 
2026-10-07T01:45:43Z Note: This linter can be disabled with `set_option linter.unusedSimpArgs false`
2026-10-07T01:45:43Z ⚠ [11908/12386] Replayed SierksmaLean.Theorems.Thm_Sierksma_FB_norm_sep
2026-10-07T01:45:43Z warning: SierksmaLean/Theorems/Thm_Sierksma_FB_norm_sep.lean:6:22: Variable name `hS` is not explicitly referenced.
2026-10-07T01:45:43Z 
2026-10-07T01:45:43Z Hint: The binding can be removed (if unused) or named `_` (if used implicitly). Alternatively, prefix the name with `_` to silence this warning:
2026-10-07T01:45:43Z   [apply] _hS
2026-10-07T01:45:43Z 
2026-10-07T01:45:43Z Note: This linter can be disabled with `set_option linter.unusedVariables false`
2026-10-07T01:45:43Z warning: SierksmaLean/Theorems/Thm_Sierksma_FB_norm_sep.lean:6:48: Variable name `h2` is not explicitly referenced.
2026-10-07T01:45:43Z 
2026-10-07T01:45:43Z Hint: The binding can be removed (if unused) or named `_` (if used implicitly). Alternatively, prefix the name with `_` to silence this warning:
2026-10-07T01:45:43Z   [apply] _h2
2026-10-07T01:45:43Z 
2026-10-07T01:45:43Z Note: This linter can be disabled with `set_option linter.unusedVariables false`
2026-10-07T01:45:43Z ⚠ [12375/12386] Replayed SierksmaLean.Theorems.Thm_Sierksma_FB_max_edge_norm
2026-10-07T01:45:43Z warning: SierksmaLean/Theorems/Thm_Sierksma_FB_max_edge_norm.lean:6:22: Variable name `hS` is not explicitly referenced.
2026-10-07T01:45:43Z 
2026-10-07T01:45:43Z Hint: The binding can be removed (if unused) or named `_` (if used implicitly). Alternatively, prefix the name with `_` to silence this warning:
2026-10-07T01:45:43Z   [apply] _hS
2026-10-07T01:45:43Z 
2026-10-07T01:45:43Z Note: This linter can be disabled with `set_option linter.unusedVariables false`
2026-10-07T01:45:43Z ⚠ [12377/12386] Replayed SierksmaLean.Theorems.Thm_Sierksma_FB_sep_profile
2026-10-07T01:45:43Z warning: SierksmaLean/Theorems/Thm_Sierksma_FB_sep_profile.lean:6:22: Variable name `hS` is not explicitly referenced.
2026-10-07T01:45:43Z 
2026-10-07T01:45:43Z Hint: The binding can be removed (if unused) or named `_` (if used implicitly). Alternatively, prefix the name with `_` to silence this warning:
2026-10-07T01:45:43Z   [apply] _hS
2026-10-07T01:45:43Z 
2026-10-07T01:45:43Z Note: This linter can be disabled with `set_option linter.unusedVariables false`
2026-10-07T01:45:43Z warning: SierksmaLean/Theorems/Thm_Sierksma_FB_sep_profile.lean:6:47: Variable name `hcov` is not explicitly referenced.
2026-10-07T01:45:43Z 
2026-10-07T01:45:43Z Hint: The binding can be removed (if unused) or named `_` (if used implicitly). Alternatively, prefix the name with `_` to silence this warning:
2026-10-07T01:45:43Z   [apply] _hcov
2026-10-07T01:45:43Z 
2026-10-07T01:45:43Z Note: This linter can be disabled with `set_option linter.unusedVariables false`
2026-10-07T01:45:43Z ⚠ [12379/12386] Replayed SierksmaLean.Theorems.Thm_Sierksma_FB_finite_core
2026-10-07T01:45:43Z warning: SierksmaLean/Theorems/Thm_Sierksma_FB_finite_core.lean:7:5: Variable name `hsupp` is not explicitly referenced.
2026-10-07T01:45:43Z 
2026-10-07T01:45:43Z Hint: The binding can be removed (if unused) or named `_` (if used implicitly). Alternatively, prefix the name with `_` to silence this warning:
2026-10-07T01:45:43Z   [apply] _hsupp
2026-10-07T01:45:43Z 
2026-10-07T01:45:43Z Note: This linter can be disabled with `set_option linter.unusedVariables false`
2026-10-07T01:45:43Z warning: SierksmaLean/Theorems/Thm_Sierksma_FB_finite_core.lean:7:54: Variable name `hy` is not explicitly referenced.
2026-10-07T01:45:43Z 
2026-10-07T01:45:43Z Hint: The binding can be removed (if unused) or named `_` (if used implicitly). Alternatively, prefix the name with `_` to silence this warning:
2026-10-07T01:45:43Z   [apply] _hy
2026-10-07T01:45:43Z 
2026-10-07T01:45:43Z Note: This linter can be disabled with `set_option linter.unusedVariables false`
2026-10-07T01:45:43Z warning: SierksmaLean/Theorems/Thm_Sierksma_FB_finite_core.lean:8:5: Variable name `hcard` is not explicitly referenced.
2026-10-07T01:45:43Z 
2026-10-07T01:45:43Z Hint: The binding can be removed (if unused) or named `_` (if used implicitly). Alternatively, prefix the name with `_` to silence this warning:
2026-10-07T01:45:43Z   [apply] _hcard
2026-10-07T01:45:43Z 
2026-10-07T01:45:43Z Note: This linter can be disabled with `set_option linter.unusedVariables false`
2026-10-07T01:45:43Z ⚠ [12381/12386] Replayed SierksmaLean.Theorems.Thm_Sierksma_finite_signed
2026-10-07T01:45:43Z warning: SierksmaLean/Theorems/Thm_Sierksma_finite_signed.lean:11:5: Variable name `hsupp` is not explicitly referenced.
2026-10-07T01:45:43Z 
2026-10-07T01:45:43Z Hint: The binding can be removed (if unused) or named `_` (if used implicitly). Alternatively, prefix the name with `_` to silence this warning:
2026-10-07T01:45:43Z   [apply] _hsupp
2026-10-07T01:45:43Z 
2026-10-07T01:45:43Z Note: This linter can be disabled with `set_option linter.unusedVariables false`
2026-10-07T01:45:43Z warning: SierksmaLean/Theorems/Thm_Sierksma_finite_signed.lean:11:45: Variable name `hy` is not explicitly referenced.
2026-10-07T01:45:43Z 
2026-10-07T01:45:43Z Hint: The binding can be removed (if unused) or named `_` (if used implicitly). Alternatively, prefix the name with `_` to silence this warning:
2026-10-07T01:45:43Z   [apply] _hy
2026-10-07T01:45:43Z 
2026-10-07T01:45:43Z Note: This linter can be disabled with `set_option linter.unusedVariables false`
2026-10-07T01:45:43Z Build completed successfully (12386 jobs).
2026-10-07T06:47:01Z Exporting #[sierksma_three_three, propext, Quot.sound, Classical.choice, Nat.add, Nat.sub, Nat.mul, Nat.pow, Nat.gcd, Nat.div, Nat.mod, Nat.beq, Nat.ble, Nat.land, Nat.lor, Nat.xor, Nat.shiftLeft, Nat.shiftRight, String.ofList, Char.ofNat, List, eagerReduce] from Solution
2026-10-07T06:47:01Z Running Lean default kernel on solution.
2026-10-07T06:47:01Z Lean default kernel accepts the solution
2026-10-07T06:47:01Z Your solution is okay!
